-- ============================================================
-- 커뮤니티 확장 더미 데이터 시드 v2
-- Supabase SQL Editor에서 한 번만 실행하세요.
-- 재실행 시 ON CONFLICT DO NOTHING으로 안전합니다.
--
-- 스케줄링: 40% 과거(~180일), 60% 미래(~180일)
-- 미래 데이터는 created_at <= now() 필터에 의해
-- 해당 날짜가 되면 자동으로 앱에 노출됩니다.
--
-- Counts: Users 100, Posts 500, Comments 750, Likes 350
--         Market 100, Town Feed 75, Reviews 125
--         Gatherings 60, Participants 200, Gathering Posts 120
--         Place Tips 50, Town Market 30
-- ============================================================

-- ────────────────────────────────────────────────
-- 0. 더미 유저 100명 (auth.users 직접 삽입)
-- ────────────────────────────────────────────────
INSERT INTO auth.users (
  id, instance_id, aud, role, email,
  encrypted_password, email_confirmed_at,
  raw_user_meta_data, created_at, updated_at
) VALUES
  ('d0000000-0000-0000-0000-000000000001', '00000000-0000-0000-0000-000000000000', 'authenticated', 'authenticated', 'seed01@dodam.app', '', now(), '{"name":"하늘맘","avatar_url":""}', now() - interval '180 days', now()),
  ('d0000000-0000-0000-0000-000000000002', '00000000-0000-0000-0000-000000000000', 'authenticated', 'authenticated', 'seed02@dodam.app', '', now(), '{"name":"별이엄마","avatar_url":""}', now() - interval '178 days', now()),
  ('d0000000-0000-0000-0000-000000000003', '00000000-0000-0000-0000-000000000000', 'authenticated', 'authenticated', 'seed03@dodam.app', '', now(), '{"name":"꽃길만걷자","avatar_url":""}', now() - interval '176 days', now()),
  ('d0000000-0000-0000-0000-000000000004', '00000000-0000-0000-0000-000000000000', 'authenticated', 'authenticated', 'seed04@dodam.app', '', now(), '{"name":"도담이맘","avatar_url":""}', now() - interval '174 days', now()),
  ('d0000000-0000-0000-0000-000000000005', '00000000-0000-0000-0000-000000000000', 'authenticated', 'authenticated', 'seed05@dodam.app', '', now(), '{"name":"초코파이맘","avatar_url":""}', now() - interval '172 days', now()),
  ('d0000000-0000-0000-0000-000000000006', '00000000-0000-0000-0000-000000000000', 'authenticated', 'authenticated', 'seed06@dodam.app', '', now(), '{"name":"러블리맘","avatar_url":""}', now() - interval '170 days', now()),
  ('d0000000-0000-0000-0000-000000000007', '00000000-0000-0000-0000-000000000000', 'authenticated', 'authenticated', 'seed07@dodam.app', '', now(), '{"name":"봄날의햇살","avatar_url":""}', now() - interval '168 days', now()),
  ('d0000000-0000-0000-0000-000000000008', '00000000-0000-0000-0000-000000000000', 'authenticated', 'authenticated', 'seed08@dodam.app', '', now(), '{"name":"콩이맘","avatar_url":""}', now() - interval '166 days', now()),
  ('d0000000-0000-0000-0000-000000000009', '00000000-0000-0000-0000-000000000000', 'authenticated', 'authenticated', 'seed09@dodam.app', '', now(), '{"name":"달빛엄마","avatar_url":""}', now() - interval '164 days', now()),
  ('d0000000-0000-0000-0000-000000000010', '00000000-0000-0000-0000-000000000000', 'authenticated', 'authenticated', 'seed10@dodam.app', '', now(), '{"name":"작은별","avatar_url":""}', now() - interval '162 days', now()),
  ('d0000000-0000-0000-0000-000000000011', '00000000-0000-0000-0000-000000000000', 'authenticated', 'authenticated', 'seed11@dodam.app', '', now(), '{"name":"포근한이불","avatar_url":""}', now() - interval '160 days', now()),
  ('d0000000-0000-0000-0000-000000000012', '00000000-0000-0000-0000-000000000000', 'authenticated', 'authenticated', 'seed12@dodam.app', '', now(), '{"name":"무지개맘","avatar_url":""}', now() - interval '158 days', now()),
  ('d0000000-0000-0000-0000-000000000013', '00000000-0000-0000-0000-000000000000', 'authenticated', 'authenticated', 'seed13@dodam.app', '', now(), '{"name":"토끼엄마","avatar_url":""}', now() - interval '156 days', now()),
  ('d0000000-0000-0000-0000-000000000014', '00000000-0000-0000-0000-000000000000', 'authenticated', 'authenticated', 'seed14@dodam.app', '', now(), '{"name":"하루하루","avatar_url":""}', now() - interval '154 days', now()),
  ('d0000000-0000-0000-0000-000000000015', '00000000-0000-0000-0000-000000000000', 'authenticated', 'authenticated', 'seed15@dodam.app', '', now(), '{"name":"사랑이네","avatar_url":""}', now() - interval '152 days', now()),
  ('d0000000-0000-0000-0000-000000000016', '00000000-0000-0000-0000-000000000000', 'authenticated', 'authenticated', 'seed16@dodam.app', '', now(), '{"name":"민들레맘","avatar_url":""}', now() - interval '150 days', now()),
  ('d0000000-0000-0000-0000-000000000017', '00000000-0000-0000-0000-000000000000', 'authenticated', 'authenticated', 'seed17@dodam.app', '', now(), '{"name":"겨울딸기","avatar_url":""}', now() - interval '148 days', now()),
  ('d0000000-0000-0000-0000-000000000018', '00000000-0000-0000-0000-000000000000', 'authenticated', 'authenticated', 'seed18@dodam.app', '', now(), '{"name":"은하수맘","avatar_url":""}', now() - interval '146 days', now()),
  ('d0000000-0000-0000-0000-000000000019', '00000000-0000-0000-0000-000000000000', 'authenticated', 'authenticated', 'seed19@dodam.app', '', now(), '{"name":"해바라기","avatar_url":""}', now() - interval '144 days', now()),
  ('d0000000-0000-0000-0000-000000000020', '00000000-0000-0000-0000-000000000000', 'authenticated', 'authenticated', 'seed20@dodam.app', '', now(), '{"name":"라떼맘","avatar_url":""}', now() - interval '142 days', now()),
  ('d0000000-0000-0000-0000-000000000021', '00000000-0000-0000-0000-000000000000', 'authenticated', 'authenticated', 'seed21@dodam.app', '', now(), '{"name":"솜사탕맘","avatar_url":""}', now() - interval '140 days', now()),
  ('d0000000-0000-0000-0000-000000000022', '00000000-0000-0000-0000-000000000000', 'authenticated', 'authenticated', 'seed22@dodam.app', '', now(), '{"name":"아기고양이","avatar_url":""}', now() - interval '138 days', now()),
  ('d0000000-0000-0000-0000-000000000023', '00000000-0000-0000-0000-000000000000', 'authenticated', 'authenticated', 'seed23@dodam.app', '', now(), '{"name":"달콤한꿈","avatar_url":""}', now() - interval '136 days', now()),
  ('d0000000-0000-0000-0000-000000000024', '00000000-0000-0000-0000-000000000000', 'authenticated', 'authenticated', 'seed24@dodam.app', '', now(), '{"name":"푸른하늘","avatar_url":""}', now() - interval '134 days', now()),
  ('d0000000-0000-0000-0000-000000000025', '00000000-0000-0000-0000-000000000000', 'authenticated', 'authenticated', 'seed25@dodam.app', '', now(), '{"name":"행복한오리","avatar_url":""}', now() - interval '132 days', now()),
  ('d0000000-0000-0000-0000-000000000026', '00000000-0000-0000-0000-000000000000', 'authenticated', 'authenticated', 'seed26@dodam.app', '', now(), '{"name":"코코아맘","avatar_url":""}', now() - interval '130 days', now()),
  ('d0000000-0000-0000-0000-000000000027', '00000000-0000-0000-0000-000000000000', 'authenticated', 'authenticated', 'seed27@dodam.app', '', now(), '{"name":"반짝이는별","avatar_url":""}', now() - interval '128 days', now()),
  ('d0000000-0000-0000-0000-000000000028', '00000000-0000-0000-0000-000000000000', 'authenticated', 'authenticated', 'seed28@dodam.app', '', now(), '{"name":"쑥쑥이맘","avatar_url":""}', now() - interval '126 days', now()),
  ('d0000000-0000-0000-0000-000000000029', '00000000-0000-0000-0000-000000000000', 'authenticated', 'authenticated', 'seed29@dodam.app', '', now(), '{"name":"체리블라썸","avatar_url":""}', now() - interval '124 days', now()),
  ('d0000000-0000-0000-0000-000000000030', '00000000-0000-0000-0000-000000000000', 'authenticated', 'authenticated', 'seed30@dodam.app', '', now(), '{"name":"꿈꾸는나무","avatar_url":""}', now() - interval '122 days', now()),
  ('d0000000-0000-0000-0000-000000000031', '00000000-0000-0000-0000-000000000000', 'authenticated', 'authenticated', 'seed31@dodam.app', '', now(), '{"name":"구름이맘","avatar_url":""}', now() - interval '120 days', now()),
  ('d0000000-0000-0000-0000-000000000032', '00000000-0000-0000-0000-000000000000', 'authenticated', 'authenticated', 'seed32@dodam.app', '', now(), '{"name":"햇살가득","avatar_url":""}', now() - interval '118 days', now()),
  ('d0000000-0000-0000-0000-000000000033', '00000000-0000-0000-0000-000000000000', 'authenticated', 'authenticated', 'seed33@dodam.app', '', now(), '{"name":"바다엄마","avatar_url":""}', now() - interval '116 days', now()),
  ('d0000000-0000-0000-0000-000000000034', '00000000-0000-0000-0000-000000000000', 'authenticated', 'authenticated', 'seed34@dodam.app', '', now(), '{"name":"초록잎새","avatar_url":""}', now() - interval '114 days', now()),
  ('d0000000-0000-0000-0000-000000000035', '00000000-0000-0000-0000-000000000000', 'authenticated', 'authenticated', 'seed35@dodam.app', '', now(), '{"name":"딸기우유맘","avatar_url":""}', now() - interval '112 days', now()),
  ('d0000000-0000-0000-0000-000000000036', '00000000-0000-0000-0000-000000000000', 'authenticated', 'authenticated', 'seed36@dodam.app', '', now(), '{"name":"눈꽃맘","avatar_url":""}', now() - interval '110 days', now()),
  ('d0000000-0000-0000-0000-000000000037', '00000000-0000-0000-0000-000000000000', 'authenticated', 'authenticated', 'seed37@dodam.app', '', now(), '{"name":"보름달맘","avatar_url":""}', now() - interval '108 days', now()),
  ('d0000000-0000-0000-0000-000000000038', '00000000-0000-0000-0000-000000000000', 'authenticated', 'authenticated', 'seed38@dodam.app', '', now(), '{"name":"아침이슬","avatar_url":""}', now() - interval '106 days', now()),
  ('d0000000-0000-0000-0000-000000000039', '00000000-0000-0000-0000-000000000000', 'authenticated', 'authenticated', 'seed39@dodam.app', '', now(), '{"name":"튤립엄마","avatar_url":""}', now() - interval '104 days', now()),
  ('d0000000-0000-0000-0000-000000000040', '00000000-0000-0000-0000-000000000000', 'authenticated', 'authenticated', 'seed40@dodam.app', '', now(), '{"name":"미소천사","avatar_url":""}', now() - interval '102 days', now()),
  ('d0000000-0000-0000-0000-000000000041', '00000000-0000-0000-0000-000000000000', 'authenticated', 'authenticated', 'seed41@dodam.app', '', now(), '{"name":"단풍맘","avatar_url":""}', now() - interval '100 days', now()),
  ('d0000000-0000-0000-0000-000000000042', '00000000-0000-0000-0000-000000000000', 'authenticated', 'authenticated', 'seed42@dodam.app', '', now(), '{"name":"꿀벌엄마","avatar_url":""}', now() - interval '98 days', now()),
  ('d0000000-0000-0000-0000-000000000043', '00000000-0000-0000-0000-000000000000', 'authenticated', 'authenticated', 'seed43@dodam.app', '', now(), '{"name":"은방울맘","avatar_url":""}', now() - interval '96 days', now()),
  ('d0000000-0000-0000-0000-000000000044', '00000000-0000-0000-0000-000000000000', 'authenticated', 'authenticated', 'seed44@dodam.app', '', now(), '{"name":"파랑새맘","avatar_url":""}', now() - interval '94 days', now()),
  ('d0000000-0000-0000-0000-000000000045', '00000000-0000-0000-0000-000000000000', 'authenticated', 'authenticated', 'seed45@dodam.app', '', now(), '{"name":"장미엄마","avatar_url":""}', now() - interval '92 days', now()),
  ('d0000000-0000-0000-0000-000000000046', '00000000-0000-0000-0000-000000000000', 'authenticated', 'authenticated', 'seed46@dodam.app', '', now(), '{"name":"별빛맘","avatar_url":""}', now() - interval '90 days', now()),
  ('d0000000-0000-0000-0000-000000000047', '00000000-0000-0000-0000-000000000000', 'authenticated', 'authenticated', 'seed47@dodam.app', '', now(), '{"name":"나비엄마","avatar_url":""}', now() - interval '88 days', now()),
  ('d0000000-0000-0000-0000-000000000048', '00000000-0000-0000-0000-000000000000', 'authenticated', 'authenticated', 'seed48@dodam.app', '', now(), '{"name":"달팽이맘","avatar_url":""}', now() - interval '86 days', now()),
  ('d0000000-0000-0000-0000-000000000049', '00000000-0000-0000-0000-000000000000', 'authenticated', 'authenticated', 'seed49@dodam.app', '', now(), '{"name":"수박씨맘","avatar_url":""}', now() - interval '84 days', now()),
  ('d0000000-0000-0000-0000-000000000050', '00000000-0000-0000-0000-000000000000', 'authenticated', 'authenticated', 'seed50@dodam.app', '', now(), '{"name":"찬바람맘","avatar_url":""}', now() - interval '82 days', now())
ON CONFLICT (id) DO NOTHING;

INSERT INTO auth.users (
  id, instance_id, aud, role, email,
  encrypted_password, email_confirmed_at,
  raw_user_meta_data, created_at, updated_at
) VALUES
  ('d0000000-0000-0000-0000-000000000051', '00000000-0000-0000-0000-000000000000', 'authenticated', 'authenticated', 'seed51@dodam.app', '', now(), '{"name":"새벽별맘","avatar_url":""}', now() - interval '80 days', now()),
  ('d0000000-0000-0000-0000-000000000052', '00000000-0000-0000-0000-000000000000', 'authenticated', 'authenticated', 'seed52@dodam.app', '', now(), '{"name":"오렌지맘","avatar_url":""}', now() - interval '78 days', now()),
  ('d0000000-0000-0000-0000-000000000053', '00000000-0000-0000-0000-000000000000', 'authenticated', 'authenticated', 'seed53@dodam.app', '', now(), '{"name":"연꽃엄마","avatar_url":""}', now() - interval '76 days', now()),
  ('d0000000-0000-0000-0000-000000000054', '00000000-0000-0000-0000-000000000000', 'authenticated', 'authenticated', 'seed54@dodam.app', '', now(), '{"name":"코끼리맘","avatar_url":""}', now() - interval '74 days', now()),
  ('d0000000-0000-0000-0000-000000000055', '00000000-0000-0000-0000-000000000000', 'authenticated', 'authenticated', 'seed55@dodam.app', '', now(), '{"name":"풍선맘","avatar_url":""}', now() - interval '72 days', now()),
  ('d0000000-0000-0000-0000-000000000056', '00000000-0000-0000-0000-000000000000', 'authenticated', 'authenticated', 'seed56@dodam.app', '', now(), '{"name":"호두과자맘","avatar_url":""}', now() - interval '70 days', now()),
  ('d0000000-0000-0000-0000-000000000057', '00000000-0000-0000-0000-000000000000', 'authenticated', 'authenticated', 'seed57@dodam.app', '', now(), '{"name":"바람꽃맘","avatar_url":""}', now() - interval '68 days', now()),
  ('d0000000-0000-0000-0000-000000000058', '00000000-0000-0000-0000-000000000000', 'authenticated', 'authenticated', 'seed58@dodam.app', '', now(), '{"name":"젤리엄마","avatar_url":""}', now() - interval '66 days', now()),
  ('d0000000-0000-0000-0000-000000000059', '00000000-0000-0000-0000-000000000000', 'authenticated', 'authenticated', 'seed59@dodam.app', '', now(), '{"name":"달콤이맘","avatar_url":""}', now() - interval '64 days', now()),
  ('d0000000-0000-0000-0000-000000000060', '00000000-0000-0000-0000-000000000000', 'authenticated', 'authenticated', 'seed60@dodam.app', '', now(), '{"name":"씩씩이맘","avatar_url":""}', now() - interval '62 days', now()),
  ('d0000000-0000-0000-0000-000000000061', '00000000-0000-0000-0000-000000000000', 'authenticated', 'authenticated', 'seed61@dodam.app', '', now(), '{"name":"뚝딱이맘","avatar_url":""}', now() - interval '60 days', now()),
  ('d0000000-0000-0000-0000-000000000062', '00000000-0000-0000-0000-000000000000', 'authenticated', 'authenticated', 'seed62@dodam.app', '', now(), '{"name":"뽀뽀맘","avatar_url":""}', now() - interval '58 days', now()),
  ('d0000000-0000-0000-0000-000000000063', '00000000-0000-0000-0000-000000000000', 'authenticated', 'authenticated', 'seed63@dodam.app', '', now(), '{"name":"아기곰맘","avatar_url":""}', now() - interval '56 days', now()),
  ('d0000000-0000-0000-0000-000000000064', '00000000-0000-0000-0000-000000000000', 'authenticated', 'authenticated', 'seed64@dodam.app', '', now(), '{"name":"참새엄마","avatar_url":""}', now() - interval '54 days', now()),
  ('d0000000-0000-0000-0000-000000000065', '00000000-0000-0000-0000-000000000000', 'authenticated', 'authenticated', 'seed65@dodam.app', '', now(), '{"name":"노을맘","avatar_url":""}', now() - interval '52 days', now()),
  ('d0000000-0000-0000-0000-000000000066', '00000000-0000-0000-0000-000000000000', 'authenticated', 'authenticated', 'seed66@dodam.app', '', now(), '{"name":"진주엄마","avatar_url":""}', now() - interval '50 days', now()),
  ('d0000000-0000-0000-0000-000000000067', '00000000-0000-0000-0000-000000000000', 'authenticated', 'authenticated', 'seed67@dodam.app', '', now(), '{"name":"다람쥐맘","avatar_url":""}', now() - interval '48 days', now()),
  ('d0000000-0000-0000-0000-000000000068', '00000000-0000-0000-0000-000000000000', 'authenticated', 'authenticated', 'seed68@dodam.app', '', now(), '{"name":"목련엄마","avatar_url":""}', now() - interval '46 days', now()),
  ('d0000000-0000-0000-0000-000000000069', '00000000-0000-0000-0000-000000000000', 'authenticated', 'authenticated', 'seed69@dodam.app', '', now(), '{"name":"빵빵이맘","avatar_url":""}', now() - interval '44 days', now()),
  ('d0000000-0000-0000-0000-000000000070', '00000000-0000-0000-0000-000000000000', 'authenticated', 'authenticated', 'seed70@dodam.app', '', now(), '{"name":"솔방울맘","avatar_url":""}', now() - interval '42 days', now()),
  ('d0000000-0000-0000-0000-000000000071', '00000000-0000-0000-0000-000000000000', 'authenticated', 'authenticated', 'seed71@dodam.app', '', now(), '{"name":"카라멜맘","avatar_url":""}', now() - interval '40 days', now()),
  ('d0000000-0000-0000-0000-000000000072', '00000000-0000-0000-0000-000000000000', 'authenticated', 'authenticated', 'seed72@dodam.app', '', now(), '{"name":"햇빛맘","avatar_url":""}', now() - interval '38 days', now()),
  ('d0000000-0000-0000-0000-000000000073', '00000000-0000-0000-0000-000000000000', 'authenticated', 'authenticated', 'seed73@dodam.app', '', now(), '{"name":"요정엄마","avatar_url":""}', now() - interval '36 days', now()),
  ('d0000000-0000-0000-0000-000000000074', '00000000-0000-0000-0000-000000000000', 'authenticated', 'authenticated', 'seed74@dodam.app', '', now(), '{"name":"도토리맘","avatar_url":""}', now() - interval '34 days', now()),
  ('d0000000-0000-0000-0000-000000000075', '00000000-0000-0000-0000-000000000000', 'authenticated', 'authenticated', 'seed75@dodam.app', '', now(), '{"name":"라벤더맘","avatar_url":""}', now() - interval '32 days', now()),
  ('d0000000-0000-0000-0000-000000000076', '00000000-0000-0000-0000-000000000000', 'authenticated', 'authenticated', 'seed76@dodam.app', '', now(), '{"name":"물방울맘","avatar_url":""}', now() - interval '30 days', now()),
  ('d0000000-0000-0000-0000-000000000077', '00000000-0000-0000-0000-000000000000', 'authenticated', 'authenticated', 'seed77@dodam.app', '', now(), '{"name":"사탕맘","avatar_url":""}', now() - interval '28 days', now()),
  ('d0000000-0000-0000-0000-000000000078', '00000000-0000-0000-0000-000000000000', 'authenticated', 'authenticated', 'seed78@dodam.app', '', now(), '{"name":"국화엄마","avatar_url":""}', now() - interval '26 days', now()),
  ('d0000000-0000-0000-0000-000000000079', '00000000-0000-0000-0000-000000000000', 'authenticated', 'authenticated', 'seed79@dodam.app', '', now(), '{"name":"호박맘","avatar_url":""}', now() - interval '24 days', now()),
  ('d0000000-0000-0000-0000-000000000080', '00000000-0000-0000-0000-000000000000', 'authenticated', 'authenticated', 'seed80@dodam.app', '', now(), '{"name":"소나기맘","avatar_url":""}', now() - interval '22 days', now()),
  ('d0000000-0000-0000-0000-000000000081', '00000000-0000-0000-0000-000000000000', 'authenticated', 'authenticated', 'seed81@dodam.app', '', now(), '{"name":"강아지맘","avatar_url":""}', now() - interval '20 days', now()),
  ('d0000000-0000-0000-0000-000000000082', '00000000-0000-0000-0000-000000000000', 'authenticated', 'authenticated', 'seed82@dodam.app', '', now(), '{"name":"체리맘","avatar_url":""}', now() - interval '18 days', now()),
  ('d0000000-0000-0000-0000-000000000083', '00000000-0000-0000-0000-000000000000', 'authenticated', 'authenticated', 'seed83@dodam.app', '', now(), '{"name":"단호박맘","avatar_url":""}', now() - interval '16 days', now()),
  ('d0000000-0000-0000-0000-000000000084', '00000000-0000-0000-0000-000000000000', 'authenticated', 'authenticated', 'seed84@dodam.app', '', now(), '{"name":"붕어빵맘","avatar_url":""}', now() - interval '14 days', now()),
  ('d0000000-0000-0000-0000-000000000085', '00000000-0000-0000-0000-000000000000', 'authenticated', 'authenticated', 'seed85@dodam.app', '', now(), '{"name":"쿠키맘","avatar_url":""}', now() - interval '12 days', now()),
  ('d0000000-0000-0000-0000-000000000086', '00000000-0000-0000-0000-000000000000', 'authenticated', 'authenticated', 'seed86@dodam.app', '', now(), '{"name":"감자맘","avatar_url":""}', now() - interval '10 days', now()),
  ('d0000000-0000-0000-0000-000000000087', '00000000-0000-0000-0000-000000000000', 'authenticated', 'authenticated', 'seed87@dodam.app', '', now(), '{"name":"매화엄마","avatar_url":""}', now() - interval '8 days', now()),
  ('d0000000-0000-0000-0000-000000000088', '00000000-0000-0000-0000-000000000000', 'authenticated', 'authenticated', 'seed88@dodam.app', '', now(), '{"name":"아몬드맘","avatar_url":""}', now() - interval '6 days', now()),
  ('d0000000-0000-0000-0000-000000000089', '00000000-0000-0000-0000-000000000000', 'authenticated', 'authenticated', 'seed89@dodam.app', '', now(), '{"name":"포도맘","avatar_url":""}', now() - interval '4 days', now()),
  ('d0000000-0000-0000-0000-000000000090', '00000000-0000-0000-0000-000000000000', 'authenticated', 'authenticated', 'seed90@dodam.app', '', now(), '{"name":"피아노맘","avatar_url":""}', now() - interval '2 days', now()),
  ('d0000000-0000-0000-0000-000000000091', '00000000-0000-0000-0000-000000000000', 'authenticated', 'authenticated', 'seed91@dodam.app', '', now(), '{"name":"클로버맘","avatar_url":""}', now() - interval '4 days', now()),
  ('d0000000-0000-0000-0000-000000000092', '00000000-0000-0000-0000-000000000000', 'authenticated', 'authenticated', 'seed92@dodam.app', '', now(), '{"name":"마카롱맘","avatar_url":""}', now() - interval '6 days', now()),
  ('d0000000-0000-0000-0000-000000000093', '00000000-0000-0000-0000-000000000000', 'authenticated', 'authenticated', 'seed93@dodam.app', '', now(), '{"name":"분홍이맘","avatar_url":""}', now() - interval '14 days', now()),
  ('d0000000-0000-0000-0000-000000000094', '00000000-0000-0000-0000-000000000000', 'authenticated', 'authenticated', 'seed94@dodam.app', '', now(), '{"name":"옥수수맘","avatar_url":""}', now() - interval '13 days', now()),
  ('d0000000-0000-0000-0000-000000000095', '00000000-0000-0000-0000-000000000000', 'authenticated', 'authenticated', 'seed95@dodam.app', '', now(), '{"name":"살구맘","avatar_url":""}', now() - interval '15 days', now()),
  ('d0000000-0000-0000-0000-000000000096', '00000000-0000-0000-0000-000000000000', 'authenticated', 'authenticated', 'seed96@dodam.app', '', now(), '{"name":"코스모스맘","avatar_url":""}', now() - interval '18 days', now()),
  ('d0000000-0000-0000-0000-000000000097', '00000000-0000-0000-0000-000000000000', 'authenticated', 'authenticated', 'seed97@dodam.app', '', now(), '{"name":"캐모마일맘","avatar_url":""}', now() - interval '1 days', now()),
  ('d0000000-0000-0000-0000-000000000098', '00000000-0000-0000-0000-000000000000', 'authenticated', 'authenticated', 'seed98@dodam.app', '', now(), '{"name":"자스민맘","avatar_url":""}', now() - interval '4 days', now()),
  ('d0000000-0000-0000-0000-000000000099', '00000000-0000-0000-0000-000000000000', 'authenticated', 'authenticated', 'seed99@dodam.app', '', now(), '{"name":"샤인머스캣맘","avatar_url":""}', now() - interval '18 days', now()),
  ('d0000000-0000-0000-0000-000000000100', '00000000-0000-0000-0000-000000000000', 'authenticated', 'authenticated', 'seed100@dodam.app', '', now(), '{"name":"블루베리맘","avatar_url":""}', now() - interval '25 days', now())
ON CONFLICT (id) DO NOTHING;

-- identities (GoTrue 내부 참조)
INSERT INTO auth.identities (id, user_id, provider_id, provider, identity_data, last_sign_in_at, created_at, updated_at)
SELECT id, id, email, 'email', raw_user_meta_data, now(), created_at, now()
FROM auth.users WHERE email LIKE 'seed%@dodam.app'
ON CONFLICT DO NOTHING;

-- user_profiles (커뮤니티 표시용)
INSERT INTO user_profiles (user_id, mode) VALUES
  ('d0000000-0000-0000-0000-000000000001', 'pregnant'),
  ('d0000000-0000-0000-0000-000000000002', 'parenting'),
  ('d0000000-0000-0000-0000-000000000003', 'parenting'),
  ('d0000000-0000-0000-0000-000000000004', 'parenting'),
  ('d0000000-0000-0000-0000-000000000005', 'pregnant'),
  ('d0000000-0000-0000-0000-000000000006', 'pregnant'),
  ('d0000000-0000-0000-0000-000000000007', 'preparing'),
  ('d0000000-0000-0000-0000-000000000008', 'parenting'),
  ('d0000000-0000-0000-0000-000000000009', 'parenting'),
  ('d0000000-0000-0000-0000-000000000010', 'parenting'),
  ('d0000000-0000-0000-0000-000000000011', 'parenting'),
  ('d0000000-0000-0000-0000-000000000012', 'pregnant'),
  ('d0000000-0000-0000-0000-000000000013', 'parenting'),
  ('d0000000-0000-0000-0000-000000000014', 'parenting'),
  ('d0000000-0000-0000-0000-000000000015', 'pregnant'),
  ('d0000000-0000-0000-0000-000000000016', 'pregnant'),
  ('d0000000-0000-0000-0000-000000000017', 'parenting'),
  ('d0000000-0000-0000-0000-000000000018', 'pregnant'),
  ('d0000000-0000-0000-0000-000000000019', 'pregnant'),
  ('d0000000-0000-0000-0000-000000000020', 'parenting'),
  ('d0000000-0000-0000-0000-000000000021', 'pregnant'),
  ('d0000000-0000-0000-0000-000000000022', 'pregnant'),
  ('d0000000-0000-0000-0000-000000000023', 'parenting'),
  ('d0000000-0000-0000-0000-000000000024', 'parenting'),
  ('d0000000-0000-0000-0000-000000000025', 'preparing'),
  ('d0000000-0000-0000-0000-000000000026', 'parenting'),
  ('d0000000-0000-0000-0000-000000000027', 'parenting'),
  ('d0000000-0000-0000-0000-000000000028', 'parenting'),
  ('d0000000-0000-0000-0000-000000000029', 'pregnant'),
  ('d0000000-0000-0000-0000-000000000030', 'pregnant'),
  ('d0000000-0000-0000-0000-000000000031', 'pregnant'),
  ('d0000000-0000-0000-0000-000000000032', 'pregnant'),
  ('d0000000-0000-0000-0000-000000000033', 'pregnant'),
  ('d0000000-0000-0000-0000-000000000034', 'preparing'),
  ('d0000000-0000-0000-0000-000000000035', 'parenting'),
  ('d0000000-0000-0000-0000-000000000036', 'pregnant'),
  ('d0000000-0000-0000-0000-000000000037', 'pregnant'),
  ('d0000000-0000-0000-0000-000000000038', 'pregnant'),
  ('d0000000-0000-0000-0000-000000000039', 'preparing'),
  ('d0000000-0000-0000-0000-000000000040', 'pregnant'),
  ('d0000000-0000-0000-0000-000000000041', 'pregnant'),
  ('d0000000-0000-0000-0000-000000000042', 'parenting'),
  ('d0000000-0000-0000-0000-000000000043', 'parenting'),
  ('d0000000-0000-0000-0000-000000000044', 'parenting'),
  ('d0000000-0000-0000-0000-000000000045', 'parenting'),
  ('d0000000-0000-0000-0000-000000000046', 'parenting'),
  ('d0000000-0000-0000-0000-000000000047', 'parenting'),
  ('d0000000-0000-0000-0000-000000000048', 'parenting'),
  ('d0000000-0000-0000-0000-000000000049', 'pregnant'),
  ('d0000000-0000-0000-0000-000000000050', 'parenting')
ON CONFLICT (user_id) DO NOTHING;

INSERT INTO user_profiles (user_id, mode) VALUES
  ('d0000000-0000-0000-0000-000000000051', 'parenting'),
  ('d0000000-0000-0000-0000-000000000052', 'parenting'),
  ('d0000000-0000-0000-0000-000000000053', 'parenting'),
  ('d0000000-0000-0000-0000-000000000054', 'preparing'),
  ('d0000000-0000-0000-0000-000000000055', 'pregnant'),
  ('d0000000-0000-0000-0000-000000000056', 'pregnant'),
  ('d0000000-0000-0000-0000-000000000057', 'parenting'),
  ('d0000000-0000-0000-0000-000000000058', 'pregnant'),
  ('d0000000-0000-0000-0000-000000000059', 'parenting'),
  ('d0000000-0000-0000-0000-000000000060', 'parenting'),
  ('d0000000-0000-0000-0000-000000000061', 'preparing'),
  ('d0000000-0000-0000-0000-000000000062', 'pregnant'),
  ('d0000000-0000-0000-0000-000000000063', 'pregnant'),
  ('d0000000-0000-0000-0000-000000000064', 'pregnant'),
  ('d0000000-0000-0000-0000-000000000065', 'pregnant'),
  ('d0000000-0000-0000-0000-000000000066', 'pregnant'),
  ('d0000000-0000-0000-0000-000000000067', 'parenting'),
  ('d0000000-0000-0000-0000-000000000068', 'parenting'),
  ('d0000000-0000-0000-0000-000000000069', 'parenting'),
  ('d0000000-0000-0000-0000-000000000070', 'parenting'),
  ('d0000000-0000-0000-0000-000000000071', 'parenting'),
  ('d0000000-0000-0000-0000-000000000072', 'preparing'),
  ('d0000000-0000-0000-0000-000000000073', 'preparing'),
  ('d0000000-0000-0000-0000-000000000074', 'parenting'),
  ('d0000000-0000-0000-0000-000000000075', 'pregnant'),
  ('d0000000-0000-0000-0000-000000000076', 'parenting'),
  ('d0000000-0000-0000-0000-000000000077', 'preparing'),
  ('d0000000-0000-0000-0000-000000000078', 'parenting'),
  ('d0000000-0000-0000-0000-000000000079', 'parenting'),
  ('d0000000-0000-0000-0000-000000000080', 'parenting'),
  ('d0000000-0000-0000-0000-000000000081', 'pregnant'),
  ('d0000000-0000-0000-0000-000000000082', 'parenting'),
  ('d0000000-0000-0000-0000-000000000083', 'pregnant'),
  ('d0000000-0000-0000-0000-000000000084', 'preparing'),
  ('d0000000-0000-0000-0000-000000000085', 'parenting'),
  ('d0000000-0000-0000-0000-000000000086', 'parenting'),
  ('d0000000-0000-0000-0000-000000000087', 'preparing'),
  ('d0000000-0000-0000-0000-000000000088', 'pregnant'),
  ('d0000000-0000-0000-0000-000000000089', 'parenting'),
  ('d0000000-0000-0000-0000-000000000090', 'parenting'),
  ('d0000000-0000-0000-0000-000000000091', 'parenting'),
  ('d0000000-0000-0000-0000-000000000092', 'pregnant'),
  ('d0000000-0000-0000-0000-000000000093', 'pregnant'),
  ('d0000000-0000-0000-0000-000000000094', 'parenting'),
  ('d0000000-0000-0000-0000-000000000095', 'pregnant'),
  ('d0000000-0000-0000-0000-000000000096', 'preparing'),
  ('d0000000-0000-0000-0000-000000000097', 'pregnant'),
  ('d0000000-0000-0000-0000-000000000098', 'pregnant'),
  ('d0000000-0000-0000-0000-000000000099', 'pregnant'),
  ('d0000000-0000-0000-0000-000000000100', 'pregnant')
ON CONFLICT (user_id) DO NOTHING;


-- ────────────────────────────────────────────────
-- 1. 커뮤니티 게시글 (posts) — 500개
-- ────────────────────────────────────────────────
INSERT INTO posts (id, user_id, board_type, board_key, content, like_count, comment_count, created_at) VALUES
  ('a0000000-0000-0000-0000-000000000001', 'd0000000-0000-0000-0000-000000000015', 'general', NULL, '아기가 분유병을 혼자 잡고 먹어요! 독립심이 자라나는 건가요? ㅋㅋ 뿌듯하면서 쓸쓸 ㅎ', 13, 15, now() - interval '68 days'),
  ('a0000000-0000-0000-0000-000000000002', 'd0000000-0000-0000-0000-000000000098', 'general', NULL, '아기가 분유병을 혼자 잡고 먹어요! 독립심이 자라나는 건가요? ㅋㅋ 뿌듯하면서 쓸쓸 ㅎ', 61, 4, now() + interval '77 days'),
  ('a0000000-0000-0000-0000-000000000003', 'd0000000-0000-0000-0000-000000000078', 'general', NULL, '오늘 아기가 처음으로 "엄마"라고 했어요 🥺 진짜 눈물이 핑 돌더라구요... 6개월 동안 매일 엄마 엄마 하면서 말 걸었는데 드디어...! 이 감동을 어디에 말해야 할지 몰라서 여기 왔어요. 다들 첫 단어가 뭐였어요?', 26, 6, now() + interval '136 days'),
  ('a0000000-0000-0000-0000-000000000004', 'd0000000-0000-0000-0000-000000000077', 'general', NULL, '산후우울증인지 모르겠는데 요즘 이유 없이 울컥해요. 저만 이런 건가요? 🥲', 4, 4, now() + interval '79 days'),
  ('a0000000-0000-0000-0000-000000000005', 'd0000000-0000-0000-0000-000000000008', 'general', NULL, '수면교육 3일차... 15분 울고 잠들었어요. 엄마 마음이 더 아프지만 꾹 참았어요 ㅠㅠ 성공한 맘들 응원 부탁드려요.', 39, 3, now() - interval '125 days'),
  ('a0000000-0000-0000-0000-000000000006', 'd0000000-0000-0000-0000-000000000098', 'birth_month', '2025-10', '2025-10생 아기 "맘마" "빠빠" 말해요! 돌 전에 말 시작하니 대화가 되는 느낌? ㅋㅋ', 11, 5, now() + interval '141 days'),
  ('a0000000-0000-0000-0000-000000000007', 'd0000000-0000-0000-0000-000000000068', 'qna', NULL, '분유에서 우유로 전환 시기가 언제인가요? 돌 지나면 바로 바꿔도 되는 건가요? 🥛', 30, 7, now() + interval '177 days'),
  ('a0000000-0000-0000-0000-000000000008', 'd0000000-0000-0000-0000-000000000092', 'general', NULL, '아기가 책 넘기는 소리를 좋아해서 매일 30권은 넘기는 것 같아요. 내용은 안 보고 넘기기만 ㅋㅋ', 45, 21, now() - interval '133 days'),
  ('a0000000-0000-0000-0000-000000000009', 'd0000000-0000-0000-0000-000000000016', 'general', NULL, '아기한테 매일 "사랑해" 하는데 오늘 처음으로 "사아해~" 하고 따라 했어요 ㅠㅠ 세상에서 제일 행복한 사람은 저예요!!!', 7, 11, now() - interval '142 days'),
  ('a0000000-0000-0000-0000-000000000010', 'd0000000-0000-0000-0000-000000000076', 'general', NULL, '남편이 아기 돌보겠다고 해서 혼자 카페 왔어요. 커피 한 잔의 여유가 이렇게 소중한 줄 몰랐네요 ☕ 그런데 10분마다 사진 보내달래요 ㅋㅋ', 7, 21, now() - interval '18 days'),
  ('a0000000-0000-0000-0000-000000000011', 'd0000000-0000-0000-0000-000000000043', 'general', NULL, '첫째 재우고 둘째 먹이고... 투맘의 하루는 정신없지만 둘 다 잠든 밤이 제일 평화로워요 🌟', 18, 9, now() + interval '55 days'),
  ('a0000000-0000-0000-0000-000000000012', 'd0000000-0000-0000-0000-000000000017', 'region', NULL, '청주 아기띠 체험 가능한 매장 아시나요? 직접 메보고 사고 싶어요.', 59, 19, now() + interval '63 days'),
  ('a0000000-0000-0000-0000-000000000013', 'd0000000-0000-0000-0000-000000000025', 'general', NULL, '밤에 아기 재우고 남편이랑 같이 아기 사진 보면서 귀엽다고 난리치는 시간이 좋아요 ㅋㅋ', 45, 14, now() - interval '106 days'),
  ('a0000000-0000-0000-0000-000000000014', 'd0000000-0000-0000-0000-000000000094', 'general', NULL, '아기가 짝짜꿍 배웠어요! 손뼉 치면서 자기가 더 신나하네요 ㅋㅋ 세상 귀여워', 44, 21, now() - interval '104 days'),
  ('a0000000-0000-0000-0000-000000000015', 'd0000000-0000-0000-0000-000000000014', 'general', NULL, '아기 어린이집 첫 등원 했어요. 문 앞에서 울면서 들어갔는데 데리러 갔더니 까르르 웃으면서 놀고 있어요 🥺', 15, 18, now() + interval '109 days'),
  ('a0000000-0000-0000-0000-000000000016', 'd0000000-0000-0000-0000-000000000036', 'birth_month', '2025-09', '2025-09생 아기 이유식 잘 먹나요? 우리 애는 감자 좋아하는데 당근은 뱉어요 ㅋㅋ 편식 시작인가요?', 58, 3, now() + interval '141 days'),
  ('a0000000-0000-0000-0000-000000000017', 'd0000000-0000-0000-0000-000000000084', 'qna', NULL, '아기 낮잠을 거부해요 ㅠ 눈은 졸린데 안 자려고 버텨요. 낮잠 잘 재우는 팁?', 56, 1, now() + interval '61 days'),
  ('a0000000-0000-0000-0000-000000000018', 'd0000000-0000-0000-0000-000000000053', 'birth_month', '2026-02', '2026-02생 맘 여기 모여요~! 우리 아기들 다들 잘 자라고 있죠? 요즘 뭐가 달라졌는지 공유해요! 😊', 16, 13, now() + interval '43 days'),
  ('a0000000-0000-0000-0000-000000000019', 'd0000000-0000-0000-0000-000000000050', 'general', NULL, '아기랑 첫 놀이동산! 회전목마 탔는데 표정이 멍... ㅋㅋ 좋은 건지 무서운 건지 모르겠어요 🎠', 53, 15, now() - interval '179 days'),
  ('a0000000-0000-0000-0000-000000000020', 'd0000000-0000-0000-0000-000000000020', 'general', NULL, '소아과 가서 성장 체크했는데 백분위 75% 나왔어요! 처음에 작게 태어나서 걱정했는데 쑥쑥 크고 있네요 💪', 16, 2, now() + interval '139 days'),
  ('a0000000-0000-0000-0000-000000000021', 'd0000000-0000-0000-0000-000000000096', 'general', NULL, '아기 첫 이빨 났어요!! 아래 앞니 두 개가 동시에! 칫솔질 어떻게 해야 하는지 아시는 맘?', 6, 19, now() + interval '136 days'),
  ('a0000000-0000-0000-0000-000000000022', 'd0000000-0000-0000-0000-000000000008', 'qna', NULL, '수유쿠션 필요한가요? 없이도 되는 건지... 어떤 브랜드가 좋아요?', 8, 6, now() - interval '18 days'),
  ('a0000000-0000-0000-0000-000000000023', 'd0000000-0000-0000-0000-000000000031', 'birth_month', '2025-08', '2025-08생 아기 예방접종 잘 마쳤어요! 열 없이 지나가서 다행 😌', 63, 19, now() - interval '153 days'),
  ('a0000000-0000-0000-0000-000000000024', 'd0000000-0000-0000-0000-000000000011', 'birth_month', '2025-11', '2025-11생 아기 숟가락 혼자 잡아요! 반은 흘리지만 스스로 하려는 모습이 대견해요 💕', 40, 19, now() + interval '67 days'),
  ('a0000000-0000-0000-0000-000000000025', 'd0000000-0000-0000-0000-000000000092', 'general', NULL, '오늘 처음으로 아기가 고개를 돌려서 저를 찾았어요. "엄마 어디?" 하는 표정에 심장 녹았습니다 ❤️', 19, 13, now() - interval '166 days'),
  ('a0000000-0000-0000-0000-000000000026', 'd0000000-0000-0000-0000-000000000059', 'general', NULL, '친정엄마가 미역국 끓여오셨는데 울면서 먹었어요. 출산 후 처음으로 엄마의 마음을 이해했어요 💕', 51, 3, now() - interval '160 days'),
  ('a0000000-0000-0000-0000-000000000027', 'd0000000-0000-0000-0000-000000000010', 'birth_month', '2025-09', '2025-09생 아기 50일 됐어요! 방긋 웃기 시작했는데 세상 예뻐요. 사진 100장은 찍은 듯 ㅋㅋ', 35, 9, now() - interval '90 days'),
  ('a0000000-0000-0000-0000-000000000028', 'd0000000-0000-0000-0000-000000000048', 'general', NULL, '아기 100일 기념으로 가족사진 찍었는데 완성본 보고 눈물 났어요. 우리가 가족이 됐구나... 🥹', 31, 18, now() + interval '157 days'),
  ('a0000000-0000-0000-0000-000000000029', 'd0000000-0000-0000-0000-000000000002', 'region', NULL, '광주 키즈카페 추천! 넓고 깨끗하고 부모 쉴 공간도 있어요. 커피도 맛있고 ㅎㅎ', 38, 10, now() + interval '27 days'),
  ('a0000000-0000-0000-0000-000000000030', 'd0000000-0000-0000-0000-000000000015', 'qna', NULL, '아기 이가 나려고 하는지 침을 엄청 흘려요. 치발기 추천해주세요!', 50, 18, now() - interval '73 days'),
  ('a0000000-0000-0000-0000-000000000031', 'd0000000-0000-0000-0000-000000000027', 'region', NULL, '김해 맘들 어디서 만나세요? 육아 수다 떨 친구가 필요해요 ㅋㅋ', 16, 22, now() + interval '68 days'),
  ('a0000000-0000-0000-0000-000000000032', 'd0000000-0000-0000-0000-000000000033', 'qna', NULL, '아기가 밤에 열이 나요. 몇 도 이상이면 응급실 가야 하나요? 불안해요 😰', 57, 2, now() - interval '109 days'),
  ('a0000000-0000-0000-0000-000000000033', 'd0000000-0000-0000-0000-000000000036', 'general', NULL, '아기 첫 이빨 났어요!! 아래 앞니 두 개가 동시에! 칫솔질 어떻게 해야 하는지 아시는 맘?', 24, 5, now() + interval '68 days'),
  ('a0000000-0000-0000-0000-000000000034', 'd0000000-0000-0000-0000-000000000095', 'birth_month', '2025-09', '2025-09생 맘들 체중 궁금해요! 우리 9.5kg인데 먹는 양에 비해 안 느는 것 같아서요.', 48, 14, now() + interval '29 days'),
  ('a0000000-0000-0000-0000-000000000035', 'd0000000-0000-0000-0000-000000000020', 'birth_month', '2026-02', '2026-02생 아기 첫 걸음마 시작! 불안불안하게 3걸음 걸었어요. 넘어질 때마다 가슴이 철렁!', 56, 12, now() + interval '38 days'),
  ('a0000000-0000-0000-0000-000000000036', 'd0000000-0000-0000-0000-000000000006', 'general', NULL, '입덧 끝나니 세상이 달라 보여요! 3개월 동안 물만 먹었는데 오늘 치킨 먹었어요 🍗', 60, 2, now() + interval '54 days'),
  ('a0000000-0000-0000-0000-000000000037', 'd0000000-0000-0000-0000-000000000086', 'general', NULL, '엄마 몸이 많이 힘든데 아기 웃음 소리 들으면 충전 100% 돼요. 이 감정이 모성인가 봐요 💪', 52, 18, now() + interval '105 days'),
  ('a0000000-0000-0000-0000-000000000038', 'd0000000-0000-0000-0000-000000000031', 'qna', NULL, '아기 낮잠을 거부해요 ㅠ 눈은 졸린데 안 자려고 버텨요. 낮잠 잘 재우는 팁?', 65, 6, now() + interval '7 days'),
  ('a0000000-0000-0000-0000-000000000039', 'd0000000-0000-0000-0000-000000000095', 'qna', NULL, '산후조리원 2주 vs 4주 어떤 게 좋아요? 첫째라 경험이 없어서요.', 53, 14, now() + interval '64 days'),
  ('a0000000-0000-0000-0000-000000000040', 'd0000000-0000-0000-0000-000000000021', 'region', NULL, '수원 맘들 아기 옷 교환 모임 만들면 참여하실 분? 빠르게 크는 아기옷 서로 나누면 좋을 것 같아요!', 9, 13, now() + interval '121 days'),
  ('a0000000-0000-0000-0000-000000000041', 'd0000000-0000-0000-0000-000000000059', 'general', NULL, '임신 준비하면서 제일 힘든 건 기다림인 것 같아요. 매달 기대하고 실망하고... 같은 마음인 맘들에게 응원 보내요 🍀', 55, 8, now() - interval '169 days'),
  ('a0000000-0000-0000-0000-000000000042', 'd0000000-0000-0000-0000-000000000052', 'general', NULL, '첫 아기 수영 다녀왔는데 물에 들어가자마자 울어서 5분만에 나왔어요 ㅎㅎ 다음엔 적응하겠죠?', 58, 3, now() + interval '72 days'),
  ('a0000000-0000-0000-0000-000000000043', 'd0000000-0000-0000-0000-000000000083', 'birth_month', '2025-09', '2025-09생 아기 "맘마" "빠빠" 말해요! 돌 전에 말 시작하니 대화가 되는 느낌? ㅋㅋ', 46, 18, now() - interval '8 days'),
  ('a0000000-0000-0000-0000-000000000044', 'd0000000-0000-0000-0000-000000000023', 'birth_month', '2026-02', '2026-02생 예정맘인데 곧 만나네요! 출산가방 다 쌌는데 혹시 빠진 거 없는지 봐주세요 🥹', 65, 9, now() - interval '153 days'),
  ('a0000000-0000-0000-0000-000000000045', 'd0000000-0000-0000-0000-000000000094', 'region', NULL, '제주 공원에서 소풍 모임 할 건데 참여할 맘? 도시락 각자 싸오고 아기들끼리 놀아요 🧺', 30, 20, now() + interval '30 days'),
  ('a0000000-0000-0000-0000-000000000046', 'd0000000-0000-0000-0000-000000000025', 'general', NULL, '쌍둥이 임신 확인! 😱 기쁘면서도 걱정이... 쌍둥이 맘들 조언 부탁드려요.', 48, 14, now() - interval '138 days'),
  ('a0000000-0000-0000-0000-000000000047', 'd0000000-0000-0000-0000-000000000047', 'birth_month', '2026-01', '2026-01생 아기 숟가락 혼자 잡아요! 반은 흘리지만 스스로 하려는 모습이 대견해요 💕', 63, 22, now() + interval '160 days'),
  ('a0000000-0000-0000-0000-000000000048', 'd0000000-0000-0000-0000-000000000016', 'region', NULL, '용인 베이비 마사지 배울 수 있는 곳 아시나요? 아기 배 마사지 해주면 잠을 잘 잔다고 해서요.', 22, 17, now() - interval '105 days'),
  ('a0000000-0000-0000-0000-000000000049', 'd0000000-0000-0000-0000-000000000090', 'general', NULL, '시어머니가 이유식 만들어오셨는데 정성이 가득... 우리 아기가 할머니 이유식이 더 잘 먹어요 ㅋㅋ 비밀이에요 🤫', 11, 7, now() + interval '98 days'),
  ('a0000000-0000-0000-0000-000000000050', 'd0000000-0000-0000-0000-000000000079', 'birth_month', '2025-12', '2025-12생 아기 돌잡이 뭐 잡았어요? 우리는 마이크 잡았어요! 🎤 미래의 가수인가 ㅋㅋ', 28, 18, now() + interval '78 days')
ON CONFLICT (id) DO NOTHING;

INSERT INTO posts (id, user_id, board_type, board_key, content, like_count, comment_count, created_at) VALUES
  ('a0000000-0000-0000-0000-000000000051', 'd0000000-0000-0000-0000-000000000056', 'region', NULL, '전주 맘들 아기 옷 교환 모임 만들면 참여하실 분? 빠르게 크는 아기옷 서로 나누면 좋을 것 같아요!', 41, 21, now() - interval '114 days'),
  ('a0000000-0000-0000-0000-000000000052', 'd0000000-0000-0000-0000-000000000066', 'birth_month', '2026-04', '2026-04생 아기 숟가락 혼자 잡아요! 반은 흘리지만 스스로 하려는 모습이 대견해요 💕', 60, 6, now() + interval '73 days'),
  ('a0000000-0000-0000-0000-000000000053', 'd0000000-0000-0000-0000-000000000082', 'birth_month', '2025-11', '2025-11생 아기 첫 걸음마 시작! 불안불안하게 3걸음 걸었어요. 넘어질 때마다 가슴이 철렁!', 8, 8, now() + interval '58 days'),
  ('a0000000-0000-0000-0000-000000000054', 'd0000000-0000-0000-0000-000000000004', 'general', NULL, '처음으로 아기가 "안녕" 하면서 손 흔들었어요! 인사를 배우다니 ㅠㅠ 우리 아기 사회생활 시작?', 65, 16, now() + interval '19 days'),
  ('a0000000-0000-0000-0000-000000000055', 'd0000000-0000-0000-0000-000000000054', 'qna', NULL, '신생아 옷 사이즈 질문이요! 50, 60이 기본이라는데 우리 아기가 좀 큰 편이에요.', 39, 7, now() + interval '99 days'),
  ('a0000000-0000-0000-0000-000000000056', 'd0000000-0000-0000-0000-000000000052', 'general', NULL, '오늘 유모차 타고 동네 한 바퀴 돌았는데 이웃 할머니들이 아기 보고 예쁘다고 해주셔요. 기분 좋은 하루!', 44, 1, now() + interval '28 days'),
  ('a0000000-0000-0000-0000-000000000057', 'd0000000-0000-0000-0000-000000000029', 'general', NULL, '입덧 끝나니 세상이 달라 보여요! 3개월 동안 물만 먹었는데 오늘 치킨 먹었어요 🍗', 64, 17, now() + interval '143 days'),
  ('a0000000-0000-0000-0000-000000000058', 'd0000000-0000-0000-0000-000000000016', 'birth_month', '2026-05', '2026-05생 맘들 아기 몸무게 어때요? 우리 8kg인데 큰 건지 작은 건지 궁금해요.', 54, 15, now() + interval '144 days'),
  ('a0000000-0000-0000-0000-000000000059', 'd0000000-0000-0000-0000-000000000097', 'qna', NULL, '기초체온 측정하는데 계속 36.2~36.4 사이에요. 배란이 잘 되고 있는 건지 모르겠어요 ㅠㅠ', 42, 17, now() + interval '141 days'),
  ('a0000000-0000-0000-0000-000000000060', 'd0000000-0000-0000-0000-000000000021', 'region', NULL, '성남 아기용품 할인 행사 정보 있으면 공유해주세요! 기저귀 세일 어디서 하나요?', 33, 15, now() - interval '64 days'),
  ('a0000000-0000-0000-0000-000000000061', 'd0000000-0000-0000-0000-000000000063', 'birth_month', '2025-11', '2025-11생 아기 "맘마" "빠빠" 말해요! 돌 전에 말 시작하니 대화가 되는 느낌? ㅋㅋ', 20, 15, now() - interval '74 days'),
  ('a0000000-0000-0000-0000-000000000062', 'd0000000-0000-0000-0000-000000000043', 'general', NULL, '아기 첫 돌 찍으러 스튜디오 갔는데 한복 입은 모습이 너무 사랑스러워요. 앨범 나오면 자랑할 거예요!', 37, 3, now() - interval '60 days'),
  ('a0000000-0000-0000-0000-000000000063', 'd0000000-0000-0000-0000-000000000089', 'general', NULL, '첫째 재우고 둘째 먹이고... 투맘의 하루는 정신없지만 둘 다 잠든 밤이 제일 평화로워요 🌟', 16, 3, now() + interval '85 days'),
  ('a0000000-0000-0000-0000-000000000064', 'd0000000-0000-0000-0000-000000000060', 'birth_month', '2026-07', '2026-07생 맘 여기 모여요~! 우리 아기들 다들 잘 자라고 있죠? 요즘 뭐가 달라졌는지 공유해요! 😊', 16, 14, now() - interval '150 days'),
  ('a0000000-0000-0000-0000-000000000065', 'd0000000-0000-0000-0000-000000000098', 'birth_month', '2026-02', '2026-02생 아기 배밀이 중인데 뒤로만 가요 ㅋㅋ 앞으로 가고 싶은데 자꾸 후진... 귀여워요!', 33, 1, now() + interval '77 days'),
  ('a0000000-0000-0000-0000-000000000066', 'd0000000-0000-0000-0000-000000000069', 'region', NULL, '수원 키즈카페 추천! 넓고 깨끗하고 부모 쉴 공간도 있어요. 커피도 맛있고 ㅎㅎ', 37, 20, now() + interval '125 days'),
  ('a0000000-0000-0000-0000-000000000067', 'd0000000-0000-0000-0000-000000000056', 'birth_month', '2026-07', '2026-07생 맘들 분유 뭐 먹이세요? 우리 애가 지금 먹는 분유에 배가 더부룩한 것 같아서 바꿔볼까 해요.', 27, 11, now() + interval '104 days'),
  ('a0000000-0000-0000-0000-000000000068', 'd0000000-0000-0000-0000-000000000060', 'qna', NULL, '임신 16주차인데 태동을 아직 못 느껴요. 초산이라 잘 모르겠어요 😢', 65, 20, now() + interval '101 days'),
  ('a0000000-0000-0000-0000-000000000069', 'd0000000-0000-0000-0000-000000000073', 'region', NULL, '대전 근처 아기랑 갈 만한 곳 있을까요? 유모차 접근성 좋은 곳이면 좋겠어요~', 8, 21, now() + interval '119 days'),
  ('a0000000-0000-0000-0000-000000000070', 'd0000000-0000-0000-0000-000000000034', 'general', NULL, '아기가 "아빠" 먼저 말해서 남편이 감동의 눈물 흘렸어요 ㅋㅋ 저는 좀 서운하지만 ㅎㅎ', 16, 15, now() - interval '98 days'),
  ('a0000000-0000-0000-0000-000000000071', 'd0000000-0000-0000-0000-000000000097', 'qna', NULL, '임신 준비 중인데 엽산 언제부터 먹어야 하나요? 약국에서 그냥 사면 되는 건가요? 🙏', 29, 9, now() + interval '121 days'),
  ('a0000000-0000-0000-0000-000000000072', 'd0000000-0000-0000-0000-000000000096', 'birth_month', '2026-06', '2026-06생 아기 이유식 잘 먹나요? 우리 애는 감자 좋아하는데 당근은 뱉어요 ㅋㅋ 편식 시작인가요?', 63, 12, now() - interval '18 days'),
  ('a0000000-0000-0000-0000-000000000073', 'd0000000-0000-0000-0000-000000000097', 'general', NULL, '엄마 몸이 많이 힘든데 아기 웃음 소리 들으면 충전 100% 돼요. 이 감정이 모성인가 봐요 💪', 18, 7, now() + interval '160 days'),
  ('a0000000-0000-0000-0000-000000000074', 'd0000000-0000-0000-0000-000000000031', 'general', NULL, '밤에 아기 재우고 남편이랑 같이 아기 사진 보면서 귀엽다고 난리치는 시간이 좋아요 ㅋㅋ', 45, 4, now() + interval '56 days'),
  ('a0000000-0000-0000-0000-000000000075', 'd0000000-0000-0000-0000-000000000090', 'general', NULL, '아기 첫 이빨 났어요!! 아래 앞니 두 개가 동시에! 칫솔질 어떻게 해야 하는지 아시는 맘?', 26, 6, now() + interval '30 days'),
  ('a0000000-0000-0000-0000-000000000076', 'd0000000-0000-0000-0000-000000000040', 'general', NULL, '아기가 기저귀 떼기 시작! 변기에 앉혀놓으면 뿌듯한 표정 짓는 게 ㅋㅋ 성공하면 박수 쳐줘요 👏', 4, 10, now() + interval '97 days'),
  ('a0000000-0000-0000-0000-000000000077', 'd0000000-0000-0000-0000-000000000092', 'general', NULL, '오늘 처음으로 아기가 고개를 돌려서 저를 찾았어요. "엄마 어디?" 하는 표정에 심장 녹았습니다 ❤️', 40, 21, now() - interval '179 days'),
  ('a0000000-0000-0000-0000-000000000078', 'd0000000-0000-0000-0000-000000000088', 'birth_month', '2026-04', '2026-04생 아기 배밀이 중인데 뒤로만 가요 ㅋㅋ 앞으로 가고 싶은데 자꾸 후진... 귀여워요!', 10, 19, now() + interval '89 days'),
  ('a0000000-0000-0000-0000-000000000079', 'd0000000-0000-0000-0000-000000000085', 'general', NULL, '아기랑 첫 놀이동산! 회전목마 탔는데 표정이 멍... ㅋㅋ 좋은 건지 무서운 건지 모르겠어요 🎠', 35, 21, now() - interval '108 days'),
  ('a0000000-0000-0000-0000-000000000080', 'd0000000-0000-0000-0000-000000000014', 'birth_month', '2026-07', '2026-07생 아기 첫 걸음마 시작! 불안불안하게 3걸음 걸었어요. 넘어질 때마다 가슴이 철렁!', 26, 21, now() + interval '118 days'),
  ('a0000000-0000-0000-0000-000000000081', 'd0000000-0000-0000-0000-000000000056', 'general', NULL, '어제 밤 아기가 잠꼬대로 "맘마" 했어요 ㅋㅋ 꿈에서도 밥 생각하는 우리 아기...', 36, 21, now() - interval '138 days'),
  ('a0000000-0000-0000-0000-000000000082', 'd0000000-0000-0000-0000-000000000060', 'birth_month', '2025-09', '2025-09생 아기 "맘마" "빠빠" 말해요! 돌 전에 말 시작하니 대화가 되는 느낌? ㅋㅋ', 49, 19, now() - interval '63 days'),
  ('a0000000-0000-0000-0000-000000000083', 'd0000000-0000-0000-0000-000000000058', 'general', NULL, '아기가 짝짜꿍 배웠어요! 손뼉 치면서 자기가 더 신나하네요 ㅋㅋ 세상 귀여워', 32, 19, now() + interval '98 days'),
  ('a0000000-0000-0000-0000-000000000084', 'd0000000-0000-0000-0000-000000000004', 'birth_month', '2025-12', '2025-12생 맘들 아기 몸무게 어때요? 우리 8kg인데 큰 건지 작은 건지 궁금해요.', 23, 6, now() + interval '91 days'),
  ('a0000000-0000-0000-0000-000000000085', 'd0000000-0000-0000-0000-000000000036', 'qna', NULL, '분유에서 우유로 전환 시기가 언제인가요? 돌 지나면 바로 바꿔도 되는 건가요? 🥛', 47, 9, now() + interval '133 days'),
  ('a0000000-0000-0000-0000-000000000086', 'd0000000-0000-0000-0000-000000000011', 'general', NULL, '아기가 처음 혼자 앉았어요!! 5초... 그리고 쿵 넘어졌지만 그 5초가 기적 같았어요 ✨', 29, 16, now() + interval '62 days'),
  ('a0000000-0000-0000-0000-000000000087', 'd0000000-0000-0000-0000-000000000083', 'region', NULL, '제주 이사 온 지 얼마 안 돼서 친구가 없어요 ㅠ 비슷한 월령 아기 맘이면 좋겠어요.', 31, 1, now() - interval '57 days'),
  ('a0000000-0000-0000-0000-000000000088', 'd0000000-0000-0000-0000-000000000040', 'region', NULL, '천안 예방접종 잘하는 소아과 아시는 분? 아기가 주사 맞고 안 울었으면 좋겠어요 ㅋㅋ', 26, 16, now() + interval '89 days'),
  ('a0000000-0000-0000-0000-000000000089', 'd0000000-0000-0000-0000-000000000043', 'general', NULL, '임신 중에 남편이 매일 태교동화 읽어주는데 아기가 발로 차서 반응해요 😂 남편이 더 신나서 요즘 동화책 3권씩 읽어요 ㅋㅋ', 32, 9, now() - interval '60 days'),
  ('a0000000-0000-0000-0000-000000000090', 'd0000000-0000-0000-0000-000000000093', 'general', NULL, '아기 어린이집 첫 등원 했어요. 문 앞에서 울면서 들어갔는데 데리러 갔더니 까르르 웃으면서 놀고 있어요 🥺', 10, 18, now() + interval '177 days'),
  ('a0000000-0000-0000-0000-000000000091', 'd0000000-0000-0000-0000-000000000025', 'general', NULL, '아기 발 냄새가 고소해요... 이상한가요? ㅋㅋ 자꾸 맡게 돼요 🦶', 33, 9, now() + interval '135 days'),
  ('a0000000-0000-0000-0000-000000000092', 'd0000000-0000-0000-0000-000000000013', 'region', NULL, '서울 예방접종 잘하는 소아과 아시는 분? 아기가 주사 맞고 안 울었으면 좋겠어요 ㅋㅋ', 21, 8, now() - interval '78 days'),
  ('a0000000-0000-0000-0000-000000000093', 'd0000000-0000-0000-0000-000000000017', 'general', NULL, '아기 목욕 시간이 제일 좋아요. 물 만나면 발차기하고 웃고... 근데 꺼내면 세상 끝난 것처럼 울어요 ㅋㅋ', 65, 2, now() + interval '179 days'),
  ('a0000000-0000-0000-0000-000000000094', 'd0000000-0000-0000-0000-000000000082', 'qna', NULL, '임산부 요가 언제부터 시작하면 되나요? 운동을 안 하니 몸이 너무 뻣뻣해요 ㅠ', 34, 4, now() + interval '147 days'),
  ('a0000000-0000-0000-0000-000000000095', 'd0000000-0000-0000-0000-000000000061', 'birth_month', '2026-03', '2026-03생 아기 첫 이가 나왔어요! 아래 앞니인데 웃을 때 보이는 게 너무 귀여워요 😄', 24, 6, now() + interval '65 days'),
  ('a0000000-0000-0000-0000-000000000096', 'd0000000-0000-0000-0000-000000000009', 'birth_month', '2025-10', '2025-10생 아기 첫 걸음마 시작! 불안불안하게 3걸음 걸었어요. 넘어질 때마다 가슴이 철렁!', 7, 19, now() + interval '14 days'),
  ('a0000000-0000-0000-0000-000000000097', 'd0000000-0000-0000-0000-000000000073', 'qna', NULL, '아기 이가 나려고 하는지 침을 엄청 흘려요. 치발기 추천해주세요!', 8, 8, now() - interval '107 days'),
  ('a0000000-0000-0000-0000-000000000098', 'd0000000-0000-0000-0000-000000000077', 'region', NULL, '고양 공원에서 소풍 모임 할 건데 참여할 맘? 도시락 각자 싸오고 아기들끼리 놀아요 🧺', 17, 17, now() - interval '114 days'),
  ('a0000000-0000-0000-0000-000000000099', 'd0000000-0000-0000-0000-000000000055', 'general', NULL, '아기 돌 지나니 말이 폭발적으로 늘어요! 어제는 "주세요"를 처음 했어요.', 42, 2, now() + interval '26 days'),
  ('a0000000-0000-0000-0000-000000000100', 'd0000000-0000-0000-0000-000000000081', 'general', NULL, '오늘 소아과에서 발달검사 했는데 "잘 크고 있어요"라는 말에 눈물이 핑... 맘들 다 잘하고 있는 거예요 💪', 45, 3, now() - interval '45 days')
ON CONFLICT (id) DO NOTHING;

INSERT INTO posts (id, user_id, board_type, board_key, content, like_count, comment_count, created_at) VALUES
  ('a0000000-0000-0000-0000-000000000101', 'd0000000-0000-0000-0000-000000000010', 'general', NULL, '육아는 체력이라는 말이 진짜였어요. 밤새 안 자는 아기랑 씨름하다 보면 새벽이에요 ㅠ', 29, 15, now() + interval '121 days'),
  ('a0000000-0000-0000-0000-000000000102', 'd0000000-0000-0000-0000-000000000005', 'general', NULL, '아기 첫 발 디딤 👣 7개월부터 잡고 서더니 드디어 혼자 한 발! 순간 온 가족이 박수 치며 환호했어요 ㅋㅋ', 48, 10, now() + interval '117 days'),
  ('a0000000-0000-0000-0000-000000000103', 'd0000000-0000-0000-0000-000000000088', 'general', NULL, '오늘 유모차 타고 동네 한 바퀴 돌았는데 이웃 할머니들이 아기 보고 예쁘다고 해주셔요. 기분 좋은 하루!', 19, 21, now() + interval '51 days'),
  ('a0000000-0000-0000-0000-000000000104', 'd0000000-0000-0000-0000-000000000015', 'birth_month', '2025-09', '2025-09생 아기 이유식 잘 먹나요? 우리 애는 감자 좋아하는데 당근은 뱉어요 ㅋㅋ 편식 시작인가요?', 44, 5, now() + interval '37 days'),
  ('a0000000-0000-0000-0000-000000000105', 'd0000000-0000-0000-0000-000000000022', 'region', NULL, '인천 주말 나들이 추천 장소 있어요? 아기랑 갈 만한 공원이나 카페요!', 41, 19, now() + interval '113 days'),
  ('a0000000-0000-0000-0000-000000000106', 'd0000000-0000-0000-0000-000000000089', 'general', NULL, '이유식 시간이 전쟁터에요 ㅋㅋ 한 숟갈 먹이는데 30분... 바닥은 전쟁 후 같고 아기 얼굴은 고구마 범벅 😂', 28, 9, now() + interval '127 days'),
  ('a0000000-0000-0000-0000-000000000107', 'd0000000-0000-0000-0000-000000000011', 'birth_month', '2025-12', '2025-12생 맘 여기 모여요~! 우리 아기들 다들 잘 자라고 있죠? 요즘 뭐가 달라졌는지 공유해요! 😊', 59, 14, now() + interval '155 days'),
  ('a0000000-0000-0000-0000-000000000108', 'd0000000-0000-0000-0000-000000000012', 'general', NULL, '이유식 거부하던 아기가 바나나는 먹어요!! 바나나 만세! 🍌', 46, 19, now() + interval '6 days'),
  ('a0000000-0000-0000-0000-000000000109', 'd0000000-0000-0000-0000-000000000074', 'general', NULL, '이유식 시간이 전쟁터에요 ㅋㅋ 한 숟갈 먹이는데 30분... 바닥은 전쟁 후 같고 아기 얼굴은 고구마 범벅 😂', 51, 6, now() + interval '167 days'),
  ('a0000000-0000-0000-0000-000000000110', 'd0000000-0000-0000-0000-000000000036', 'general', NULL, '오늘 아기 데리고 처음으로 도서관 갔어요 📚 조용히 해야 되는데 아기가 책 보고 소리 지르길래 얼른 나왔어요 ㅋㅋ', 40, 14, now() + interval '126 days'),
  ('a0000000-0000-0000-0000-000000000111', 'd0000000-0000-0000-0000-000000000061', 'general', NULL, '모유수유 끊으려니 아기보다 제가 더 슬퍼요 ㅠㅠ 마지막 수유할 때 눈물이 주르륵...', 24, 11, now() + interval '42 days'),
  ('a0000000-0000-0000-0000-000000000112', 'd0000000-0000-0000-0000-000000000053', 'region', NULL, '부산 주말 나들이 추천 장소 있어요? 아기랑 갈 만한 공원이나 카페요!', 21, 22, now() + interval '141 days'),
  ('a0000000-0000-0000-0000-000000000113', 'd0000000-0000-0000-0000-000000000012', 'general', NULL, '아기 피부가 너무 좋아요. 볼이 떡 같아서 자꾸 뽀뽀해요. 아기는 싫다는 표정이지만 못 참겠어요 💋', 23, 4, now() + interval '104 days'),
  ('a0000000-0000-0000-0000-000000000114', 'd0000000-0000-0000-0000-000000000001', 'region', NULL, '김해 이유식 배달 서비스 추천해주세요! 직접 만들기 힘들 때가 있어서요...', 37, 15, now() + interval '49 days'),
  ('a0000000-0000-0000-0000-000000000115', 'd0000000-0000-0000-0000-000000000080', 'region', NULL, '성남 예방접종 잘하는 소아과 아시는 분? 아기가 주사 맞고 안 울었으면 좋겠어요 ㅋㅋ', 43, 15, now() + interval '53 days'),
  ('a0000000-0000-0000-0000-000000000116', 'd0000000-0000-0000-0000-000000000017', 'qna', NULL, '아기 이가 나려고 하는지 침을 엄청 흘려요. 치발기 추천해주세요!', 31, 16, now() - interval '162 days'),
  ('a0000000-0000-0000-0000-000000000117', 'd0000000-0000-0000-0000-000000000031', 'region', NULL, '대구 이사 온 지 얼마 안 돼서 친구가 없어요 ㅠ 비슷한 월령 아기 맘이면 좋겠어요.', 22, 18, now() - interval '105 days'),
  ('a0000000-0000-0000-0000-000000000118', 'd0000000-0000-0000-0000-000000000015', 'birth_month', '2026-07', '2026-07생 맘들 낮잠 몇 번 자요? 우리 애는 아직 3번인데 주변에서 2번으로 줄이래요.', 10, 21, now() + interval '128 days'),
  ('a0000000-0000-0000-0000-000000000119', 'd0000000-0000-0000-0000-000000000066', 'region', NULL, '전주 예방접종 잘하는 소아과 아시는 분? 아기가 주사 맞고 안 울었으면 좋겠어요 ㅋㅋ', 29, 16, now() + interval '63 days'),
  ('a0000000-0000-0000-0000-000000000120', 'd0000000-0000-0000-0000-000000000019', 'general', NULL, '수면교육 3일차... 15분 울고 잠들었어요. 엄마 마음이 더 아프지만 꾹 참았어요 ㅠㅠ 성공한 맘들 응원 부탁드려요.', 61, 20, now() + interval '35 days'),
  ('a0000000-0000-0000-0000-000000000121', 'd0000000-0000-0000-0000-000000000036', 'region', NULL, '성남 쪽 소아과 추천 부탁드려요! 잘 봐주시는 선생님 아시는 분? 야간 진료 되면 더 좋겠어요.', 57, 14, now() - interval '130 days'),
  ('a0000000-0000-0000-0000-000000000122', 'd0000000-0000-0000-0000-000000000037', 'region', NULL, '청주 아기랑 가기 좋은 카페 발견! 키즈존도 넓고 이유식 데워주시고 수유실도 있어요 🍊', 56, 19, now() + interval '169 days'),
  ('a0000000-0000-0000-0000-000000000123', 'd0000000-0000-0000-0000-000000000058', 'birth_month', '2026-02', '2026-02 예정맘인데 태명 뭘로 하셨어요? 우리는 "봄이"로 했어요 🌸', 25, 11, now() + interval '140 days'),
  ('a0000000-0000-0000-0000-000000000124', 'd0000000-0000-0000-0000-000000000042', 'qna', NULL, '임신 중 카페인 얼마까지 괜찮아요? 커피 한 잔도 안 되나요?', 65, 8, now() + interval '60 days'),
  ('a0000000-0000-0000-0000-000000000125', 'd0000000-0000-0000-0000-000000000100', 'birth_month', '2026-02', '2026-02생 아기 숟가락 혼자 잡아요! 반은 흘리지만 스스로 하려는 모습이 대견해요 💕', 23, 16, now() + interval '98 days'),
  ('a0000000-0000-0000-0000-000000000126', 'd0000000-0000-0000-0000-000000000084', 'qna', NULL, '태교 음악 뭐 들으세요? 클래식이 좋다고 하는데 저는 발라드가 더 편해요 🎵', 34, 2, now() - interval '152 days'),
  ('a0000000-0000-0000-0000-000000000127', 'd0000000-0000-0000-0000-000000000013', 'qna', NULL, '임신 준비 중인데 엽산 언제부터 먹어야 하나요? 약국에서 그냥 사면 되는 건가요? 🙏', 31, 4, now() + interval '117 days'),
  ('a0000000-0000-0000-0000-000000000128', 'd0000000-0000-0000-0000-000000000093', 'general', NULL, '아기가 처음 혼자 앉았어요!! 5초... 그리고 쿵 넘어졌지만 그 5초가 기적 같았어요 ✨', 58, 21, now() + interval '20 days'),
  ('a0000000-0000-0000-0000-000000000129', 'd0000000-0000-0000-0000-000000000034', 'general', NULL, '이유식 초기인데 아보카도 반응이 대박! 입 벌리고 기다려요 ㅋㅋ 아보카도가 이렇게 비싼데 아기는 모르겠지...', 47, 13, now() + interval '85 days'),
  ('a0000000-0000-0000-0000-000000000130', 'd0000000-0000-0000-0000-000000000049', 'qna', NULL, '아기 이가 나려고 하는지 침을 엄청 흘려요. 치발기 추천해주세요!', 43, 16, now() + interval '10 days'),
  ('a0000000-0000-0000-0000-000000000131', 'd0000000-0000-0000-0000-000000000009', 'general', NULL, '아기가 혼자 서서 박수까지! 발달이 한 번에 오는 것 같아요. 어제까지 못 했는데 오늘 갑자기!', 46, 10, now() + interval '24 days'),
  ('a0000000-0000-0000-0000-000000000132', 'd0000000-0000-0000-0000-000000000013', 'region', NULL, '고양 쪽 소아과 추천 부탁드려요! 잘 봐주시는 선생님 아시는 분? 야간 진료 되면 더 좋겠어요.', 48, 4, now() + interval '178 days'),
  ('a0000000-0000-0000-0000-000000000133', 'd0000000-0000-0000-0000-000000000006', 'general', NULL, '오늘 아기가 거울 보고 자기 모습에 깜짝 놀랐어요 ㅋㅋ 거울 속 아기한테 손도 뻗고 박치기도 하고...', 6, 10, now() - interval '111 days'),
  ('a0000000-0000-0000-0000-000000000134', 'd0000000-0000-0000-0000-000000000032', 'birth_month', '2025-10', '2025-10생 맘들 뒤집기 시작했나요? 우리 애는 옆으로만 가요 ㅋㅋ 통통해서 그런가...', 39, 22, now() + interval '44 days'),
  ('a0000000-0000-0000-0000-000000000135', 'd0000000-0000-0000-0000-000000000079', 'qna', NULL, '젖병 소독 매번 해야 하나요? 6개월 넘으면 안 해도 된다는 말도 있고...', 42, 22, now() - interval '150 days'),
  ('a0000000-0000-0000-0000-000000000136', 'd0000000-0000-0000-0000-000000000030', 'birth_month', '2026-03', '2026-03생 맘들 낮잠 몇 번 자요? 우리 애는 아직 3번인데 주변에서 2번으로 줄이래요.', 19, 15, now() - interval '3 days'),
  ('a0000000-0000-0000-0000-000000000137', 'd0000000-0000-0000-0000-000000000087', 'birth_month', '2025-12', '2025-12생 맘들 어린이집 보내셨어요? 아직 이르려나... 고민 중이에요.', 7, 15, now() + interval '151 days'),
  ('a0000000-0000-0000-0000-000000000138', 'd0000000-0000-0000-0000-000000000055', 'region', NULL, '청주 산부인과 추천 부탁드려요. 첫 임신이라 병원 선택이 어려워요. 🏥', 32, 10, now() - interval '99 days'),
  ('a0000000-0000-0000-0000-000000000139', 'd0000000-0000-0000-0000-000000000031', 'general', NULL, '육아는 체력이라는 말이 진짜였어요. 밤새 안 자는 아기랑 씨름하다 보면 새벽이에요 ㅠ', 25, 19, now() - interval '180 days'),
  ('a0000000-0000-0000-0000-000000000140', 'd0000000-0000-0000-0000-000000000003', 'qna', NULL, '임신 중 카페인 얼마까지 괜찮아요? 커피 한 잔도 안 되나요?', 45, 13, now() - interval '145 days'),
  ('a0000000-0000-0000-0000-000000000141', 'd0000000-0000-0000-0000-000000000088', 'region', NULL, '고양 이사 온 지 얼마 안 돼서 친구가 없어요 ㅠ 비슷한 월령 아기 맘이면 좋겠어요.', 65, 2, now() + interval '128 days'),
  ('a0000000-0000-0000-0000-000000000142', 'd0000000-0000-0000-0000-000000000078', 'region', NULL, '광주 산부인과 추천 부탁드려요. 첫 임신이라 병원 선택이 어려워요. 🏥', 17, 21, now() - interval '65 days'),
  ('a0000000-0000-0000-0000-000000000143', 'd0000000-0000-0000-0000-000000000081', 'birth_month', '2026-07', '2026-07생 아기 첫 걸음마 시작! 불안불안하게 3걸음 걸었어요. 넘어질 때마다 가슴이 철렁!', 22, 15, now() - interval '94 days'),
  ('a0000000-0000-0000-0000-000000000144', 'd0000000-0000-0000-0000-000000000012', 'qna', NULL, '모유 저장 방법 알려주세요! 냉동하면 얼마나 보관 가능해요? 해동은 어떻게?', 23, 14, now() - interval '34 days'),
  ('a0000000-0000-0000-0000-000000000145', 'd0000000-0000-0000-0000-000000000070', 'qna', NULL, '아기가 밤에 열이 나요. 몇 도 이상이면 응급실 가야 하나요? 불안해요 😰', 26, 17, now() + interval '70 days'),
  ('a0000000-0000-0000-0000-000000000146', 'd0000000-0000-0000-0000-000000000022', 'general', NULL, '아기가 짝짜꿍 배웠어요! 손뼉 치면서 자기가 더 신나하네요 ㅋㅋ 세상 귀여워', 55, 16, now() + interval '76 days'),
  ('a0000000-0000-0000-0000-000000000147', 'd0000000-0000-0000-0000-000000000015', 'birth_month', '2026-06', '2026-06생 아기 손 빨기 시작했는데 정상인가요? 공갈젖꼭지 물려야 하나 고민이에요.', 7, 5, now() + interval '58 days'),
  ('a0000000-0000-0000-0000-000000000148', 'd0000000-0000-0000-0000-000000000087', 'qna', NULL, '임신 준비 중인데 엽산 언제부터 먹어야 하나요? 약국에서 그냥 사면 되는 건가요? 🙏', 64, 18, now() - interval '102 days'),
  ('a0000000-0000-0000-0000-000000000149', 'd0000000-0000-0000-0000-000000000034', 'birth_month', '2025-12', '2025-12 예정인데 여름 출산이라 땀띠 걱정... 여름 신생아 케어 팁 부탁해요!', 32, 12, now() + interval '173 days'),
  ('a0000000-0000-0000-0000-000000000150', 'd0000000-0000-0000-0000-000000000049', 'region', NULL, '청주 쪽 소아과 추천 부탁드려요! 잘 봐주시는 선생님 아시는 분? 야간 진료 되면 더 좋겠어요.', 63, 12, now() - interval '60 days')
ON CONFLICT (id) DO NOTHING;

INSERT INTO posts (id, user_id, board_type, board_key, content, like_count, comment_count, created_at) VALUES
  ('a0000000-0000-0000-0000-000000000151', 'd0000000-0000-0000-0000-000000000080', 'qna', NULL, '아기 이유식 알레르기 검사 꼭 해야 하나요? 새로운 음식 줄 때마다 겁나요.', 38, 11, now() + interval '57 days'),
  ('a0000000-0000-0000-0000-000000000152', 'd0000000-0000-0000-0000-000000000009', 'birth_month', '2025-10', '2025-10생 아기 이유식 잘 먹나요? 우리 애는 감자 좋아하는데 당근은 뱉어요 ㅋㅋ 편식 시작인가요?', 32, 10, now() + interval '30 days'),
  ('a0000000-0000-0000-0000-000000000153', 'd0000000-0000-0000-0000-000000000005', 'general', NULL, '출산 후 처음으로 예전 청바지 입었어요! 3개월 걸렸지만 다시 맞다니 ㅠㅠ 조금씩 나를 되찾아가는 기분.', 34, 4, now() - interval '138 days'),
  ('a0000000-0000-0000-0000-000000000154', 'd0000000-0000-0000-0000-000000000050', 'birth_month', '2026-02', '2026-02생 맘들 어린이집 보내셨어요? 아직 이르려나... 고민 중이에요.', 45, 18, now() + interval '40 days'),
  ('a0000000-0000-0000-0000-000000000155', 'd0000000-0000-0000-0000-000000000013', 'region', NULL, '부산 이유식 배달 서비스 추천해주세요! 직접 만들기 힘들 때가 있어서요...', 42, 14, now() + interval '72 days'),
  ('a0000000-0000-0000-0000-000000000156', 'd0000000-0000-0000-0000-000000000028', 'birth_month', '2026-06', '2026-06생 예정맘인데 곧 만나네요! 출산가방 다 쌌는데 혹시 빠진 거 없는지 봐주세요 🥹', 63, 8, now() + interval '26 days'),
  ('a0000000-0000-0000-0000-000000000157', 'd0000000-0000-0000-0000-000000000070', 'qna', NULL, '분유에서 우유로 전환 시기가 언제인가요? 돌 지나면 바로 바꿔도 되는 건가요? 🥛', 44, 12, now() - interval '71 days'),
  ('a0000000-0000-0000-0000-000000000158', 'd0000000-0000-0000-0000-000000000016', 'qna', NULL, '아기 이유식 알레르기 검사 꼭 해야 하나요? 새로운 음식 줄 때마다 겁나요.', 55, 15, now() - interval '55 days'),
  ('a0000000-0000-0000-0000-000000000159', 'd0000000-0000-0000-0000-000000000082', 'birth_month', '2025-10', '2025-10 예정인데 여름 출산이라 땀띠 걱정... 여름 신생아 케어 팁 부탁해요!', 4, 2, now() + interval '63 days'),
  ('a0000000-0000-0000-0000-000000000160', 'd0000000-0000-0000-0000-000000000027', 'general', NULL, '아기한테 매일 "사랑해" 하는데 오늘 처음으로 "사아해~" 하고 따라 했어요 ㅠㅠ 세상에서 제일 행복한 사람은 저예요!!!', 51, 18, now() - interval '56 days'),
  ('a0000000-0000-0000-0000-000000000161', 'd0000000-0000-0000-0000-000000000043', 'region', NULL, '광주 예방접종 잘하는 소아과 아시는 분? 아기가 주사 맞고 안 울었으면 좋겠어요 ㅋㅋ', 53, 20, now() - interval '38 days'),
  ('a0000000-0000-0000-0000-000000000162', 'd0000000-0000-0000-0000-000000000033', 'region', NULL, '서울 이유식 배달 서비스 추천해주세요! 직접 만들기 힘들 때가 있어서요...', 10, 22, now() + interval '34 days'),
  ('a0000000-0000-0000-0000-000000000163', 'd0000000-0000-0000-0000-000000000031', 'birth_month', '2026-07', '2026-07생 아기 배밀이 중인데 뒤로만 가요 ㅋㅋ 앞으로 가고 싶은데 자꾸 후진... 귀여워요!', 4, 6, now() - interval '33 days'),
  ('a0000000-0000-0000-0000-000000000164', 'd0000000-0000-0000-0000-000000000068', 'general', NULL, '아기 피부가 너무 좋아요. 볼이 떡 같아서 자꾸 뽀뽀해요. 아기는 싫다는 표정이지만 못 참겠어요 💋', 7, 16, now() + interval '93 days'),
  ('a0000000-0000-0000-0000-000000000165', 'd0000000-0000-0000-0000-000000000076', 'general', NULL, '카페에서 아기가 조용하게 앉아있길래 뭐 하나 봤더니 휴지를 다 뜯고 있었어요 ㅋㅋ 창의력이라고 하겠습니다...', 35, 8, now() + interval '12 days'),
  ('a0000000-0000-0000-0000-000000000166', 'd0000000-0000-0000-0000-000000000039', 'birth_month', '2026-02', '2026-02생 아기 배밀이 중인데 뒤로만 가요 ㅋㅋ 앞으로 가고 싶은데 자꾸 후진... 귀여워요!', 64, 1, now() - interval '123 days'),
  ('a0000000-0000-0000-0000-000000000167', 'd0000000-0000-0000-0000-000000000088', 'general', NULL, '아기가 까꿍 놀이에 반응하기 시작했어요! 제가 숨으면 두리번거리다가 찾으면 빵 터져요 ㅋㅋ', 48, 15, now() - interval '21 days'),
  ('a0000000-0000-0000-0000-000000000168', 'd0000000-0000-0000-0000-000000000078', 'general', NULL, '오늘 소아과에서 발달검사 했는데 "잘 크고 있어요"라는 말에 눈물이 핑... 맘들 다 잘하고 있는 거예요 💪', 11, 9, now() + interval '150 days'),
  ('a0000000-0000-0000-0000-000000000169', 'd0000000-0000-0000-0000-000000000092', 'general', NULL, '아기가 혼자 서서 박수까지! 발달이 한 번에 오는 것 같아요. 어제까지 못 했는데 오늘 갑자기!', 41, 17, now() - interval '130 days'),
  ('a0000000-0000-0000-0000-000000000170', 'd0000000-0000-0000-0000-000000000013', 'region', NULL, '울산 아기띠 체험 가능한 매장 아시나요? 직접 메보고 사고 싶어요.', 10, 21, now() + interval '142 days'),
  ('a0000000-0000-0000-0000-000000000171', 'd0000000-0000-0000-0000-000000000058', 'qna', NULL, '워킹맘인데 짧은 시간이라도 질 높은 놀이 방법 있을까요? 죄책감이 커요...', 29, 11, now() + interval '103 days'),
  ('a0000000-0000-0000-0000-000000000172', 'd0000000-0000-0000-0000-000000000094', 'general', NULL, '엄마 몸이 많이 힘든데 아기 웃음 소리 들으면 충전 100% 돼요. 이 감정이 모성인가 봐요 💪', 30, 11, now() + interval '96 days'),
  ('a0000000-0000-0000-0000-000000000173', 'd0000000-0000-0000-0000-000000000088', 'qna', NULL, '워킹맘인데 짧은 시간이라도 질 높은 놀이 방법 있을까요? 죄책감이 커요...', 7, 3, now() + interval '24 days'),
  ('a0000000-0000-0000-0000-000000000174', 'd0000000-0000-0000-0000-000000000013', 'region', NULL, '포항 예방접종 잘하는 소아과 아시는 분? 아기가 주사 맞고 안 울었으면 좋겠어요 ㅋㅋ', 26, 5, now() + interval '151 days'),
  ('a0000000-0000-0000-0000-000000000175', 'd0000000-0000-0000-0000-000000000043', 'region', NULL, '부산 산후조리원 가격 비교 중인데 다들 어디 다니셨어요? 경험담 부탁드려요!', 29, 12, now() + interval '109 days'),
  ('a0000000-0000-0000-0000-000000000176', 'd0000000-0000-0000-0000-000000000077', 'general', NULL, '어제 밤 아기가 잠꼬대로 "맘마" 했어요 ㅋㅋ 꿈에서도 밥 생각하는 우리 아기...', 9, 19, now() + interval '40 days'),
  ('a0000000-0000-0000-0000-000000000177', 'd0000000-0000-0000-0000-000000000029', 'region', NULL, '세종 이사 온 지 얼마 안 돼서 친구가 없어요 ㅠ 비슷한 월령 아기 맘이면 좋겠어요.', 25, 18, now() - interval '72 days'),
  ('a0000000-0000-0000-0000-000000000178', 'd0000000-0000-0000-0000-000000000055', 'region', NULL, '포항 쪽 소아과 추천 부탁드려요! 잘 봐주시는 선생님 아시는 분? 야간 진료 되면 더 좋겠어요.', 65, 20, now() + interval '165 days'),
  ('a0000000-0000-0000-0000-000000000179', 'd0000000-0000-0000-0000-000000000078', 'qna', NULL, '아기 두 돌인데 아직 말을 잘 못해요. 언어 치료 받아야 할까요? 걱정이에요 ㅠ', 56, 9, now() - interval '70 days'),
  ('a0000000-0000-0000-0000-000000000180', 'd0000000-0000-0000-0000-000000000098', 'general', NULL, '출산 후 첫 외식!! 남편이랑 아기 맡기고 둘이서 고기 먹었는데 눈물 날 뻔 ㅠㅠ 이 맛이야!', 24, 12, now() - interval '37 days'),
  ('a0000000-0000-0000-0000-000000000181', 'd0000000-0000-0000-0000-000000000009', 'general', NULL, '남편이 육아휴직 신청했어요! 아기랑 시간 보내고 싶다고. 좋은 아빠 맞죠? 🥹', 43, 1, now() - interval '136 days'),
  ('a0000000-0000-0000-0000-000000000182', 'd0000000-0000-0000-0000-000000000049', 'birth_month', '2026-05', '2026-05생 아기 예방접종 잘 마쳤어요! 열 없이 지나가서 다행 😌', 24, 6, now() - interval '84 days'),
  ('a0000000-0000-0000-0000-000000000183', 'd0000000-0000-0000-0000-000000000011', 'qna', NULL, '수유쿠션 필요한가요? 없이도 되는 건지... 어떤 브랜드가 좋아요?', 12, 6, now() + interval '13 days'),
  ('a0000000-0000-0000-0000-000000000184', 'd0000000-0000-0000-0000-000000000011', 'general', NULL, '육아 중 제일 뿌듯한 순간은 아기가 아플 때 엄마 품을 찾을 때인 것 같아요. 내가 필요한 사람이 있다는 게...', 45, 14, now() + interval '114 days'),
  ('a0000000-0000-0000-0000-000000000185', 'd0000000-0000-0000-0000-000000000035', 'general', NULL, '아기 발 냄새가 고소해요... 이상한가요? ㅋㅋ 자꾸 맡게 돼요 🦶', 35, 4, now() - interval '29 days'),
  ('a0000000-0000-0000-0000-000000000186', 'd0000000-0000-0000-0000-000000000087', 'region', NULL, '수원 베이비 마사지 배울 수 있는 곳 아시나요? 아기 배 마사지 해주면 잠을 잘 잔다고 해서요.', 34, 17, now() + interval '12 days'),
  ('a0000000-0000-0000-0000-000000000187', 'd0000000-0000-0000-0000-000000000077', 'general', NULL, '아기 백일인데 남편이 몰래 케이크 준비했어요 🎂 촛불 보고 아기가 손뼉 치는데... 💕', 16, 10, now() + interval '36 days'),
  ('a0000000-0000-0000-0000-000000000188', 'd0000000-0000-0000-0000-000000000038', 'general', NULL, '아기 목욕 시간이 제일 좋아요. 물 만나면 발차기하고 웃고... 근데 꺼내면 세상 끝난 것처럼 울어요 ㅋㅋ', 3, 16, now() + interval '45 days'),
  ('a0000000-0000-0000-0000-000000000189', 'd0000000-0000-0000-0000-000000000049', 'birth_month', '2026-01', '2026-01생 맘들 뒤집기 시작했나요? 우리 애는 옆으로만 가요 ㅋㅋ 통통해서 그런가...', 17, 17, now() + interval '172 days'),
  ('a0000000-0000-0000-0000-000000000190', 'd0000000-0000-0000-0000-000000000051', 'qna', NULL, '임신 중 카페인 얼마까지 괜찮아요? 커피 한 잔도 안 되나요?', 5, 14, now() - interval '20 days'),
  ('a0000000-0000-0000-0000-000000000191', 'd0000000-0000-0000-0000-000000000041', 'birth_month', '2025-12', '2025-12생 아기 첫 이가 나왔어요! 아래 앞니인데 웃을 때 보이는 게 너무 귀여워요 😄', 39, 13, now() + interval '107 days'),
  ('a0000000-0000-0000-0000-000000000192', 'd0000000-0000-0000-0000-000000000052', 'general', NULL, '처음으로 아기가 "안녕" 하면서 손 흔들었어요! 인사를 배우다니 ㅠㅠ 우리 아기 사회생활 시작?', 23, 6, now() + interval '159 days'),
  ('a0000000-0000-0000-0000-000000000193', 'd0000000-0000-0000-0000-000000000089', 'qna', NULL, '워킹맘인데 짧은 시간이라도 질 높은 놀이 방법 있을까요? 죄책감이 커요...', 8, 14, now() + interval '63 days'),
  ('a0000000-0000-0000-0000-000000000194', 'd0000000-0000-0000-0000-000000000076', 'birth_month', '2025-11', '2025-11생 맘들 아기 몸무게 어때요? 우리 8kg인데 큰 건지 작은 건지 궁금해요.', 8, 13, now() + interval '87 days'),
  ('a0000000-0000-0000-0000-000000000195', 'd0000000-0000-0000-0000-000000000100', 'general', NULL, '임신 준비하면서 제일 힘든 건 기다림인 것 같아요. 매달 기대하고 실망하고... 같은 마음인 맘들에게 응원 보내요 🍀', 35, 21, now() - interval '131 days'),
  ('a0000000-0000-0000-0000-000000000196', 'd0000000-0000-0000-0000-000000000100', 'general', NULL, '아기 돌잔치 준비 중인데 잔치 대신 가족여행 가기로 했어요. 돌여행 다녀온 맘들 좋았던 곳 추천해주세요!', 49, 21, now() + interval '61 days'),
  ('a0000000-0000-0000-0000-000000000197', 'd0000000-0000-0000-0000-000000000019', 'general', NULL, '아기 첫 발 디딤 👣 7개월부터 잡고 서더니 드디어 혼자 한 발! 순간 온 가족이 박수 치며 환호했어요 ㅋㅋ', 14, 20, now() - interval '168 days'),
  ('a0000000-0000-0000-0000-000000000198', 'd0000000-0000-0000-0000-000000000023', 'qna', NULL, '아기 아토피 있는 맘들 보습제 뭐 쓰세요? 병원 로션은 너무 비싸요...', 43, 16, now() + interval '145 days'),
  ('a0000000-0000-0000-0000-000000000199', 'd0000000-0000-0000-0000-000000000075', 'birth_month', '2026-01', '2026-01생 맘들 어린이집 보내셨어요? 아직 이르려나... 고민 중이에요.', 62, 19, now() + interval '160 days'),
  ('a0000000-0000-0000-0000-000000000200', 'd0000000-0000-0000-0000-000000000041', 'general', NULL, '아기가 "아빠" 먼저 말해서 남편이 감동의 눈물 흘렸어요 ㅋㅋ 저는 좀 서운하지만 ㅎㅎ', 7, 16, now() + interval '78 days')
ON CONFLICT (id) DO NOTHING;

INSERT INTO posts (id, user_id, board_type, board_key, content, like_count, comment_count, created_at) VALUES
  ('a0000000-0000-0000-0000-000000000201', 'd0000000-0000-0000-0000-000000000076', 'general', NULL, '남편이 아기 돌보겠다고 해서 혼자 카페 왔어요. 커피 한 잔의 여유가 이렇게 소중한 줄 몰랐네요 ☕ 그런데 10분마다 사진 보내달래요 ㅋㅋ', 35, 3, now() - interval '116 days'),
  ('a0000000-0000-0000-0000-000000000202', 'd0000000-0000-0000-0000-000000000008', 'general', NULL, '아기가 분유병을 혼자 잡고 먹어요! 독립심이 자라나는 건가요? ㅋㅋ 뿌듯하면서 쓸쓸 ㅎ', 21, 3, now() + interval '24 days'),
  ('a0000000-0000-0000-0000-000000000203', 'd0000000-0000-0000-0000-000000000050', 'birth_month', '2026-06', '2026-06생 아기 돌잡이 뭐 잡았어요? 우리는 마이크 잡았어요! 🎤 미래의 가수인가 ㅋㅋ', 38, 2, now() + interval '147 days'),
  ('a0000000-0000-0000-0000-000000000204', 'd0000000-0000-0000-0000-000000000042', 'birth_month', '2025-09', '2025-09생 맘들 아기 몸무게 어때요? 우리 8kg인데 큰 건지 작은 건지 궁금해요.', 35, 5, now() + interval '116 days'),
  ('a0000000-0000-0000-0000-000000000205', 'd0000000-0000-0000-0000-000000000092', 'general', NULL, '이유식 시간이 전쟁터에요 ㅋㅋ 한 숟갈 먹이는데 30분... 바닥은 전쟁 후 같고 아기 얼굴은 고구마 범벅 😂', 44, 6, now() - interval '113 days'),
  ('a0000000-0000-0000-0000-000000000206', 'd0000000-0000-0000-0000-000000000068', 'birth_month', '2026-02', '2026-02생 아기 배밀이 중인데 뒤로만 가요 ㅋㅋ 앞으로 가고 싶은데 자꾸 후진... 귀여워요!', 13, 12, now() - interval '73 days'),
  ('a0000000-0000-0000-0000-000000000207', 'd0000000-0000-0000-0000-000000000100', 'general', NULL, '모유수유 끊으려니 아기보다 제가 더 슬퍼요 ㅠㅠ 마지막 수유할 때 눈물이 주르륵...', 41, 2, now() + interval '166 days'),
  ('a0000000-0000-0000-0000-000000000208', 'd0000000-0000-0000-0000-000000000009', 'general', NULL, '엄마 몸이 많이 힘든데 아기 웃음 소리 들으면 충전 100% 돼요. 이 감정이 모성인가 봐요 💪', 38, 22, now() - interval '65 days'),
  ('a0000000-0000-0000-0000-000000000209', 'd0000000-0000-0000-0000-000000000043', 'general', NULL, '아기가 기저귀 떼기 시작! 변기에 앉혀놓으면 뿌듯한 표정 짓는 게 ㅋㅋ 성공하면 박수 쳐줘요 👏', 45, 5, now() + interval '80 days'),
  ('a0000000-0000-0000-0000-000000000210', 'd0000000-0000-0000-0000-000000000017', 'birth_month', '2026-06', '2026-06생 맘들 아기 몸무게 어때요? 우리 8kg인데 큰 건지 작은 건지 궁금해요.', 63, 3, now() - interval '97 days'),
  ('a0000000-0000-0000-0000-000000000211', 'd0000000-0000-0000-0000-000000000017', 'region', NULL, '천안 아기용품 할인 행사 정보 있으면 공유해주세요! 기저귀 세일 어디서 하나요?', 56, 22, now() + interval '24 days'),
  ('a0000000-0000-0000-0000-000000000212', 'd0000000-0000-0000-0000-000000000047', 'general', NULL, '아기랑 첫 놀이동산! 회전목마 탔는데 표정이 멍... ㅋㅋ 좋은 건지 무서운 건지 모르겠어요 🎠', 22, 6, now() + interval '88 days'),
  ('a0000000-0000-0000-0000-000000000213', 'd0000000-0000-0000-0000-000000000025', 'general', NULL, '아기가 분유병을 혼자 잡고 먹어요! 독립심이 자라나는 건가요? ㅋㅋ 뿌듯하면서 쓸쓸 ㅎ', 11, 5, now() - interval '26 days'),
  ('a0000000-0000-0000-0000-000000000214', 'd0000000-0000-0000-0000-000000000099', 'birth_month', '2026-05', '2026-05생 아기 첫 걸음마 시작! 불안불안하게 3걸음 걸었어요. 넘어질 때마다 가슴이 철렁!', 50, 17, now() - interval '87 days'),
  ('a0000000-0000-0000-0000-000000000215', 'd0000000-0000-0000-0000-000000000077', 'general', NULL, '오늘 아기 데리고 첫 비행기 탔어요 ✈️ 이착륙 때 수유하니까 안 울었어요! 비행기 여행 팁 필요한 맘 있으면 물어보세요~', 13, 6, now() + interval '160 days'),
  ('a0000000-0000-0000-0000-000000000216', 'd0000000-0000-0000-0000-000000000093', 'birth_month', '2026-03', '2026-03생 아기 예방접종 잘 마쳤어요! 열 없이 지나가서 다행 😌', 29, 12, now() + interval '61 days'),
  ('a0000000-0000-0000-0000-000000000217', 'd0000000-0000-0000-0000-000000000037', 'region', NULL, '고양 맘들 어디서 만나세요? 육아 수다 떨 친구가 필요해요 ㅋㅋ', 53, 15, now() - interval '62 days'),
  ('a0000000-0000-0000-0000-000000000218', 'd0000000-0000-0000-0000-000000000025', 'general', NULL, '아기 발 냄새가 고소해요... 이상한가요? ㅋㅋ 자꾸 맡게 돼요 🦶', 63, 19, now() + interval '119 days'),
  ('a0000000-0000-0000-0000-000000000219', 'd0000000-0000-0000-0000-000000000100', 'general', NULL, '출산 후 처음으로 예전 청바지 입었어요! 3개월 걸렸지만 다시 맞다니 ㅠㅠ 조금씩 나를 되찾아가는 기분.', 36, 14, now() + interval '52 days'),
  ('a0000000-0000-0000-0000-000000000220', 'd0000000-0000-0000-0000-000000000033', 'general', NULL, '카페에서 아기가 조용하게 앉아있길래 뭐 하나 봤더니 휴지를 다 뜯고 있었어요 ㅋㅋ 창의력이라고 하겠습니다...', 33, 12, now() + interval '27 days'),
  ('a0000000-0000-0000-0000-000000000221', 'd0000000-0000-0000-0000-000000000016', 'general', NULL, '오늘 아기가 거울 보고 자기 모습에 깜짝 놀랐어요 ㅋㅋ 거울 속 아기한테 손도 뻗고 박치기도 하고...', 51, 6, now() - interval '132 days'),
  ('a0000000-0000-0000-0000-000000000222', 'd0000000-0000-0000-0000-000000000056', 'general', NULL, '이유식 시작했는데 쌀미음 첫 반응이 너무 웃겨요 ㅋㅋ 뭔가 인상을 찡그리면서도 계속 벌리는... 이유식 시작한 맘들 뭐부터 먹였어요?', 61, 8, now() + interval '90 days'),
  ('a0000000-0000-0000-0000-000000000223', 'd0000000-0000-0000-0000-000000000054', 'general', NULL, '아기 머리카락이 자라서 처음으로 묶었는데 핑크 머리끈 하고 너무 예뻐요!! 공주님이야 👸', 35, 12, now() - interval '21 days'),
  ('a0000000-0000-0000-0000-000000000224', 'd0000000-0000-0000-0000-000000000029', 'general', NULL, '모유수유 끊으려니 아기보다 제가 더 슬퍼요 ㅠㅠ 마지막 수유할 때 눈물이 주르륵...', 62, 4, now() + interval '167 days'),
  ('a0000000-0000-0000-0000-000000000225', 'd0000000-0000-0000-0000-000000000019', 'general', NULL, '아기가 처음 혼자 앉았어요!! 5초... 그리고 쿵 넘어졌지만 그 5초가 기적 같았어요 ✨', 21, 16, now() + interval '36 days'),
  ('a0000000-0000-0000-0000-000000000226', 'd0000000-0000-0000-0000-000000000058', 'birth_month', '2025-10', '2025-10생 첫 돌 케이크 어디서 주문했어요? 무설탕 케이크 찾고 있어요~', 60, 3, now() - interval '56 days'),
  ('a0000000-0000-0000-0000-000000000227', 'd0000000-0000-0000-0000-000000000094', 'birth_month', '2025-12', '2025-12생 아기 첫 이가 나왔어요! 아래 앞니인데 웃을 때 보이는 게 너무 귀여워요 😄', 30, 4, now() + interval '61 days'),
  ('a0000000-0000-0000-0000-000000000228', 'd0000000-0000-0000-0000-000000000007', 'general', NULL, '출산 후 1년... 이제 좀 여유가 생겼어요. 처음엔 매일 울었는데 이제는 웃으면서 육아해요. 맘들 다 잘 하고 있어요!', 43, 20, now() + interval '29 days'),
  ('a0000000-0000-0000-0000-000000000229', 'd0000000-0000-0000-0000-000000000077', 'birth_month', '2025-12', '2025-12생 아기 배밀이 중인데 뒤로만 가요 ㅋㅋ 앞으로 가고 싶은데 자꾸 후진... 귀여워요!', 43, 17, now() + interval '37 days'),
  ('a0000000-0000-0000-0000-000000000230', 'd0000000-0000-0000-0000-000000000001', 'birth_month', '2026-06', '2026-06생 맘들 뒤집기 시작했나요? 우리 애는 옆으로만 가요 ㅋㅋ 통통해서 그런가...', 18, 19, now() + interval '171 days'),
  ('a0000000-0000-0000-0000-000000000231', 'd0000000-0000-0000-0000-000000000068', 'qna', NULL, '아기 6개월인데 밤에 아직 3번씩 깨요. 이게 정상인 건가요? 수면교육 해야 할까요?', 7, 17, now() + interval '130 days'),
  ('a0000000-0000-0000-0000-000000000232', 'd0000000-0000-0000-0000-000000000003', 'general', NULL, '아기 백일인데 남편이 몰래 케이크 준비했어요 🎂 촛불 보고 아기가 손뼉 치는데... 💕', 33, 2, now() + interval '96 days'),
  ('a0000000-0000-0000-0000-000000000233', 'd0000000-0000-0000-0000-000000000096', 'general', NULL, '아기 돌잔치 준비 중인데 잔치 대신 가족여행 가기로 했어요. 돌여행 다녀온 맘들 좋았던 곳 추천해주세요!', 53, 3, now() - interval '169 days'),
  ('a0000000-0000-0000-0000-000000000234', 'd0000000-0000-0000-0000-000000000099', 'birth_month', '2026-04', '2026-04생 맘들 아기 몸무게 어때요? 우리 8kg인데 큰 건지 작은 건지 궁금해요.', 51, 11, now() - interval '91 days'),
  ('a0000000-0000-0000-0000-000000000235', 'd0000000-0000-0000-0000-000000000083', 'general', NULL, '어제 밤 아기가 잠꼬대로 "맘마" 했어요 ㅋㅋ 꿈에서도 밥 생각하는 우리 아기...', 52, 22, now() + interval '179 days'),
  ('a0000000-0000-0000-0000-000000000236', 'd0000000-0000-0000-0000-000000000081', 'general', NULL, '남편이 아기 돌보겠다고 해서 혼자 카페 왔어요. 커피 한 잔의 여유가 이렇게 소중한 줄 몰랐네요 ☕ 그런데 10분마다 사진 보내달래요 ㅋㅋ', 11, 3, now() + interval '118 days'),
  ('a0000000-0000-0000-0000-000000000237', 'd0000000-0000-0000-0000-000000000038', 'general', NULL, '아기랑 같이 낮잠 자는 게 세상에서 제일 행복한 시간이에요. 따뜻한 온기가 느껴져요.', 53, 7, now() + interval '81 days'),
  ('a0000000-0000-0000-0000-000000000238', 'd0000000-0000-0000-0000-000000000066', 'general', NULL, '임신 준비하면서 제일 힘든 건 기다림인 것 같아요. 매달 기대하고 실망하고... 같은 마음인 맘들에게 응원 보내요 🍀', 55, 18, now() + interval '10 days'),
  ('a0000000-0000-0000-0000-000000000239', 'd0000000-0000-0000-0000-000000000037', 'general', NULL, '이유식 거부하던 아기가 바나나는 먹어요!! 바나나 만세! 🍌', 52, 2, now() + interval '85 days'),
  ('a0000000-0000-0000-0000-000000000240', 'd0000000-0000-0000-0000-000000000016', 'region', NULL, '용인 놀이터 좋은 곳 아시는 맘 계세요? 바닥이 폭신하고 그늘 있는 곳 찾고 있어요.', 30, 13, now() + interval '99 days'),
  ('a0000000-0000-0000-0000-000000000241', 'd0000000-0000-0000-0000-000000000064', 'region', NULL, '천안 맘들~ 문화센터 수업 추천해주세요! 6개월 아기랑 다닐 수 있는 곳 찾고 있어요.', 26, 17, now() - interval '22 days'),
  ('a0000000-0000-0000-0000-000000000242', 'd0000000-0000-0000-0000-000000000056', 'birth_month', '2025-09', '2025-09생 맘들 뒤집기 시작했나요? 우리 애는 옆으로만 가요 ㅋㅋ 통통해서 그런가...', 55, 6, now() + interval '83 days'),
  ('a0000000-0000-0000-0000-000000000243', 'd0000000-0000-0000-0000-000000000042', 'region', NULL, '대전 주말 나들이 추천 장소 있어요? 아기랑 갈 만한 공원이나 카페요!', 22, 15, now() + interval '110 days'),
  ('a0000000-0000-0000-0000-000000000244', 'd0000000-0000-0000-0000-000000000045', 'birth_month', '2025-12', '2025-12생 맘들 어린이집 보내셨어요? 아직 이르려나... 고민 중이에요.', 49, 12, now() + interval '112 days'),
  ('a0000000-0000-0000-0000-000000000245', 'd0000000-0000-0000-0000-000000000008', 'general', NULL, '아기 첫 이빨 났어요!! 아래 앞니 두 개가 동시에! 칫솔질 어떻게 해야 하는지 아시는 맘?', 43, 13, now() - interval '174 days'),
  ('a0000000-0000-0000-0000-000000000246', 'd0000000-0000-0000-0000-000000000004', 'general', NULL, '아기 목욕 시간이 제일 좋아요. 물 만나면 발차기하고 웃고... 근데 꺼내면 세상 끝난 것처럼 울어요 ㅋㅋ', 41, 22, now() + interval '9 days'),
  ('a0000000-0000-0000-0000-000000000247', 'd0000000-0000-0000-0000-000000000009', 'general', NULL, '남편이 아기 돌보겠다고 해서 혼자 카페 왔어요. 커피 한 잔의 여유가 이렇게 소중한 줄 몰랐네요 ☕ 그런데 10분마다 사진 보내달래요 ㅋㅋ', 44, 12, now() - interval '146 days'),
  ('a0000000-0000-0000-0000-000000000248', 'd0000000-0000-0000-0000-000000000078', 'general', NULL, '출산 후 처음으로 예전 청바지 입었어요! 3개월 걸렸지만 다시 맞다니 ㅠㅠ 조금씩 나를 되찾아가는 기분.', 31, 12, now() - interval '20 days'),
  ('a0000000-0000-0000-0000-000000000249', 'd0000000-0000-0000-0000-000000000068', 'general', NULL, '이유식 시작했는데 쌀미음 첫 반응이 너무 웃겨요 ㅋㅋ 뭔가 인상을 찡그리면서도 계속 벌리는... 이유식 시작한 맘들 뭐부터 먹였어요?', 23, 21, now() - interval '30 days'),
  ('a0000000-0000-0000-0000-000000000250', 'd0000000-0000-0000-0000-000000000095', 'general', NULL, '오늘 아기 첫 놀이터 데뷔! 모래 처음 만져보고는 표정이 ㅋㅋ', 36, 13, now() + interval '31 days')
ON CONFLICT (id) DO NOTHING;

INSERT INTO posts (id, user_id, board_type, board_key, content, like_count, comment_count, created_at) VALUES
  ('a0000000-0000-0000-0000-000000000251', 'd0000000-0000-0000-0000-000000000100', 'general', NULL, '아기랑 첫 놀이동산! 회전목마 탔는데 표정이 멍... ㅋㅋ 좋은 건지 무서운 건지 모르겠어요 🎠', 31, 7, now() + interval '74 days'),
  ('a0000000-0000-0000-0000-000000000252', 'd0000000-0000-0000-0000-000000000026', 'general', NULL, '오늘 아기 데리고 처음으로 도서관 갔어요 📚 조용히 해야 되는데 아기가 책 보고 소리 지르길래 얼른 나왔어요 ㅋㅋ', 57, 3, now() + interval '114 days'),
  ('a0000000-0000-0000-0000-000000000253', 'd0000000-0000-0000-0000-000000000088', 'qna', NULL, '아기 6개월인데 밤에 아직 3번씩 깨요. 이게 정상인 건가요? 수면교육 해야 할까요?', 23, 22, now() - interval '17 days'),
  ('a0000000-0000-0000-0000-000000000254', 'd0000000-0000-0000-0000-000000000070', 'general', NULL, '시어머니가 이유식 만들어오셨는데 정성이 가득... 우리 아기가 할머니 이유식이 더 잘 먹어요 ㅋㅋ 비밀이에요 🤫', 22, 6, now() + interval '180 days'),
  ('a0000000-0000-0000-0000-000000000255', 'd0000000-0000-0000-0000-000000000047', 'birth_month', '2026-03', '2026-03생 맘 여기 모여요~! 우리 아기들 다들 잘 자라고 있죠? 요즘 뭐가 달라졌는지 공유해요! 😊', 10, 7, now() + interval '61 days'),
  ('a0000000-0000-0000-0000-000000000256', 'd0000000-0000-0000-0000-000000000047', 'birth_month', '2025-10', '2025-10생 아기 예방접종 잘 마쳤어요! 열 없이 지나가서 다행 😌', 26, 15, now() + interval '142 days'),
  ('a0000000-0000-0000-0000-000000000257', 'd0000000-0000-0000-0000-000000000012', 'general', NULL, '아기 첫 발 디딤 👣 7개월부터 잡고 서더니 드디어 혼자 한 발! 순간 온 가족이 박수 치며 환호했어요 ㅋㅋ', 28, 16, now() + interval '105 days'),
  ('a0000000-0000-0000-0000-000000000258', 'd0000000-0000-0000-0000-000000000017', 'qna', NULL, '분유 온도 몇 도가 적당해요? 온도계 사야 할까요? 너무 뜨거울까봐 무서워요...', 44, 3, now() + interval '175 days'),
  ('a0000000-0000-0000-0000-000000000259', 'd0000000-0000-0000-0000-000000000045', 'general', NULL, '아기 목욕 시간이 제일 좋아요. 물 만나면 발차기하고 웃고... 근데 꺼내면 세상 끝난 것처럼 울어요 ㅋㅋ', 56, 18, now() + interval '47 days'),
  ('a0000000-0000-0000-0000-000000000260', 'd0000000-0000-0000-0000-000000000056', 'birth_month', '2025-10', '2025-10생 맘들 낮잠 몇 번 자요? 우리 애는 아직 3번인데 주변에서 2번으로 줄이래요.', 58, 2, now() + interval '133 days'),
  ('a0000000-0000-0000-0000-000000000261', 'd0000000-0000-0000-0000-000000000022', 'general', NULL, '아기 발 냄새가 고소해요... 이상한가요? ㅋㅋ 자꾸 맡게 돼요 🦶', 62, 8, now() - interval '133 days'),
  ('a0000000-0000-0000-0000-000000000262', 'd0000000-0000-0000-0000-000000000011', 'general', NULL, '오늘 처음으로 아기가 고개를 돌려서 저를 찾았어요. "엄마 어디?" 하는 표정에 심장 녹았습니다 ❤️', 43, 18, now() - interval '161 days'),
  ('a0000000-0000-0000-0000-000000000263', 'd0000000-0000-0000-0000-000000000079', 'birth_month', '2025-10', '2025-10생 맘들 분유 뭐 먹이세요? 우리 애가 지금 먹는 분유에 배가 더부룩한 것 같아서 바꿔볼까 해요.', 35, 21, now() - interval '149 days'),
  ('a0000000-0000-0000-0000-000000000264', 'd0000000-0000-0000-0000-000000000085', 'birth_month', '2025-08', '2025-08생 맘 여기 모여요~! 우리 아기들 다들 잘 자라고 있죠? 요즘 뭐가 달라졌는지 공유해요! 😊', 60, 20, now() - interval '145 days'),
  ('a0000000-0000-0000-0000-000000000265', 'd0000000-0000-0000-0000-000000000011', 'general', NULL, '육아 중 제일 뿌듯한 순간은 아기가 아플 때 엄마 품을 찾을 때인 것 같아요. 내가 필요한 사람이 있다는 게...', 44, 19, now() - interval '54 days'),
  ('a0000000-0000-0000-0000-000000000266', 'd0000000-0000-0000-0000-000000000080', 'birth_month', '2025-12', '2025-12생 아기 하이파이브 배웠어요! "하이~" 하면서 손뼉 치는데 세상 귀여워요 🤗', 34, 21, now() + interval '165 days'),
  ('a0000000-0000-0000-0000-000000000267', 'd0000000-0000-0000-0000-000000000032', 'region', NULL, '부산 놀이터 좋은 곳 아시는 맘 계세요? 바닥이 폭신하고 그늘 있는 곳 찾고 있어요.', 46, 13, now() - interval '19 days'),
  ('a0000000-0000-0000-0000-000000000268', 'd0000000-0000-0000-0000-000000000057', 'birth_month', '2026-01', '2026-01생 맘들 체중 궁금해요! 우리 9.5kg인데 먹는 양에 비해 안 느는 것 같아서요.', 32, 7, now() - interval '37 days'),
  ('a0000000-0000-0000-0000-000000000269', 'd0000000-0000-0000-0000-000000000041', 'region', NULL, '창원 아기용품 할인 행사 정보 있으면 공유해주세요! 기저귀 세일 어디서 하나요?', 58, 12, now() + interval '34 days'),
  ('a0000000-0000-0000-0000-000000000270', 'd0000000-0000-0000-0000-000000000072', 'general', NULL, '입덧 끝나니 세상이 달라 보여요! 3개월 동안 물만 먹었는데 오늘 치킨 먹었어요 🍗', 18, 15, now() - interval '116 days'),
  ('a0000000-0000-0000-0000-000000000271', 'd0000000-0000-0000-0000-000000000019', 'general', NULL, '입덧 끝나니 세상이 달라 보여요! 3개월 동안 물만 먹었는데 오늘 치킨 먹었어요 🍗', 21, 13, now() + interval '108 days'),
  ('a0000000-0000-0000-0000-000000000272', 'd0000000-0000-0000-0000-000000000021', 'region', NULL, '대전 맘들 어디서 만나세요? 육아 수다 떨 친구가 필요해요 ㅋㅋ', 62, 19, now() + interval '49 days'),
  ('a0000000-0000-0000-0000-000000000273', 'd0000000-0000-0000-0000-000000000066', 'birth_month', '2026-02', '2026-02생 아기 첫 치카! 실리콘 칫솔로 닦아줬는데 재밌어하네요 ㅎㅎ', 59, 10, now() + interval '24 days'),
  ('a0000000-0000-0000-0000-000000000274', 'd0000000-0000-0000-0000-000000000059', 'qna', NULL, '임산부 요가 언제부터 시작하면 되나요? 운동을 안 하니 몸이 너무 뻣뻣해요 ㅠ', 16, 19, now() - interval '13 days'),
  ('a0000000-0000-0000-0000-000000000275', 'd0000000-0000-0000-0000-000000000064', 'birth_month', '2026-04', '2026-04생 맘 여기 모여요~! 우리 아기들 다들 잘 자라고 있죠? 요즘 뭐가 달라졌는지 공유해요! 😊', 56, 21, now() + interval '74 days'),
  ('a0000000-0000-0000-0000-000000000276', 'd0000000-0000-0000-0000-000000000014', 'birth_month', '2026-01', '2026-01생 아기 이유식 잘 먹나요? 우리 애는 감자 좋아하는데 당근은 뱉어요 ㅋㅋ 편식 시작인가요?', 59, 9, now() + interval '104 days'),
  ('a0000000-0000-0000-0000-000000000277', 'd0000000-0000-0000-0000-000000000052', 'general', NULL, '아기 첫 발 디딤 👣 7개월부터 잡고 서더니 드디어 혼자 한 발! 순간 온 가족이 박수 치며 환호했어요 ㅋㅋ', 38, 7, now() - interval '74 days'),
  ('a0000000-0000-0000-0000-000000000278', 'd0000000-0000-0000-0000-000000000050', 'birth_month', '2026-06', '2026-06생 아기 예방접종 잘 마쳤어요! 열 없이 지나가서 다행 😌', 51, 18, now() - interval '160 days'),
  ('a0000000-0000-0000-0000-000000000279', 'd0000000-0000-0000-0000-000000000016', 'general', NULL, '할머니가 아기한테 동요 불러주시는데 아기가 할머니한테만 배시시 웃어요. 할머니 얼굴에 꽃이 폈어요 🌸', 9, 13, now() - interval '87 days'),
  ('a0000000-0000-0000-0000-000000000280', 'd0000000-0000-0000-0000-000000000097', 'general', NULL, '아기 첫 뒤집기 성공! 🎉 거실에서 나만 보고 있었는데 갑자기 되더라구요. 남편한테 영상 보여줬더니 자기도 보고 싶었다고 ㅠㅠ', 41, 17, now() + interval '11 days'),
  ('a0000000-0000-0000-0000-000000000281', 'd0000000-0000-0000-0000-000000000005', 'general', NULL, '아기 피부가 너무 좋아요. 볼이 떡 같아서 자꾸 뽀뽀해요. 아기는 싫다는 표정이지만 못 참겠어요 💋', 24, 16, now() + interval '39 days'),
  ('a0000000-0000-0000-0000-000000000282', 'd0000000-0000-0000-0000-000000000018', 'general', NULL, '오늘 처음으로 아기가 고개를 돌려서 저를 찾았어요. "엄마 어디?" 하는 표정에 심장 녹았습니다 ❤️', 42, 11, now() - interval '158 days'),
  ('a0000000-0000-0000-0000-000000000283', 'd0000000-0000-0000-0000-000000000076', 'general', NULL, '오늘 처음으로 아기가 고개를 돌려서 저를 찾았어요. "엄마 어디?" 하는 표정에 심장 녹았습니다 ❤️', 56, 17, now() + interval '145 days'),
  ('a0000000-0000-0000-0000-000000000284', 'd0000000-0000-0000-0000-000000000061', 'region', NULL, '세종 산후조리원 가격 비교 중인데 다들 어디 다니셨어요? 경험담 부탁드려요!', 26, 11, now() + interval '107 days'),
  ('a0000000-0000-0000-0000-000000000285', 'd0000000-0000-0000-0000-000000000093', 'qna', NULL, '아기 이유식 알레르기 검사 꼭 해야 하나요? 새로운 음식 줄 때마다 겁나요.', 43, 1, now() + interval '68 days'),
  ('a0000000-0000-0000-0000-000000000286', 'd0000000-0000-0000-0000-000000000100', 'birth_month', '2026-04', '2026-04생 맘들 어린이집 보내셨어요? 아직 이르려나... 고민 중이에요.', 17, 2, now() + interval '44 days'),
  ('a0000000-0000-0000-0000-000000000287', 'd0000000-0000-0000-0000-000000000093', 'birth_month', '2025-11', '2025-11생 아기 이유식 잘 먹나요? 우리 애는 감자 좋아하는데 당근은 뱉어요 ㅋㅋ 편식 시작인가요?', 56, 13, now() - interval '175 days'),
  ('a0000000-0000-0000-0000-000000000288', 'd0000000-0000-0000-0000-000000000074', 'qna', NULL, '워킹맘인데 짧은 시간이라도 질 높은 놀이 방법 있을까요? 죄책감이 커요...', 10, 7, now() - interval '81 days'),
  ('a0000000-0000-0000-0000-000000000289', 'd0000000-0000-0000-0000-000000000020', 'birth_month', '2026-03', '2026-03생 아기 손 빨기 시작했는데 정상인가요? 공갈젖꼭지 물려야 하나 고민이에요.', 16, 14, now() + interval '157 days'),
  ('a0000000-0000-0000-0000-000000000290', 'd0000000-0000-0000-0000-000000000094', 'general', NULL, '어제 밤 아기가 잠꼬대로 "맘마" 했어요 ㅋㅋ 꿈에서도 밥 생각하는 우리 아기...', 11, 17, now() - interval '84 days'),
  ('a0000000-0000-0000-0000-000000000291', 'd0000000-0000-0000-0000-000000000068', 'general', NULL, '아기가 짝짜꿍 배웠어요! 손뼉 치면서 자기가 더 신나하네요 ㅋㅋ 세상 귀여워', 64, 6, now() + interval '137 days'),
  ('a0000000-0000-0000-0000-000000000292', 'd0000000-0000-0000-0000-000000000070', 'general', NULL, '오늘 아기 첫 놀이터 데뷔! 모래 처음 만져보고는 표정이 ㅋㅋ', 52, 22, now() + interval '178 days'),
  ('a0000000-0000-0000-0000-000000000293', 'd0000000-0000-0000-0000-000000000079', 'birth_month', '2025-11', '2025-11생 맘들 낮잠 몇 번 자요? 우리 애는 아직 3번인데 주변에서 2번으로 줄이래요.', 64, 8, now() - interval '77 days'),
  ('a0000000-0000-0000-0000-000000000294', 'd0000000-0000-0000-0000-000000000099', 'general', NULL, '아기가 "아빠" 먼저 말해서 남편이 감동의 눈물 흘렸어요 ㅋㅋ 저는 좀 서운하지만 ㅎㅎ', 16, 16, now() - interval '90 days'),
  ('a0000000-0000-0000-0000-000000000295', 'd0000000-0000-0000-0000-000000000037', 'general', NULL, '첫 아기 수영 다녀왔는데 물에 들어가자마자 울어서 5분만에 나왔어요 ㅎㅎ 다음엔 적응하겠죠?', 46, 18, now() - interval '102 days'),
  ('a0000000-0000-0000-0000-000000000296', 'd0000000-0000-0000-0000-000000000099', 'region', NULL, '창원 주말 나들이 추천 장소 있어요? 아기랑 갈 만한 공원이나 카페요!', 21, 2, now() - interval '21 days'),
  ('a0000000-0000-0000-0000-000000000297', 'd0000000-0000-0000-0000-000000000084', 'general', NULL, '이유식 거부하던 아기가 바나나는 먹어요!! 바나나 만세! 🍌', 33, 7, now() - interval '138 days'),
  ('a0000000-0000-0000-0000-000000000298', 'd0000000-0000-0000-0000-000000000072', 'region', NULL, '수원 이사 온 지 얼마 안 돼서 친구가 없어요 ㅠ 비슷한 월령 아기 맘이면 좋겠어요.', 11, 4, now() + interval '151 days'),
  ('a0000000-0000-0000-0000-000000000299', 'd0000000-0000-0000-0000-000000000007', 'region', NULL, '인천 아기띠 체험 가능한 매장 아시나요? 직접 메보고 사고 싶어요.', 36, 8, now() + interval '14 days'),
  ('a0000000-0000-0000-0000-000000000300', 'd0000000-0000-0000-0000-000000000043', 'region', NULL, '포항 놀이터 좋은 곳 아시는 맘 계세요? 바닥이 폭신하고 그늘 있는 곳 찾고 있어요.', 9, 22, now() + interval '2 days')
ON CONFLICT (id) DO NOTHING;

INSERT INTO posts (id, user_id, board_type, board_key, content, like_count, comment_count, created_at) VALUES
  ('a0000000-0000-0000-0000-000000000301', 'd0000000-0000-0000-0000-000000000053', 'region', NULL, '고양 아기 수영장 다니는 맘 계세요? 어떤 프로그램이 좋은지 궁금해요.', 59, 16, now() + interval '52 days'),
  ('a0000000-0000-0000-0000-000000000302', 'd0000000-0000-0000-0000-000000000037', 'birth_month', '2026-04', '2026-04생 아기 손 빨기 시작했는데 정상인가요? 공갈젖꼭지 물려야 하나 고민이에요.', 61, 3, now() + interval '60 days'),
  ('a0000000-0000-0000-0000-000000000303', 'd0000000-0000-0000-0000-000000000093', 'qna', NULL, '신생아 목욕 몇 번이 적당해요? 매일 씻기면 피부 건조해진다던데...', 5, 6, now() + interval '46 days'),
  ('a0000000-0000-0000-0000-000000000304', 'd0000000-0000-0000-0000-000000000005', 'qna', NULL, '아기 코딱지 어떻게 빼나요? ㅋㅋ 면봉으로 하면 싫어하고... 코 흡입기 쓰시나요?', 28, 16, now() - interval '75 days'),
  ('a0000000-0000-0000-0000-000000000305', 'd0000000-0000-0000-0000-000000000005', 'general', NULL, '아기 발 냄새가 고소해요... 이상한가요? ㅋㅋ 자꾸 맡게 돼요 🦶', 39, 20, now() - interval '86 days'),
  ('a0000000-0000-0000-0000-000000000306', 'd0000000-0000-0000-0000-000000000059', 'qna', NULL, '임신 중 카페인 얼마까지 괜찮아요? 커피 한 잔도 안 되나요?', 37, 17, now() + interval '35 days'),
  ('a0000000-0000-0000-0000-000000000307', 'd0000000-0000-0000-0000-000000000065', 'birth_month', '2026-06', '2026-06생 아기 "맘마" "빠빠" 말해요! 돌 전에 말 시작하니 대화가 되는 느낌? ㅋㅋ', 15, 4, now() - interval '118 days'),
  ('a0000000-0000-0000-0000-000000000308', 'd0000000-0000-0000-0000-000000000092', 'general', NULL, '임신 준비하면서 제일 힘든 건 기다림인 것 같아요. 매달 기대하고 실망하고... 같은 마음인 맘들에게 응원 보내요 🍀', 50, 11, now() + interval '146 days'),
  ('a0000000-0000-0000-0000-000000000309', 'd0000000-0000-0000-0000-000000000023', 'birth_month', '2026-01', '2026-01생 맘들 뒤집기 시작했나요? 우리 애는 옆으로만 가요 ㅋㅋ 통통해서 그런가...', 43, 13, now() + interval '132 days'),
  ('a0000000-0000-0000-0000-000000000310', 'd0000000-0000-0000-0000-000000000052', 'region', NULL, '서울 키즈카페 추천! 넓고 깨끗하고 부모 쉴 공간도 있어요. 커피도 맛있고 ㅎㅎ', 14, 5, now() + interval '64 days'),
  ('a0000000-0000-0000-0000-000000000311', 'd0000000-0000-0000-0000-000000000050', 'general', NULL, '새벽 4시 수유하면서 보는 하늘이 진짜 예뻐요. 힘들지만 아기 얼굴 보면 다 녹아요 ㅎㅎ 같은 시간에 깨어있는 맘들 계시면 손 흔들어요~ 🌙', 51, 9, now() + interval '78 days'),
  ('a0000000-0000-0000-0000-000000000312', 'd0000000-0000-0000-0000-000000000034', 'region', NULL, '전주 산후조리원 가격 비교 중인데 다들 어디 다니셨어요? 경험담 부탁드려요!', 47, 8, now() - interval '31 days'),
  ('a0000000-0000-0000-0000-000000000313', 'd0000000-0000-0000-0000-000000000021', 'birth_month', '2025-12', '2025-12생 예정맘인데 곧 만나네요! 출산가방 다 쌌는데 혹시 빠진 거 없는지 봐주세요 🥹', 35, 10, now() + interval '164 days'),
  ('a0000000-0000-0000-0000-000000000314', 'd0000000-0000-0000-0000-000000000079', 'general', NULL, '아기 머리카락이 자라서 처음으로 묶었는데 핑크 머리끈 하고 너무 예뻐요!! 공주님이야 👸', 64, 5, now() + interval '117 days'),
  ('a0000000-0000-0000-0000-000000000315', 'd0000000-0000-0000-0000-000000000054', 'region', NULL, '울산 이사 온 지 얼마 안 돼서 친구가 없어요 ㅠ 비슷한 월령 아기 맘이면 좋겠어요.', 61, 16, now() + interval '171 days'),
  ('a0000000-0000-0000-0000-000000000316', 'd0000000-0000-0000-0000-000000000088', 'region', NULL, '창원 맘들~ 문화센터 수업 추천해주세요! 6개월 아기랑 다닐 수 있는 곳 찾고 있어요.', 58, 3, now() + interval '136 days'),
  ('a0000000-0000-0000-0000-000000000317', 'd0000000-0000-0000-0000-000000000073', 'general', NULL, '이유식 초기인데 아보카도 반응이 대박! 입 벌리고 기다려요 ㅋㅋ 아보카도가 이렇게 비싼데 아기는 모르겠지...', 56, 18, now() + interval '52 days'),
  ('a0000000-0000-0000-0000-000000000318', 'd0000000-0000-0000-0000-000000000020', 'general', NULL, '아기 돌 지나니 말이 폭발적으로 늘어요! 어제는 "주세요"를 처음 했어요.', 57, 17, now() + interval '175 days'),
  ('a0000000-0000-0000-0000-000000000319', 'd0000000-0000-0000-0000-000000000092', 'birth_month', '2026-03', '2026-03생 아기 첫 걸음마 시작! 불안불안하게 3걸음 걸었어요. 넘어질 때마다 가슴이 철렁!', 8, 17, now() + interval '15 days'),
  ('a0000000-0000-0000-0000-000000000320', 'd0000000-0000-0000-0000-000000000066', 'birth_month', '2025-12', '2025-12생 아기 손 빨기 시작했는데 정상인가요? 공갈젖꼭지 물려야 하나 고민이에요.', 39, 2, now() + interval '173 days'),
  ('a0000000-0000-0000-0000-000000000321', 'd0000000-0000-0000-0000-000000000003', 'general', NULL, '아기 첫 발 디딤 👣 7개월부터 잡고 서더니 드디어 혼자 한 발! 순간 온 가족이 박수 치며 환호했어요 ㅋㅋ', 55, 1, now() + interval '149 days'),
  ('a0000000-0000-0000-0000-000000000322', 'd0000000-0000-0000-0000-000000000006', 'birth_month', '2025-09', '2025-09생 아기 하이파이브 배웠어요! "하이~" 하면서 손뼉 치는데 세상 귀여워요 🤗', 47, 3, now() + interval '16 days'),
  ('a0000000-0000-0000-0000-000000000323', 'd0000000-0000-0000-0000-000000000005', 'general', NULL, '육아 중 제일 뿌듯한 순간은 아기가 아플 때 엄마 품을 찾을 때인 것 같아요. 내가 필요한 사람이 있다는 게...', 14, 5, now() + interval '166 days'),
  ('a0000000-0000-0000-0000-000000000324', 'd0000000-0000-0000-0000-000000000048', 'qna', NULL, '첫째 있는데 둘째 임신했어요! 터울이 2년인데 첫째 질투가 걱정이에요.', 27, 15, now() + interval '97 days'),
  ('a0000000-0000-0000-0000-000000000325', 'd0000000-0000-0000-0000-000000000011', 'region', NULL, '인천 놀이터 좋은 곳 아시는 맘 계세요? 바닥이 폭신하고 그늘 있는 곳 찾고 있어요.', 45, 18, now() - interval '90 days'),
  ('a0000000-0000-0000-0000-000000000326', 'd0000000-0000-0000-0000-000000000069', 'general', NULL, '오늘 처음으로 아기가 고개를 돌려서 저를 찾았어요. "엄마 어디?" 하는 표정에 심장 녹았습니다 ❤️', 11, 8, now() + interval '6 days'),
  ('a0000000-0000-0000-0000-000000000327', 'd0000000-0000-0000-0000-000000000060', 'region', NULL, '수원 주말 나들이 추천 장소 있어요? 아기랑 갈 만한 공원이나 카페요!', 37, 14, now() + interval '59 days'),
  ('a0000000-0000-0000-0000-000000000328', 'd0000000-0000-0000-0000-000000000045', 'general', NULL, '육아 중 제일 뿌듯한 순간은 아기가 아플 때 엄마 품을 찾을 때인 것 같아요. 내가 필요한 사람이 있다는 게...', 15, 4, now() - interval '170 days'),
  ('a0000000-0000-0000-0000-000000000329', 'd0000000-0000-0000-0000-000000000079', 'region', NULL, '인천 아기 사진 잘 찍어주는 스튜디오 추천해주세요! 100일 사진 찍으러 가려고요 📸', 59, 1, now() - interval '18 days'),
  ('a0000000-0000-0000-0000-000000000330', 'd0000000-0000-0000-0000-000000000005', 'birth_month', '2026-02', '2026-02 예정맘인데 태명 뭘로 하셨어요? 우리는 "봄이"로 했어요 🌸', 46, 2, now() - interval '12 days'),
  ('a0000000-0000-0000-0000-000000000331', 'd0000000-0000-0000-0000-000000000030', 'birth_month', '2025-11', '2025-11생 아기 손 빨기 시작했는데 정상인가요? 공갈젖꼭지 물려야 하나 고민이에요.', 51, 2, now() - interval '75 days'),
  ('a0000000-0000-0000-0000-000000000332', 'd0000000-0000-0000-0000-000000000074', 'general', NULL, '오늘 처음으로 아기가 고개를 돌려서 저를 찾았어요. "엄마 어디?" 하는 표정에 심장 녹았습니다 ❤️', 41, 22, now() + interval '61 days'),
  ('a0000000-0000-0000-0000-000000000333', 'd0000000-0000-0000-0000-000000000019', 'qna', NULL, '모유수유 중인데 감기약 먹어도 되나요? 아기한테 영향 있을까 걱정이에요.', 36, 8, now() + interval '71 days'),
  ('a0000000-0000-0000-0000-000000000334', 'd0000000-0000-0000-0000-000000000072', 'qna', NULL, '아기 6개월인데 밤에 아직 3번씩 깨요. 이게 정상인 건가요? 수면교육 해야 할까요?', 59, 6, now() + interval '110 days'),
  ('a0000000-0000-0000-0000-000000000335', 'd0000000-0000-0000-0000-000000000064', 'general', NULL, '드디어 통잠 성공!! 7시간 연속으로 잤어요!! 저도 같이 잤는데 아침에 개운함에 울 뻔 ㅋㅋ', 25, 21, now() + interval '135 days'),
  ('a0000000-0000-0000-0000-000000000336', 'd0000000-0000-0000-0000-000000000090', 'birth_month', '2026-03', '2026-03생 아기 50일 됐어요! 방긋 웃기 시작했는데 세상 예뻐요. 사진 100장은 찍은 듯 ㅋㅋ', 12, 10, now() - interval '138 days'),
  ('a0000000-0000-0000-0000-000000000337', 'd0000000-0000-0000-0000-000000000029', 'general', NULL, '아기가 강아지 보고 "멍멍!" 했어요 ㅋㅋ 동물 소리 책 효과가 있었나봐요 🐕', 48, 5, now() + interval '15 days'),
  ('a0000000-0000-0000-0000-000000000338', 'd0000000-0000-0000-0000-000000000054', 'birth_month', '2026-01', '2026-01생 맘들 어린이집 보내셨어요? 아직 이르려나... 고민 중이에요.', 11, 13, now() - interval '53 days'),
  ('a0000000-0000-0000-0000-000000000339', 'd0000000-0000-0000-0000-000000000011', 'qna', NULL, '모유수유 중인데 감기약 먹어도 되나요? 아기한테 영향 있을까 걱정이에요.', 57, 12, now() - interval '49 days'),
  ('a0000000-0000-0000-0000-000000000340', 'd0000000-0000-0000-0000-000000000035', 'general', NULL, '임신 준비하면서 제일 힘든 건 기다림인 것 같아요. 매달 기대하고 실망하고... 같은 마음인 맘들에게 응원 보내요 🍀', 41, 20, now() - interval '19 days'),
  ('a0000000-0000-0000-0000-000000000341', 'd0000000-0000-0000-0000-000000000098', 'birth_month', '2026-01', '2026-01생 맘들 낮잠 몇 번 자요? 우리 애는 아직 3번인데 주변에서 2번으로 줄이래요.', 45, 18, now() - interval '54 days'),
  ('a0000000-0000-0000-0000-000000000342', 'd0000000-0000-0000-0000-000000000002', 'general', NULL, '입덧 끝나니 세상이 달라 보여요! 3개월 동안 물만 먹었는데 오늘 치킨 먹었어요 🍗', 15, 4, now() + interval '123 days'),
  ('a0000000-0000-0000-0000-000000000343', 'd0000000-0000-0000-0000-000000000090', 'birth_month', '2026-01', '2026-01 예정맘인데 임신선 관리 어떻게 하세요? 크림 추천해주세요!', 16, 13, now() + interval '142 days'),
  ('a0000000-0000-0000-0000-000000000344', 'd0000000-0000-0000-0000-000000000037', 'general', NULL, '할머니가 아기한테 동요 불러주시는데 아기가 할머니한테만 배시시 웃어요. 할머니 얼굴에 꽃이 폈어요 🌸', 37, 21, now() - interval '67 days'),
  ('a0000000-0000-0000-0000-000000000345', 'd0000000-0000-0000-0000-000000000066', 'qna', NULL, '아기 아토피 있는 맘들 보습제 뭐 쓰세요? 병원 로션은 너무 비싸요...', 32, 4, now() + interval '121 days'),
  ('a0000000-0000-0000-0000-000000000346', 'd0000000-0000-0000-0000-000000000041', 'qna', NULL, '임신 중 카페인 얼마까지 괜찮아요? 커피 한 잔도 안 되나요?', 26, 11, now() + interval '145 days'),
  ('a0000000-0000-0000-0000-000000000347', 'd0000000-0000-0000-0000-000000000029', 'region', NULL, '세종 아기띠 체험 가능한 매장 아시나요? 직접 메보고 사고 싶어요.', 4, 9, now() + interval '150 days'),
  ('a0000000-0000-0000-0000-000000000348', 'd0000000-0000-0000-0000-000000000038', 'general', NULL, '출산 후 1년... 이제 좀 여유가 생겼어요. 처음엔 매일 울었는데 이제는 웃으면서 육아해요. 맘들 다 잘 하고 있어요!', 24, 8, now() - interval '63 days'),
  ('a0000000-0000-0000-0000-000000000349', 'd0000000-0000-0000-0000-000000000071', 'region', NULL, '청주 주말 나들이 추천 장소 있어요? 아기랑 갈 만한 공원이나 카페요!', 46, 11, now() - interval '126 days'),
  ('a0000000-0000-0000-0000-000000000350', 'd0000000-0000-0000-0000-000000000022', 'region', NULL, '청주 놀이터 좋은 곳 아시는 맘 계세요? 바닥이 폭신하고 그늘 있는 곳 찾고 있어요.', 25, 6, now() - interval '140 days')
ON CONFLICT (id) DO NOTHING;

INSERT INTO posts (id, user_id, board_type, board_key, content, like_count, comment_count, created_at) VALUES
  ('a0000000-0000-0000-0000-000000000351', 'd0000000-0000-0000-0000-000000000070', 'qna', NULL, '아기가 밤에 열이 나요. 몇 도 이상이면 응급실 가야 하나요? 불안해요 😰', 64, 2, now() + interval '20 days'),
  ('a0000000-0000-0000-0000-000000000352', 'd0000000-0000-0000-0000-000000000086', 'general', NULL, '아기한테 매일 "사랑해" 하는데 오늘 처음으로 "사아해~" 하고 따라 했어요 ㅠㅠ 세상에서 제일 행복한 사람은 저예요!!!', 3, 14, now() - interval '162 days'),
  ('a0000000-0000-0000-0000-000000000353', 'd0000000-0000-0000-0000-000000000009', 'region', NULL, '부산 아기 사진 잘 찍어주는 스튜디오 추천해주세요! 100일 사진 찍으러 가려고요 📸', 3, 7, now() + interval '96 days'),
  ('a0000000-0000-0000-0000-000000000354', 'd0000000-0000-0000-0000-000000000082', 'region', NULL, '서울 예방접종 잘하는 소아과 아시는 분? 아기가 주사 맞고 안 울었으면 좋겠어요 ㅋㅋ', 42, 16, now() + interval '5 days'),
  ('a0000000-0000-0000-0000-000000000355', 'd0000000-0000-0000-0000-000000000071', 'birth_month', '2025-12', '2025-12생 맘 여기 모여요~! 우리 아기들 다들 잘 자라고 있죠? 요즘 뭐가 달라졌는지 공유해요! 😊', 4, 17, now() + interval '138 days'),
  ('a0000000-0000-0000-0000-000000000356', 'd0000000-0000-0000-0000-000000000065', 'region', NULL, '인천 산부인과 추천 부탁드려요. 첫 임신이라 병원 선택이 어려워요. 🏥', 46, 14, now() + interval '46 days'),
  ('a0000000-0000-0000-0000-000000000357', 'd0000000-0000-0000-0000-000000000068', 'general', NULL, '이유식 거부하던 아기가 바나나는 먹어요!! 바나나 만세! 🍌', 15, 20, now() + interval '91 days'),
  ('a0000000-0000-0000-0000-000000000358', 'd0000000-0000-0000-0000-000000000051', 'general', NULL, '배란테스트기 두 줄 떴어요!! 긴장되지만 이번 달은 좋은 예감이 들어요 🙏', 64, 13, now() + interval '63 days'),
  ('a0000000-0000-0000-0000-000000000359', 'd0000000-0000-0000-0000-000000000039', 'region', NULL, '부산 맘들~ 문화센터 수업 추천해주세요! 6개월 아기랑 다닐 수 있는 곳 찾고 있어요.', 57, 3, now() + interval '167 days'),
  ('a0000000-0000-0000-0000-000000000360', 'd0000000-0000-0000-0000-000000000052', 'general', NULL, '오늘 아기 데리고 첫 비행기 탔어요 ✈️ 이착륙 때 수유하니까 안 울었어요! 비행기 여행 팁 필요한 맘 있으면 물어보세요~', 38, 16, now() - interval '3 days'),
  ('a0000000-0000-0000-0000-000000000361', 'd0000000-0000-0000-0000-000000000011', 'birth_month', '2025-09', '2025-09생 아기 첫 치카! 실리콘 칫솔로 닦아줬는데 재밌어하네요 ㅎㅎ', 30, 21, now() + interval '145 days'),
  ('a0000000-0000-0000-0000-000000000362', 'd0000000-0000-0000-0000-000000000006', 'general', NULL, '아기 첫 발 디딤 👣 7개월부터 잡고 서더니 드디어 혼자 한 발! 순간 온 가족이 박수 치며 환호했어요 ㅋㅋ', 60, 19, now() + interval '12 days'),
  ('a0000000-0000-0000-0000-000000000363', 'd0000000-0000-0000-0000-000000000088', 'qna', NULL, '아기 낮잠을 거부해요 ㅠ 눈은 졸린데 안 자려고 버텨요. 낮잠 잘 재우는 팁?', 60, 18, now() + interval '9 days'),
  ('a0000000-0000-0000-0000-000000000364', 'd0000000-0000-0000-0000-000000000041', 'general', NULL, '아기 첫 발 디딤 👣 7개월부터 잡고 서더니 드디어 혼자 한 발! 순간 온 가족이 박수 치며 환호했어요 ㅋㅋ', 16, 19, now() - interval '102 days'),
  ('a0000000-0000-0000-0000-000000000365', 'd0000000-0000-0000-0000-000000000039', 'general', NULL, '첫째 재우고 둘째 먹이고... 투맘의 하루는 정신없지만 둘 다 잠든 밤이 제일 평화로워요 🌟', 18, 19, now() + interval '100 days'),
  ('a0000000-0000-0000-0000-000000000366', 'd0000000-0000-0000-0000-000000000043', 'general', NULL, '남편이 퇴근하고 아기 목욕 시키는 거 보면 너무 웃겨요 ㅋㅋ 하나도 안 능숙한데 아기가 아빠한테만 까르르 웃어요. 🛁', 50, 5, now() + interval '177 days'),
  ('a0000000-0000-0000-0000-000000000367', 'd0000000-0000-0000-0000-000000000065', 'region', NULL, '대구 아기 수영장 다니는 맘 계세요? 어떤 프로그램이 좋은지 궁금해요.', 25, 2, now() - interval '60 days'),
  ('a0000000-0000-0000-0000-000000000368', 'd0000000-0000-0000-0000-000000000078', 'region', NULL, '서울 키즈카페 추천! 넓고 깨끗하고 부모 쉴 공간도 있어요. 커피도 맛있고 ㅎㅎ', 64, 20, now() - interval '84 days'),
  ('a0000000-0000-0000-0000-000000000369', 'd0000000-0000-0000-0000-000000000058', 'birth_month', '2025-10', '2025-10생 아기 숟가락 혼자 잡아요! 반은 흘리지만 스스로 하려는 모습이 대견해요 💕', 25, 18, now() + interval '111 days'),
  ('a0000000-0000-0000-0000-000000000370', 'd0000000-0000-0000-0000-000000000075', 'region', NULL, '대구 맘들~ 문화센터 수업 추천해주세요! 6개월 아기랑 다닐 수 있는 곳 찾고 있어요.', 8, 20, now() - interval '64 days'),
  ('a0000000-0000-0000-0000-000000000371', 'd0000000-0000-0000-0000-000000000035', 'general', NULL, '드디어 통잠 성공!! 7시간 연속으로 잤어요!! 저도 같이 잤는데 아침에 개운함에 울 뻔 ㅋㅋ', 48, 21, now() - interval '100 days'),
  ('a0000000-0000-0000-0000-000000000372', 'd0000000-0000-0000-0000-000000000047', 'general', NULL, '아기 돌잔치 준비 중인데 잔치 대신 가족여행 가기로 했어요. 돌여행 다녀온 맘들 좋았던 곳 추천해주세요!', 3, 10, now() + interval '70 days'),
  ('a0000000-0000-0000-0000-000000000373', 'd0000000-0000-0000-0000-000000000017', 'general', NULL, '아기가 강아지 보고 "멍멍!" 했어요 ㅋㅋ 동물 소리 책 효과가 있었나봐요 🐕', 30, 15, now() + interval '132 days'),
  ('a0000000-0000-0000-0000-000000000374', 'd0000000-0000-0000-0000-000000000014', 'general', NULL, '아기가 까꿍 놀이에 반응하기 시작했어요! 제가 숨으면 두리번거리다가 찾으면 빵 터져요 ㅋㅋ', 25, 18, now() - interval '154 days'),
  ('a0000000-0000-0000-0000-000000000375', 'd0000000-0000-0000-0000-000000000050', 'general', NULL, '입덧 끝나니 세상이 달라 보여요! 3개월 동안 물만 먹었는데 오늘 치킨 먹었어요 🍗', 29, 13, now() + interval '144 days'),
  ('a0000000-0000-0000-0000-000000000376', 'd0000000-0000-0000-0000-000000000074', 'birth_month', '2025-12', '2025-12생 아기 "맘마" "빠빠" 말해요! 돌 전에 말 시작하니 대화가 되는 느낌? ㅋㅋ', 46, 13, now() - interval '69 days'),
  ('a0000000-0000-0000-0000-000000000377', 'd0000000-0000-0000-0000-000000000064', 'general', NULL, '어제 밤 아기가 잠꼬대로 "맘마" 했어요 ㅋㅋ 꿈에서도 밥 생각하는 우리 아기...', 13, 14, now() - interval '77 days'),
  ('a0000000-0000-0000-0000-000000000378', 'd0000000-0000-0000-0000-000000000010', 'general', NULL, '쌍둥이 임신 확인! 😱 기쁘면서도 걱정이... 쌍둥이 맘들 조언 부탁드려요.', 63, 8, now() + interval '127 days'),
  ('a0000000-0000-0000-0000-000000000379', 'd0000000-0000-0000-0000-000000000059', 'general', NULL, '오늘 아기가 처음으로 컵으로 물 마셨어요! 반은 흘렸지만 대견해요 ㅋㅋ', 22, 1, now() + interval '86 days'),
  ('a0000000-0000-0000-0000-000000000380', 'd0000000-0000-0000-0000-000000000043', 'birth_month', '2025-12', '2025-12생 맘들 아기 몸무게 어때요? 우리 8kg인데 큰 건지 작은 건지 궁금해요.', 30, 21, now() + interval '35 days'),
  ('a0000000-0000-0000-0000-000000000381', 'd0000000-0000-0000-0000-000000000078', 'qna', NULL, '태교 음악 뭐 들으세요? 클래식이 좋다고 하는데 저는 발라드가 더 편해요 🎵', 15, 16, now() - interval '102 days'),
  ('a0000000-0000-0000-0000-000000000382', 'd0000000-0000-0000-0000-000000000038', 'region', NULL, '용인 베이비 마사지 배울 수 있는 곳 아시나요? 아기 배 마사지 해주면 잠을 잘 잔다고 해서요.', 43, 16, now() + interval '63 days'),
  ('a0000000-0000-0000-0000-000000000383', 'd0000000-0000-0000-0000-000000000036', 'region', NULL, '울산 공원에서 소풍 모임 할 건데 참여할 맘? 도시락 각자 싸오고 아기들끼리 놀아요 🧺', 28, 12, now() - interval '145 days'),
  ('a0000000-0000-0000-0000-000000000384', 'd0000000-0000-0000-0000-000000000070', 'general', NULL, '아기 돌 지나니 말이 폭발적으로 늘어요! 어제는 "주세요"를 처음 했어요.', 52, 18, now() - interval '119 days'),
  ('a0000000-0000-0000-0000-000000000385', 'd0000000-0000-0000-0000-000000000057', 'region', NULL, '청주 아기랑 가기 좋은 카페 발견! 키즈존도 넓고 이유식 데워주시고 수유실도 있어요 🍊', 56, 3, now() + interval '105 days'),
  ('a0000000-0000-0000-0000-000000000386', 'd0000000-0000-0000-0000-000000000082', 'general', NULL, '오늘 아기가 처음으로 컵으로 물 마셨어요! 반은 흘렸지만 대견해요 ㅋㅋ', 19, 22, now() - interval '109 days'),
  ('a0000000-0000-0000-0000-000000000387', 'd0000000-0000-0000-0000-000000000010', 'birth_month', '2026-04', '2026-04생 맘들 체중 궁금해요! 우리 9.5kg인데 먹는 양에 비해 안 느는 것 같아서요.', 41, 16, now() + interval '137 days'),
  ('a0000000-0000-0000-0000-000000000388', 'd0000000-0000-0000-0000-000000000054', 'birth_month', '2026-05', '2026-05생 맘들 어린이집 보내셨어요? 아직 이르려나... 고민 중이에요.', 53, 12, now() + interval '138 days'),
  ('a0000000-0000-0000-0000-000000000389', 'd0000000-0000-0000-0000-000000000011', 'general', NULL, '아기 첫 뒤집기 성공! 🎉 거실에서 나만 보고 있었는데 갑자기 되더라구요. 남편한테 영상 보여줬더니 자기도 보고 싶었다고 ㅠㅠ', 18, 22, now() + interval '43 days'),
  ('a0000000-0000-0000-0000-000000000390', 'd0000000-0000-0000-0000-000000000073', 'qna', NULL, '모유 저장 방법 알려주세요! 냉동하면 얼마나 보관 가능해요? 해동은 어떻게?', 46, 21, now() - interval '85 days'),
  ('a0000000-0000-0000-0000-000000000391', 'd0000000-0000-0000-0000-000000000056', 'general', NULL, '배란테스트기 두 줄 떴어요!! 긴장되지만 이번 달은 좋은 예감이 들어요 🙏', 9, 9, now() - interval '133 days'),
  ('a0000000-0000-0000-0000-000000000392', 'd0000000-0000-0000-0000-000000000058', 'general', NULL, '엄마 몸이 많이 힘든데 아기 웃음 소리 들으면 충전 100% 돼요. 이 감정이 모성인가 봐요 💪', 32, 22, now() + interval '129 days'),
  ('a0000000-0000-0000-0000-000000000393', 'd0000000-0000-0000-0000-000000000045', 'qna', NULL, '아기 땀띠가 심해요. 목이랑 겨드랑이에 발갛게 올라왔는데 어떻게 해요? 😥', 33, 4, now() - interval '22 days'),
  ('a0000000-0000-0000-0000-000000000394', 'd0000000-0000-0000-0000-000000000094', 'general', NULL, '카페에서 아기가 조용하게 앉아있길래 뭐 하나 봤더니 휴지를 다 뜯고 있었어요 ㅋㅋ 창의력이라고 하겠습니다...', 22, 11, now() + interval '53 days'),
  ('a0000000-0000-0000-0000-000000000395', 'd0000000-0000-0000-0000-000000000062', 'general', NULL, '드디어 통잠 성공!! 7시간 연속으로 잤어요!! 저도 같이 잤는데 아침에 개운함에 울 뻔 ㅋㅋ', 9, 15, now() + interval '116 days'),
  ('a0000000-0000-0000-0000-000000000396', 'd0000000-0000-0000-0000-000000000009', 'general', NULL, '아기 돌잔치 준비 중인데 잔치 대신 가족여행 가기로 했어요. 돌여행 다녀온 맘들 좋았던 곳 추천해주세요!', 54, 4, now() - interval '88 days'),
  ('a0000000-0000-0000-0000-000000000397', 'd0000000-0000-0000-0000-000000000087', 'region', NULL, '대전 아기 수영장 다니는 맘 계세요? 어떤 프로그램이 좋은지 궁금해요.', 62, 8, now() + interval '142 days'),
  ('a0000000-0000-0000-0000-000000000398', 'd0000000-0000-0000-0000-000000000072', 'birth_month', '2025-10', '2025-10생 맘들 분유 뭐 먹이세요? 우리 애가 지금 먹는 분유에 배가 더부룩한 것 같아서 바꿔볼까 해요.', 32, 8, now() + interval '162 days'),
  ('a0000000-0000-0000-0000-000000000399', 'd0000000-0000-0000-0000-000000000082', 'region', NULL, '전주 공원에서 소풍 모임 할 건데 참여할 맘? 도시락 각자 싸오고 아기들끼리 놀아요 🧺', 28, 1, now() + interval '51 days'),
  ('a0000000-0000-0000-0000-000000000400', 'd0000000-0000-0000-0000-000000000055', 'general', NULL, '아기 돌잔치 준비 중인데 잔치 대신 가족여행 가기로 했어요. 돌여행 다녀온 맘들 좋았던 곳 추천해주세요!', 48, 7, now() - interval '17 days')
ON CONFLICT (id) DO NOTHING;

INSERT INTO posts (id, user_id, board_type, board_key, content, like_count, comment_count, created_at) VALUES
  ('a0000000-0000-0000-0000-000000000401', 'd0000000-0000-0000-0000-000000000069', 'general', NULL, '아기랑 첫 놀이동산! 회전목마 탔는데 표정이 멍... ㅋㅋ 좋은 건지 무서운 건지 모르겠어요 🎠', 23, 7, now() + interval '68 days'),
  ('a0000000-0000-0000-0000-000000000402', 'd0000000-0000-0000-0000-000000000068', 'qna', NULL, '임신 16주차인데 태동을 아직 못 느껴요. 초산이라 잘 모르겠어요 😢', 23, 20, now() - interval '101 days'),
  ('a0000000-0000-0000-0000-000000000403', 'd0000000-0000-0000-0000-000000000015', 'general', NULL, '오늘 처음으로 아기가 고개를 돌려서 저를 찾았어요. "엄마 어디?" 하는 표정에 심장 녹았습니다 ❤️', 57, 15, now() + interval '173 days'),
  ('a0000000-0000-0000-0000-000000000404', 'd0000000-0000-0000-0000-000000000079', 'birth_month', '2025-12', '2025-12생 아기 첫 이가 나왔어요! 아래 앞니인데 웃을 때 보이는 게 너무 귀여워요 😄', 46, 5, now() - interval '62 days'),
  ('a0000000-0000-0000-0000-000000000405', 'd0000000-0000-0000-0000-000000000024', 'general', NULL, '출산 후 처음으로 예전 청바지 입었어요! 3개월 걸렸지만 다시 맞다니 ㅠㅠ 조금씩 나를 되찾아가는 기분.', 12, 17, now() - interval '153 days'),
  ('a0000000-0000-0000-0000-000000000406', 'd0000000-0000-0000-0000-000000000074', 'general', NULL, '시어머니가 이유식 만들어오셨는데 정성이 가득... 우리 아기가 할머니 이유식이 더 잘 먹어요 ㅋㅋ 비밀이에요 🤫', 14, 16, now() + interval '178 days'),
  ('a0000000-0000-0000-0000-000000000407', 'd0000000-0000-0000-0000-000000000072', 'general', NULL, '제주도 한 달 살기 중인데 아기랑 해변 산책하니 힐링 그 자체에요 🌊 바람 소리에 아기가 까르르 웃어요.', 21, 5, now() - interval '116 days'),
  ('a0000000-0000-0000-0000-000000000408', 'd0000000-0000-0000-0000-000000000046', 'qna', NULL, '아기 6개월인데 밤에 아직 3번씩 깨요. 이게 정상인 건가요? 수면교육 해야 할까요?', 34, 5, now() - interval '99 days'),
  ('a0000000-0000-0000-0000-000000000409', 'd0000000-0000-0000-0000-000000000065', 'region', NULL, '청주 놀이터 좋은 곳 아시는 맘 계세요? 바닥이 폭신하고 그늘 있는 곳 찾고 있어요.', 29, 22, now() + interval '114 days'),
  ('a0000000-0000-0000-0000-000000000410', 'd0000000-0000-0000-0000-000000000011', 'birth_month', '2025-11', '2025-11생 첫 돌 케이크 어디서 주문했어요? 무설탕 케이크 찾고 있어요~', 53, 8, now() - interval '71 days'),
  ('a0000000-0000-0000-0000-000000000411', 'd0000000-0000-0000-0000-000000000037', 'general', NULL, '오늘 소아과에서 발달검사 했는데 "잘 크고 있어요"라는 말에 눈물이 핑... 맘들 다 잘하고 있는 거예요 💪', 32, 19, now() + interval '127 days'),
  ('a0000000-0000-0000-0000-000000000412', 'd0000000-0000-0000-0000-000000000066', 'general', NULL, '첫째 재우고 둘째 먹이고... 투맘의 하루는 정신없지만 둘 다 잠든 밤이 제일 평화로워요 🌟', 10, 9, now() + interval '94 days'),
  ('a0000000-0000-0000-0000-000000000413', 'd0000000-0000-0000-0000-000000000097', 'general', NULL, '아기 돌잔치 준비 중인데 잔치 대신 가족여행 가기로 했어요. 돌여행 다녀온 맘들 좋았던 곳 추천해주세요!', 49, 15, now() + interval '109 days'),
  ('a0000000-0000-0000-0000-000000000414', 'd0000000-0000-0000-0000-000000000095', 'region', NULL, '전주 키즈카페 추천! 넓고 깨끗하고 부모 쉴 공간도 있어요. 커피도 맛있고 ㅎㅎ', 51, 8, now() - interval '9 days'),
  ('a0000000-0000-0000-0000-000000000415', 'd0000000-0000-0000-0000-000000000045', 'qna', NULL, '아기 아토피 있는 맘들 보습제 뭐 쓰세요? 병원 로션은 너무 비싸요...', 8, 15, now() + interval '31 days'),
  ('a0000000-0000-0000-0000-000000000416', 'd0000000-0000-0000-0000-000000000031', 'general', NULL, '오늘 유모차 타고 동네 한 바퀴 돌았는데 이웃 할머니들이 아기 보고 예쁘다고 해주셔요. 기분 좋은 하루!', 50, 19, now() + interval '157 days'),
  ('a0000000-0000-0000-0000-000000000417', 'd0000000-0000-0000-0000-000000000022', 'birth_month', '2026-05', '2026-05생 예정맘인데 곧 만나네요! 출산가방 다 쌌는데 혹시 빠진 거 없는지 봐주세요 🥹', 53, 7, now() + interval '16 days'),
  ('a0000000-0000-0000-0000-000000000418', 'd0000000-0000-0000-0000-000000000069', 'general', NULL, '육아는 체력이라는 말이 진짜였어요. 밤새 안 자는 아기랑 씨름하다 보면 새벽이에요 ㅠ', 37, 6, now() - interval '75 days'),
  ('a0000000-0000-0000-0000-000000000419', 'd0000000-0000-0000-0000-000000000074', 'general', NULL, '친정엄마가 미역국 끓여오셨는데 울면서 먹었어요. 출산 후 처음으로 엄마의 마음을 이해했어요 💕', 57, 17, now() + interval '174 days'),
  ('a0000000-0000-0000-0000-000000000420', 'd0000000-0000-0000-0000-000000000018', 'qna', NULL, '임신 중 카페인 얼마까지 괜찮아요? 커피 한 잔도 안 되나요?', 53, 14, now() + interval '71 days'),
  ('a0000000-0000-0000-0000-000000000421', 'd0000000-0000-0000-0000-000000000084', 'general', NULL, '입덧 끝나니 세상이 달라 보여요! 3개월 동안 물만 먹었는데 오늘 치킨 먹었어요 🍗', 58, 5, now() - interval '83 days'),
  ('a0000000-0000-0000-0000-000000000422', 'd0000000-0000-0000-0000-000000000098', 'region', NULL, '성남 아기띠 체험 가능한 매장 아시나요? 직접 메보고 사고 싶어요.', 28, 16, now() - interval '162 days'),
  ('a0000000-0000-0000-0000-000000000423', 'd0000000-0000-0000-0000-000000000049', 'birth_month', '2026-07', '2026-07생 예정맘인데 곧 만나네요! 출산가방 다 쌌는데 혹시 빠진 거 없는지 봐주세요 🥹', 43, 3, now() + interval '72 days'),
  ('a0000000-0000-0000-0000-000000000424', 'd0000000-0000-0000-0000-000000000059', 'qna', NULL, '출산 예정일 지났는데 아기가 안 나와요 ㅠㅠ 유도분만 해야 하나요?', 23, 19, now() - interval '24 days'),
  ('a0000000-0000-0000-0000-000000000425', 'd0000000-0000-0000-0000-000000000059', 'birth_month', '2026-02', '2026-02생 아기 돌잡이 뭐 잡았어요? 우리는 마이크 잡았어요! 🎤 미래의 가수인가 ㅋㅋ', 47, 12, now() + interval '137 days'),
  ('a0000000-0000-0000-0000-000000000426', 'd0000000-0000-0000-0000-000000000055', 'region', NULL, '용인 예방접종 잘하는 소아과 아시는 분? 아기가 주사 맞고 안 울었으면 좋겠어요 ㅋㅋ', 34, 9, now() - interval '73 days'),
  ('a0000000-0000-0000-0000-000000000427', 'd0000000-0000-0000-0000-000000000074', 'general', NULL, '제주도 한 달 살기 중인데 아기랑 해변 산책하니 힐링 그 자체에요 🌊 바람 소리에 아기가 까르르 웃어요.', 57, 16, now() + interval '175 days'),
  ('a0000000-0000-0000-0000-000000000428', 'd0000000-0000-0000-0000-000000000006', 'general', NULL, '이유식 시간이 전쟁터에요 ㅋㅋ 한 숟갈 먹이는데 30분... 바닥은 전쟁 후 같고 아기 얼굴은 고구마 범벅 😂', 53, 15, now() - interval '41 days'),
  ('a0000000-0000-0000-0000-000000000429', 'd0000000-0000-0000-0000-000000000059', 'general', NULL, '아기 목욕 시간이 제일 좋아요. 물 만나면 발차기하고 웃고... 근데 꺼내면 세상 끝난 것처럼 울어요 ㅋㅋ', 64, 14, now() - interval '177 days'),
  ('a0000000-0000-0000-0000-000000000430', 'd0000000-0000-0000-0000-000000000084', 'general', NULL, '아기 백일인데 남편이 몰래 케이크 준비했어요 🎂 촛불 보고 아기가 손뼉 치는데... 💕', 58, 9, now() - interval '93 days'),
  ('a0000000-0000-0000-0000-000000000431', 'd0000000-0000-0000-0000-000000000011', 'general', NULL, '아기랑 같이 낮잠 자는 게 세상에서 제일 행복한 시간이에요. 따뜻한 온기가 느껴져요.', 60, 21, now() - interval '102 days'),
  ('a0000000-0000-0000-0000-000000000432', 'd0000000-0000-0000-0000-000000000093', 'region', NULL, '서울 맘들 아기 옷 교환 모임 만들면 참여하실 분? 빠르게 크는 아기옷 서로 나누면 좋을 것 같아요!', 17, 14, now() + interval '25 days'),
  ('a0000000-0000-0000-0000-000000000433', 'd0000000-0000-0000-0000-000000000062', 'general', NULL, '새벽 4시 수유하면서 보는 하늘이 진짜 예뻐요. 힘들지만 아기 얼굴 보면 다 녹아요 ㅎㅎ 같은 시간에 깨어있는 맘들 계시면 손 흔들어요~ 🌙', 40, 8, now() + interval '114 days'),
  ('a0000000-0000-0000-0000-000000000434', 'd0000000-0000-0000-0000-000000000002', 'region', NULL, '광주 맘들 어디서 만나세요? 육아 수다 떨 친구가 필요해요 ㅋㅋ', 55, 4, now() + interval '109 days'),
  ('a0000000-0000-0000-0000-000000000435', 'd0000000-0000-0000-0000-000000000010', 'general', NULL, '오늘 처음으로 아기가 고개를 돌려서 저를 찾았어요. "엄마 어디?" 하는 표정에 심장 녹았습니다 ❤️', 8, 4, now() - interval '95 days'),
  ('a0000000-0000-0000-0000-000000000436', 'd0000000-0000-0000-0000-000000000018', 'general', NULL, '오늘 아기가 거울 보고 자기 모습에 깜짝 놀랐어요 ㅋㅋ 거울 속 아기한테 손도 뻗고 박치기도 하고...', 55, 5, now() + interval '174 days'),
  ('a0000000-0000-0000-0000-000000000437', 'd0000000-0000-0000-0000-000000000009', 'birth_month', '2026-01', '2026-01생 아기 손 빨기 시작했는데 정상인가요? 공갈젖꼭지 물려야 하나 고민이에요.', 3, 20, now() + interval '113 days'),
  ('a0000000-0000-0000-0000-000000000438', 'd0000000-0000-0000-0000-000000000028', 'birth_month', '2025-11', '2025-11생 맘들 뒤집기 시작했나요? 우리 애는 옆으로만 가요 ㅋㅋ 통통해서 그런가...', 12, 14, now() + interval '114 days'),
  ('a0000000-0000-0000-0000-000000000439', 'd0000000-0000-0000-0000-000000000013', 'general', NULL, '오늘 유모차 타고 동네 한 바퀴 돌았는데 이웃 할머니들이 아기 보고 예쁘다고 해주셔요. 기분 좋은 하루!', 10, 19, now() + interval '90 days'),
  ('a0000000-0000-0000-0000-000000000440', 'd0000000-0000-0000-0000-000000000041', 'region', NULL, '포항 아기 사진 잘 찍어주는 스튜디오 추천해주세요! 100일 사진 찍으러 가려고요 📸', 18, 9, now() + interval '64 days'),
  ('a0000000-0000-0000-0000-000000000441', 'd0000000-0000-0000-0000-000000000077', 'region', NULL, '고양 맘들 아기 옷 교환 모임 만들면 참여하실 분? 빠르게 크는 아기옷 서로 나누면 좋을 것 같아요!', 21, 1, now() + interval '169 days'),
  ('a0000000-0000-0000-0000-000000000442', 'd0000000-0000-0000-0000-000000000067', 'birth_month', '2025-11', '2025-11생 아기 하이파이브 배웠어요! "하이~" 하면서 손뼉 치는데 세상 귀여워요 🤗', 15, 13, now() - interval '14 days'),
  ('a0000000-0000-0000-0000-000000000443', 'd0000000-0000-0000-0000-000000000050', 'general', NULL, '새벽 4시 수유하면서 보는 하늘이 진짜 예뻐요. 힘들지만 아기 얼굴 보면 다 녹아요 ㅎㅎ 같은 시간에 깨어있는 맘들 계시면 손 흔들어요~ 🌙', 34, 21, now() + interval '136 days'),
  ('a0000000-0000-0000-0000-000000000444', 'd0000000-0000-0000-0000-000000000047', 'qna', NULL, '워킹맘인데 짧은 시간이라도 질 높은 놀이 방법 있을까요? 죄책감이 커요...', 11, 13, now() + interval '146 days'),
  ('a0000000-0000-0000-0000-000000000445', 'd0000000-0000-0000-0000-000000000047', 'birth_month', '2025-08', '2025-08 예정인데 여름 출산이라 땀띠 걱정... 여름 신생아 케어 팁 부탁해요!', 14, 16, now() + interval '19 days'),
  ('a0000000-0000-0000-0000-000000000446', 'd0000000-0000-0000-0000-000000000009', 'general', NULL, '아기가 분유병을 혼자 잡고 먹어요! 독립심이 자라나는 건가요? ㅋㅋ 뿌듯하면서 쓸쓸 ㅎ', 16, 2, now() + interval '102 days'),
  ('a0000000-0000-0000-0000-000000000447', 'd0000000-0000-0000-0000-000000000037', 'birth_month', '2025-09', '2025-09생 맘들 어린이집 보내셨어요? 아직 이르려나... 고민 중이에요.', 35, 14, now() + interval '103 days'),
  ('a0000000-0000-0000-0000-000000000448', 'd0000000-0000-0000-0000-000000000069', 'birth_month', '2026-04', '2026-04생 아기 돌잡이 뭐 잡았어요? 우리는 마이크 잡았어요! 🎤 미래의 가수인가 ㅋㅋ', 12, 9, now() - interval '21 days'),
  ('a0000000-0000-0000-0000-000000000449', 'd0000000-0000-0000-0000-000000000020', 'birth_month', '2026-06', '2026-06생 맘들 어린이집 보내셨어요? 아직 이르려나... 고민 중이에요.', 28, 19, now() + interval '167 days'),
  ('a0000000-0000-0000-0000-000000000450', 'd0000000-0000-0000-0000-000000000009', 'general', NULL, '아기가 혼자 서서 박수까지! 발달이 한 번에 오는 것 같아요. 어제까지 못 했는데 오늘 갑자기!', 30, 8, now() - interval '23 days')
ON CONFLICT (id) DO NOTHING;

INSERT INTO posts (id, user_id, board_type, board_key, content, like_count, comment_count, created_at) VALUES
  ('a0000000-0000-0000-0000-000000000451', 'd0000000-0000-0000-0000-000000000015', 'birth_month', '2026-07', '2026-07생 맘들 분유 뭐 먹이세요? 우리 애가 지금 먹는 분유에 배가 더부룩한 것 같아서 바꿔볼까 해요.', 41, 2, now() - interval '169 days'),
  ('a0000000-0000-0000-0000-000000000452', 'd0000000-0000-0000-0000-000000000016', 'general', NULL, '카페에서 아기가 조용하게 앉아있길래 뭐 하나 봤더니 휴지를 다 뜯고 있었어요 ㅋㅋ 창의력이라고 하겠습니다...', 11, 1, now() - interval '89 days'),
  ('a0000000-0000-0000-0000-000000000453', 'd0000000-0000-0000-0000-000000000067', 'region', NULL, '성남 산부인과 추천 부탁드려요. 첫 임신이라 병원 선택이 어려워요. 🏥', 49, 9, now() - interval '33 days'),
  ('a0000000-0000-0000-0000-000000000454', 'd0000000-0000-0000-0000-000000000099', 'qna', NULL, '산후조리원 2주 vs 4주 어떤 게 좋아요? 첫째라 경험이 없어서요.', 24, 14, now() - interval '17 days'),
  ('a0000000-0000-0000-0000-000000000455', 'd0000000-0000-0000-0000-000000000092', 'qna', NULL, '기저귀 사이즈 올리는 기준이 뭐예요? 등에서 샐 때가 있어요.', 43, 3, now() + interval '131 days'),
  ('a0000000-0000-0000-0000-000000000456', 'd0000000-0000-0000-0000-000000000008', 'birth_month', '2025-09', '2025-09 예정인데 여름 출산이라 땀띠 걱정... 여름 신생아 케어 팁 부탁해요!', 39, 6, now() - interval '66 days'),
  ('a0000000-0000-0000-0000-000000000457', 'd0000000-0000-0000-0000-000000000087', 'region', NULL, '수원 근처 아기랑 갈 만한 곳 있을까요? 유모차 접근성 좋은 곳이면 좋겠어요~', 17, 17, now() - interval '4 days'),
  ('a0000000-0000-0000-0000-000000000458', 'd0000000-0000-0000-0000-000000000061', 'general', NULL, '오늘 소아과에서 발달검사 했는데 "잘 크고 있어요"라는 말에 눈물이 핑... 맘들 다 잘하고 있는 거예요 💪', 61, 5, now() - interval '10 days'),
  ('a0000000-0000-0000-0000-000000000459', 'd0000000-0000-0000-0000-000000000092', 'region', NULL, '용인 키즈카페 추천! 넓고 깨끗하고 부모 쉴 공간도 있어요. 커피도 맛있고 ㅎㅎ', 29, 8, now() - interval '107 days'),
  ('a0000000-0000-0000-0000-000000000460', 'd0000000-0000-0000-0000-000000000010', 'birth_month', '2025-10', '2025-10생 아기 50일 됐어요! 방긋 웃기 시작했는데 세상 예뻐요. 사진 100장은 찍은 듯 ㅋㅋ', 10, 17, now() + interval '14 days'),
  ('a0000000-0000-0000-0000-000000000461', 'd0000000-0000-0000-0000-000000000067', 'qna', NULL, '임신 중 카페인 얼마까지 괜찮아요? 커피 한 잔도 안 되나요?', 64, 13, now() - interval '120 days'),
  ('a0000000-0000-0000-0000-000000000462', 'd0000000-0000-0000-0000-000000000037', 'region', NULL, '서울 이유식 배달 서비스 추천해주세요! 직접 만들기 힘들 때가 있어서요...', 22, 11, now() - interval '117 days'),
  ('a0000000-0000-0000-0000-000000000463', 'd0000000-0000-0000-0000-000000000026', 'general', NULL, '밤에 아기 재우고 남편이랑 같이 아기 사진 보면서 귀엽다고 난리치는 시간이 좋아요 ㅋㅋ', 53, 10, now() + interval '63 days'),
  ('a0000000-0000-0000-0000-000000000464', 'd0000000-0000-0000-0000-000000000048', 'birth_month', '2025-11', '2025-11생 아기 첫 걸음마 시작! 불안불안하게 3걸음 걸었어요. 넘어질 때마다 가슴이 철렁!', 34, 7, now() + interval '140 days'),
  ('a0000000-0000-0000-0000-000000000465', 'd0000000-0000-0000-0000-000000000001', 'qna', NULL, '아기가 밤에 열이 나요. 몇 도 이상이면 응급실 가야 하나요? 불안해요 😰', 4, 8, now() + interval '163 days'),
  ('a0000000-0000-0000-0000-000000000466', 'd0000000-0000-0000-0000-000000000089', 'qna', NULL, '첫째 있는데 둘째 임신했어요! 터울이 2년인데 첫째 질투가 걱정이에요.', 63, 11, now() - interval '169 days'),
  ('a0000000-0000-0000-0000-000000000467', 'd0000000-0000-0000-0000-000000000095', 'region', NULL, '천안 맘들 어디서 만나세요? 육아 수다 떨 친구가 필요해요 ㅋㅋ', 9, 7, now() + interval '61 days'),
  ('a0000000-0000-0000-0000-000000000468', 'd0000000-0000-0000-0000-000000000008', 'qna', NULL, '아기 코딱지 어떻게 빼나요? ㅋㅋ 면봉으로 하면 싫어하고... 코 흡입기 쓰시나요?', 12, 9, now() - interval '60 days'),
  ('a0000000-0000-0000-0000-000000000469', 'd0000000-0000-0000-0000-000000000067', 'birth_month', '2026-05', '2026-05생 아기 첫 이가 나왔어요! 아래 앞니인데 웃을 때 보이는 게 너무 귀여워요 😄', 60, 12, now() + interval '22 days'),
  ('a0000000-0000-0000-0000-000000000470', 'd0000000-0000-0000-0000-000000000065', 'general', NULL, '소아과 가서 성장 체크했는데 백분위 75% 나왔어요! 처음에 작게 태어나서 걱정했는데 쑥쑥 크고 있네요 💪', 55, 13, now() - interval '146 days'),
  ('a0000000-0000-0000-0000-000000000471', 'd0000000-0000-0000-0000-000000000056', 'region', NULL, '제주 아기 수영장 다니는 맘 계세요? 어떤 프로그램이 좋은지 궁금해요.', 11, 8, now() - interval '81 days'),
  ('a0000000-0000-0000-0000-000000000472', 'd0000000-0000-0000-0000-000000000041', 'birth_month', '2026-05', '2026-05생 아기 첫 이가 나왔어요! 아래 앞니인데 웃을 때 보이는 게 너무 귀여워요 😄', 17, 3, now() + interval '35 days'),
  ('a0000000-0000-0000-0000-000000000473', 'd0000000-0000-0000-0000-000000000020', 'general', NULL, '이유식 초기인데 아보카도 반응이 대박! 입 벌리고 기다려요 ㅋㅋ 아보카도가 이렇게 비싼데 아기는 모르겠지...', 31, 15, now() - interval '31 days'),
  ('a0000000-0000-0000-0000-000000000474', 'd0000000-0000-0000-0000-000000000046', 'qna', NULL, '임신 중 카페인 얼마까지 괜찮아요? 커피 한 잔도 안 되나요?', 16, 15, now() - interval '68 days'),
  ('a0000000-0000-0000-0000-000000000475', 'd0000000-0000-0000-0000-000000000016', 'general', NULL, '아기 첫 뒤집기 성공! 🎉 거실에서 나만 보고 있었는데 갑자기 되더라구요. 남편한테 영상 보여줬더니 자기도 보고 싶었다고 ㅠㅠ', 54, 22, now() - interval '179 days'),
  ('a0000000-0000-0000-0000-000000000476', 'd0000000-0000-0000-0000-000000000028', 'region', NULL, '창원 베이비 마사지 배울 수 있는 곳 아시나요? 아기 배 마사지 해주면 잠을 잘 잔다고 해서요.', 23, 5, now() - interval '64 days'),
  ('a0000000-0000-0000-0000-000000000477', 'd0000000-0000-0000-0000-000000000066', 'general', NULL, '이유식 시작했는데 쌀미음 첫 반응이 너무 웃겨요 ㅋㅋ 뭔가 인상을 찡그리면서도 계속 벌리는... 이유식 시작한 맘들 뭐부터 먹였어요?', 22, 9, now() + interval '45 days'),
  ('a0000000-0000-0000-0000-000000000478', 'd0000000-0000-0000-0000-000000000052', 'qna', NULL, '아기 땀띠가 심해요. 목이랑 겨드랑이에 발갛게 올라왔는데 어떻게 해요? 😥', 38, 18, now() - interval '119 days'),
  ('a0000000-0000-0000-0000-000000000479', 'd0000000-0000-0000-0000-000000000018', 'general', NULL, '아기 머리카락이 자라서 처음으로 묶었는데 핑크 머리끈 하고 너무 예뻐요!! 공주님이야 👸', 6, 8, now() - interval '103 days'),
  ('a0000000-0000-0000-0000-000000000480', 'd0000000-0000-0000-0000-000000000088', 'birth_month', '2025-09', '2025-09생 맘 여기 모여요~! 우리 아기들 다들 잘 자라고 있죠? 요즘 뭐가 달라졌는지 공유해요! 😊', 44, 3, now() + interval '67 days'),
  ('a0000000-0000-0000-0000-000000000481', 'd0000000-0000-0000-0000-000000000009', 'general', NULL, '모유수유 끊으려니 아기보다 제가 더 슬퍼요 ㅠㅠ 마지막 수유할 때 눈물이 주르륵...', 44, 15, now() + interval '24 days'),
  ('a0000000-0000-0000-0000-000000000482', 'd0000000-0000-0000-0000-000000000016', 'general', NULL, '아기가 혼자 서서 박수까지! 발달이 한 번에 오는 것 같아요. 어제까지 못 했는데 오늘 갑자기!', 32, 2, now() - interval '147 days'),
  ('a0000000-0000-0000-0000-000000000483', 'd0000000-0000-0000-0000-000000000093', 'general', NULL, '아기 첫 미술놀이 했는데 물감을 입에 넣으려 해서 난리났어요 ㅋㅋ 먹어도 되는 물감 사야겠어요', 4, 13, now() + interval '45 days'),
  ('a0000000-0000-0000-0000-000000000484', 'd0000000-0000-0000-0000-000000000028', 'qna', NULL, '모유수유 중인데 감기약 먹어도 되나요? 아기한테 영향 있을까 걱정이에요.', 20, 9, now() + interval '39 days'),
  ('a0000000-0000-0000-0000-000000000485', 'd0000000-0000-0000-0000-000000000079', 'birth_month', '2026-04', '2026-04생 아기 하이파이브 배웠어요! "하이~" 하면서 손뼉 치는데 세상 귀여워요 🤗', 18, 21, now() - interval '106 days'),
  ('a0000000-0000-0000-0000-000000000486', 'd0000000-0000-0000-0000-000000000008', 'general', NULL, '아기 100일 기념으로 가족사진 찍었는데 완성본 보고 눈물 났어요. 우리가 가족이 됐구나... 🥹', 27, 5, now() + interval '165 days'),
  ('a0000000-0000-0000-0000-000000000487', 'd0000000-0000-0000-0000-000000000032', 'birth_month', '2026-07', '2026-07생 예정맘인데 곧 만나네요! 출산가방 다 쌌는데 혹시 빠진 거 없는지 봐주세요 🥹', 54, 18, now() + interval '98 days'),
  ('a0000000-0000-0000-0000-000000000488', 'd0000000-0000-0000-0000-000000000062', 'birth_month', '2026-01', '2026-01생 아기 첫 기어다님 시작! 눈 깜짝할 사이에 부엌까지 도달해서 안전문 필수! 😂', 34, 12, now() + interval '129 days'),
  ('a0000000-0000-0000-0000-000000000489', 'd0000000-0000-0000-0000-000000000035', 'general', NULL, '소아과 가서 성장 체크했는데 백분위 75% 나왔어요! 처음에 작게 태어나서 걱정했는데 쑥쑥 크고 있네요 💪', 23, 20, now() - interval '72 days'),
  ('a0000000-0000-0000-0000-000000000490', 'd0000000-0000-0000-0000-000000000061', 'birth_month', '2025-09', '2025-09생 아기 50일 됐어요! 방긋 웃기 시작했는데 세상 예뻐요. 사진 100장은 찍은 듯 ㅋㅋ', 52, 19, now() + interval '41 days'),
  ('a0000000-0000-0000-0000-000000000491', 'd0000000-0000-0000-0000-000000000085', 'general', NULL, '아기 첫 돌 찍으러 스튜디오 갔는데 한복 입은 모습이 너무 사랑스러워요. 앨범 나오면 자랑할 거예요!', 37, 2, now() + interval '57 days'),
  ('a0000000-0000-0000-0000-000000000492', 'd0000000-0000-0000-0000-000000000046', 'qna', NULL, '태교 음악 뭐 들으세요? 클래식이 좋다고 하는데 저는 발라드가 더 편해요 🎵', 57, 6, now() - interval '152 days'),
  ('a0000000-0000-0000-0000-000000000493', 'd0000000-0000-0000-0000-000000000095', 'region', NULL, '창원 공원에서 소풍 모임 할 건데 참여할 맘? 도시락 각자 싸오고 아기들끼리 놀아요 🧺', 61, 19, now() - interval '180 days'),
  ('a0000000-0000-0000-0000-000000000494', 'd0000000-0000-0000-0000-000000000073', 'general', NULL, '첫째 재우고 둘째 먹이고... 투맘의 하루는 정신없지만 둘 다 잠든 밤이 제일 평화로워요 🌟', 63, 7, now() + interval '127 days'),
  ('a0000000-0000-0000-0000-000000000495', 'd0000000-0000-0000-0000-000000000040', 'general', NULL, '배란테스트기 두 줄 떴어요!! 긴장되지만 이번 달은 좋은 예감이 들어요 🙏', 5, 3, now() - interval '155 days'),
  ('a0000000-0000-0000-0000-000000000496', 'd0000000-0000-0000-0000-000000000003', 'birth_month', '2025-10', '2025-10생 맘들 아기 몸무게 어때요? 우리 8kg인데 큰 건지 작은 건지 궁금해요.', 3, 11, now() + interval '52 days'),
  ('a0000000-0000-0000-0000-000000000497', 'd0000000-0000-0000-0000-000000000092', 'general', NULL, '오늘 아기가 거울 보고 자기 모습에 깜짝 놀랐어요 ㅋㅋ 거울 속 아기한테 손도 뻗고 박치기도 하고...', 54, 11, now() - interval '38 days'),
  ('a0000000-0000-0000-0000-000000000498', 'd0000000-0000-0000-0000-000000000100', 'general', NULL, '아기가 기저귀 떼기 시작! 변기에 앉혀놓으면 뿌듯한 표정 짓는 게 ㅋㅋ 성공하면 박수 쳐줘요 👏', 36, 12, now() + interval '96 days'),
  ('a0000000-0000-0000-0000-000000000499', 'd0000000-0000-0000-0000-000000000076', 'general', NULL, '아기가 혼자 서서 박수까지! 발달이 한 번에 오는 것 같아요. 어제까지 못 했는데 오늘 갑자기!', 22, 11, now() - interval '41 days'),
  ('a0000000-0000-0000-0000-000000000500', 'd0000000-0000-0000-0000-000000000082', 'qna', NULL, '아기 두 돌인데 아직 말을 잘 못해요. 언어 치료 받아야 할까요? 걱정이에요 ㅠ', 44, 11, now() - interval '144 days')
ON CONFLICT (id) DO NOTHING;


-- ────────────────────────────────────────────────
-- 2. 댓글 (comments) — 750개
-- ────────────────────────────────────────────────
INSERT INTO comments (id, post_id, user_id, content, created_at) VALUES
  ('c0000000-0000-0000-0000-000000000001', 'a0000000-0000-0000-0000-000000000456', 'd0000000-0000-0000-0000-000000000079', '혼자가 아니에요! 다 함께 육아해요 💪', now() - interval '66 days 21 hours'),
  ('c0000000-0000-0000-0000-000000000002', 'a0000000-0000-0000-0000-000000000302', 'd0000000-0000-0000-0000-000000000023', '사랑스럽네요~ 잘 크고 있네요!', now() + interval '61 days 23 hours'),
  ('c0000000-0000-0000-0000-000000000003', 'a0000000-0000-0000-0000-000000000353', 'd0000000-0000-0000-0000-000000000038', '너무 귀여워요 ㅋㅋ 사진 보고 싶어요!', now() + interval '96 days 23 hours'),
  ('c0000000-0000-0000-0000-000000000004', 'a0000000-0000-0000-0000-000000000001', 'd0000000-0000-0000-0000-000000000090', '같은 동네 맘이시네요! 반가워요~', now() - interval '67 days 18 hours'),
  ('c0000000-0000-0000-0000-000000000005', 'a0000000-0000-0000-0000-000000000017', 'd0000000-0000-0000-0000-000000000024', '추천 감사해요! 이번 주말에 가볼게요 🏃‍♀️', now() + interval '62 days 19 hours'),
  ('c0000000-0000-0000-0000-000000000006', 'a0000000-0000-0000-0000-000000000114', 'd0000000-0000-0000-0000-000000000082', '같은 동네 맘이시네요! 반가워요~', now() + interval '49 days 15 hours'),
  ('c0000000-0000-0000-0000-000000000007', 'a0000000-0000-0000-0000-000000000073', 'd0000000-0000-0000-0000-000000000043', '아기가 건강하게 자라고 있는 거예요. 걱정 마세요!', now() + interval '160 days 7 hours'),
  ('c0000000-0000-0000-0000-000000000008', 'a0000000-0000-0000-0000-000000000178', 'd0000000-0000-0000-0000-000000000041', '좋은 정보 감사합니다! 참고할게요 😊', now() + interval '167 days 2 hours'),
  ('c0000000-0000-0000-0000-000000000009', 'a0000000-0000-0000-0000-000000000421', 'd0000000-0000-0000-0000-000000000091', '우리 아기도 그 시기에 폭풍 성장했어요!', now() - interval '81 days 23 hours'),
  ('c0000000-0000-0000-0000-000000000010', 'a0000000-0000-0000-0000-000000000454', 'd0000000-0000-0000-0000-000000000043', '시간 참 빠르죠... 벌써 그렇게 됐다니!', now() - interval '17 days 8 hours'),
  ('c0000000-0000-0000-0000-000000000011', 'a0000000-0000-0000-0000-000000000108', 'd0000000-0000-0000-0000-000000000032', '사진 올려주세요! 보고 싶어요 ㅋㅋ', now() + interval '6 days 11 hours'),
  ('c0000000-0000-0000-0000-000000000012', 'a0000000-0000-0000-0000-000000000132', 'd0000000-0000-0000-0000-000000000014', '이 글 보고 용기 얻었어요! 감사해요~', now() + interval '178 days 1 hours'),
  ('c0000000-0000-0000-0000-000000000013', 'a0000000-0000-0000-0000-000000000198', 'd0000000-0000-0000-0000-000000000057', '이 글 보고 용기 얻었어요! 감사해요~', now() + interval '146 days 5 hours'),
  ('c0000000-0000-0000-0000-000000000014', 'a0000000-0000-0000-0000-000000000453', 'd0000000-0000-0000-0000-000000000053', '감동이에요 ㅠㅠ 눈물 나네요...', now() - interval '32 days 11 hours'),
  ('c0000000-0000-0000-0000-000000000015', 'a0000000-0000-0000-0000-000000000280', 'd0000000-0000-0000-0000-000000000049', '힘내세요! 이 시간도 금방 지나가요', now() + interval '12 days 18 hours'),
  ('c0000000-0000-0000-0000-000000000016', 'a0000000-0000-0000-0000-000000000334', 'd0000000-0000-0000-0000-000000000098', '소아과 선생님한테 물어보시는 게 제일 정확해요~', now() + interval '110 days 5 hours'),
  ('c0000000-0000-0000-0000-000000000017', 'a0000000-0000-0000-0000-000000000232', 'd0000000-0000-0000-0000-000000000010', '힘내세요 맘! 잘 하고 계신 거예요 💕', now() + interval '97 days 0 hours'),
  ('c0000000-0000-0000-0000-000000000018', 'a0000000-0000-0000-0000-000000000164', 'd0000000-0000-0000-0000-000000000034', '힘내세요! 이 시간도 금방 지나가요', now() + interval '93 days 10 hours'),
  ('c0000000-0000-0000-0000-000000000019', 'a0000000-0000-0000-0000-000000000088', 'd0000000-0000-0000-0000-000000000049', '좋은 정보 감사합니다! 참고할게요 😊', now() + interval '91 days 2 hours'),
  ('c0000000-0000-0000-0000-000000000020', 'a0000000-0000-0000-0000-000000000281', 'd0000000-0000-0000-0000-000000000012', '저도 추천해요! 정말 좋았어요 ✨', now() + interval '41 days 19 hours'),
  ('c0000000-0000-0000-0000-000000000021', 'a0000000-0000-0000-0000-000000000458', 'd0000000-0000-0000-0000-000000000062', '저도 같은 고민이에요. 함께 이겨내요 🤝', now() - interval '10 days 13 hours'),
  ('c0000000-0000-0000-0000-000000000022', 'a0000000-0000-0000-0000-000000000483', 'd0000000-0000-0000-0000-000000000084', '좋은 정보 감사합니다! 참고할게요 😊', now() + interval '47 days 13 hours'),
  ('c0000000-0000-0000-0000-000000000023', 'a0000000-0000-0000-0000-000000000081', 'd0000000-0000-0000-0000-000000000007', '힘내세요! 이 시간도 금방 지나가요', now() - interval '137 days 6 hours'),
  ('c0000000-0000-0000-0000-000000000024', 'a0000000-0000-0000-0000-000000000499', 'd0000000-0000-0000-0000-000000000025', '좋은 아빠 맞아요! 부럽습니다 ㅋㅋ', now() - interval '39 days 17 hours'),
  ('c0000000-0000-0000-0000-000000000025', 'a0000000-0000-0000-0000-000000000370', 'd0000000-0000-0000-0000-000000000094', '아기가 건강한 게 제일이에요 💕', now() - interval '63 days 21 hours'),
  ('c0000000-0000-0000-0000-000000000026', 'a0000000-0000-0000-0000-000000000145', 'd0000000-0000-0000-0000-000000000039', '응원합니다! 좋은 소식 기다릴게요 🍀', now() + interval '70 days 1 hours'),
  ('c0000000-0000-0000-0000-000000000027', 'a0000000-0000-0000-0000-000000000202', 'd0000000-0000-0000-0000-000000000074', '그 표정 상상되네요 ㅋㅋ 너무 귀여워!', now() + interval '25 days 4 hours'),
  ('c0000000-0000-0000-0000-000000000028', 'a0000000-0000-0000-0000-000000000028', 'd0000000-0000-0000-0000-000000000047', '저도요~ 완전 공감이에요!', now() + interval '158 days 2 hours'),
  ('c0000000-0000-0000-0000-000000000029', 'a0000000-0000-0000-0000-000000000151', 'd0000000-0000-0000-0000-000000000085', '저는 8개월 때 했는데 괜찮았어요!', now() + interval '59 days 15 hours'),
  ('c0000000-0000-0000-0000-000000000030', 'a0000000-0000-0000-0000-000000000103', 'd0000000-0000-0000-0000-000000000013', '우리 아기도 그랬어요 ㅎㅎ 금방 나아질 거예요', now() + interval '51 days 5 hours'),
  ('c0000000-0000-0000-0000-000000000031', 'a0000000-0000-0000-0000-000000000327', 'd0000000-0000-0000-0000-000000000038', '저도 지금 수유 중이에요! 새벽 동지 반가워요 🌙', now() + interval '60 days 3 hours'),
  ('c0000000-0000-0000-0000-000000000032', 'a0000000-0000-0000-0000-000000000158', 'd0000000-0000-0000-0000-000000000051', '저도 같은 제품 쓰는데 좋아요~', now() - interval '54 days 21 hours'),
  ('c0000000-0000-0000-0000-000000000033', 'a0000000-0000-0000-0000-000000000136', 'd0000000-0000-0000-0000-000000000012', '남편 분 진짜 멋지시네요 👍', now() - interval '1 days 12 hours'),
  ('c0000000-0000-0000-0000-000000000034', 'a0000000-0000-0000-0000-000000000095', 'd0000000-0000-0000-0000-000000000048', '사랑스럽네요~ 잘 크고 있네요!', now() + interval '66 days 5 hours'),
  ('c0000000-0000-0000-0000-000000000035', 'a0000000-0000-0000-0000-000000000229', 'd0000000-0000-0000-0000-000000000006', '우리 애도 그 시기에 그랬어요! 걱정 마세요~', now() + interval '38 days 14 hours'),
  ('c0000000-0000-0000-0000-000000000036', 'a0000000-0000-0000-0000-000000000135', 'd0000000-0000-0000-0000-000000000029', '영상 남겨두세요! 소중한 추억이에요 📹', now() - interval '148 days 1 hours'),
  ('c0000000-0000-0000-0000-000000000037', 'a0000000-0000-0000-0000-000000000078', 'd0000000-0000-0000-0000-000000000097', '사진 올려주세요! 보고 싶어요 ㅋㅋ', now() + interval '91 days 3 hours'),
  ('c0000000-0000-0000-0000-000000000038', 'a0000000-0000-0000-0000-000000000044', 'd0000000-0000-0000-0000-000000000086', '혼자가 아니에요! 다 함께 육아해요 💪', now() - interval '151 days 13 hours'),
  ('c0000000-0000-0000-0000-000000000039', 'a0000000-0000-0000-0000-000000000498', 'd0000000-0000-0000-0000-000000000097', '저희 아기도 6개월인데 같이 놀래요?', now() + interval '96 days 17 hours'),
  ('c0000000-0000-0000-0000-000000000040', 'a0000000-0000-0000-0000-000000000032', 'd0000000-0000-0000-0000-000000000050', '개인차가 크대요! 걱정 마세요~', now() - interval '108 days 17 hours'),
  ('c0000000-0000-0000-0000-000000000041', 'a0000000-0000-0000-0000-000000000352', 'd0000000-0000-0000-0000-000000000061', '같은 동네 맘이시네요! 반가워요~', now() - interval '162 days 15 hours'),
  ('c0000000-0000-0000-0000-000000000042', 'a0000000-0000-0000-0000-000000000154', 'd0000000-0000-0000-0000-000000000011', '비슷한 월령인데 반가워요! 친해져요~', now() + interval '42 days 1 hours'),
  ('c0000000-0000-0000-0000-000000000043', 'a0000000-0000-0000-0000-000000000258', 'd0000000-0000-0000-0000-000000000074', '개인차가 크대요! 걱정 마세요~', now() + interval '177 days 21 hours'),
  ('c0000000-0000-0000-0000-000000000044', 'a0000000-0000-0000-0000-000000000318', 'd0000000-0000-0000-0000-000000000019', '정보 감사해요! 저도 해볼게요~', now() + interval '176 days 5 hours'),
  ('c0000000-0000-0000-0000-000000000045', 'a0000000-0000-0000-0000-000000000486', 'd0000000-0000-0000-0000-000000000022', '이 시기가 힘들지만 빨리 지나가요. 파이팅!', now() + interval '165 days 4 hours'),
  ('c0000000-0000-0000-0000-000000000046', 'a0000000-0000-0000-0000-000000000022', 'd0000000-0000-0000-0000-000000000055', '저도 지금 수유 중이에요! 새벽 동지 반가워요 🌙', now() - interval '16 days 13 hours'),
  ('c0000000-0000-0000-0000-000000000047', 'a0000000-0000-0000-0000-000000000104', 'd0000000-0000-0000-0000-000000000081', '공감 100%! 우리도 같은 상황이에요', now() + interval '39 days 8 hours'),
  ('c0000000-0000-0000-0000-000000000048', 'a0000000-0000-0000-0000-000000000164', 'd0000000-0000-0000-0000-000000000094', '그 순간 정말 잊을 수 없죠! 📱', now() + interval '93 days 12 hours'),
  ('c0000000-0000-0000-0000-000000000049', 'a0000000-0000-0000-0000-000000000285', 'd0000000-0000-0000-0000-000000000051', '그 표정 상상되네요 ㅋㅋ 너무 귀여워!', now() + interval '69 days 8 hours'),
  ('c0000000-0000-0000-0000-000000000050', 'a0000000-0000-0000-0000-000000000267', 'd0000000-0000-0000-0000-000000000059', '저도요~ 완전 공감이에요!', now() - interval '17 days 19 hours')
ON CONFLICT (id) DO NOTHING;

INSERT INTO comments (id, post_id, user_id, content, created_at) VALUES
  ('c0000000-0000-0000-0000-000000000051', 'a0000000-0000-0000-0000-000000000301', 'd0000000-0000-0000-0000-000000000067', '좋은 아빠 맞아요! 부럽습니다 ㅋㅋ', now() + interval '52 days 13 hours'),
  ('c0000000-0000-0000-0000-000000000052', 'a0000000-0000-0000-0000-000000000077', 'd0000000-0000-0000-0000-000000000019', '같은 동네 맘이시네요! 반가워요~', now() - interval '177 days 18 hours'),
  ('c0000000-0000-0000-0000-000000000053', 'a0000000-0000-0000-0000-000000000389', 'd0000000-0000-0000-0000-000000000013', '힘내세요! 이 시간도 금방 지나가요', now() + interval '45 days 3 hours'),
  ('c0000000-0000-0000-0000-000000000054', 'a0000000-0000-0000-0000-000000000403', 'd0000000-0000-0000-0000-000000000037', '아기가 건강한 게 제일이에요 💕', now() + interval '174 days 13 hours'),
  ('c0000000-0000-0000-0000-000000000055', 'a0000000-0000-0000-0000-000000000136', 'd0000000-0000-0000-0000-000000000050', '남편 분 진짜 멋지시네요 👍', now() - interval '2 days 18 hours'),
  ('c0000000-0000-0000-0000-000000000056', 'a0000000-0000-0000-0000-000000000312', 'd0000000-0000-0000-0000-000000000061', '힘내세요 맘! 잘 하고 계신 거예요 💕', now() - interval '31 days 8 hours'),
  ('c0000000-0000-0000-0000-000000000057', 'a0000000-0000-0000-0000-000000000207', 'd0000000-0000-0000-0000-000000000019', '힘들 때 여기서 위로받아요. 맘들 감사해요 💛', now() + interval '168 days 21 hours'),
  ('c0000000-0000-0000-0000-000000000058', 'a0000000-0000-0000-0000-000000000356', 'd0000000-0000-0000-0000-000000000052', '힘내세요 맘! 잘 하고 계신 거예요 💕', now() + interval '47 days 10 hours'),
  ('c0000000-0000-0000-0000-000000000059', 'a0000000-0000-0000-0000-000000000354', 'd0000000-0000-0000-0000-000000000031', '아 너무 부러워요 ㅠㅠ 축하드려요!', now() + interval '7 days 15 hours'),
  ('c0000000-0000-0000-0000-000000000060', 'a0000000-0000-0000-0000-000000000472', 'd0000000-0000-0000-0000-000000000035', '너무 웃겨요 ㅋㅋㅋ 우리 집도 비슷해요', now() + interval '35 days 10 hours'),
  ('c0000000-0000-0000-0000-000000000061', 'a0000000-0000-0000-0000-000000000419', 'd0000000-0000-0000-0000-000000000039', '엄마 마음 이해해요 ㅠ 같이 힘내요!', now() + interval '175 days 15 hours'),
  ('c0000000-0000-0000-0000-000000000062', 'a0000000-0000-0000-0000-000000000440', 'd0000000-0000-0000-0000-000000000090', '소아과 선생님한테 물어보시는 게 제일 정확해요~', now() + interval '64 days 7 hours'),
  ('c0000000-0000-0000-0000-000000000063', 'a0000000-0000-0000-0000-000000000069', 'd0000000-0000-0000-0000-000000000039', '아기가 건강하게 자라고 있는 거예요. 걱정 마세요!', now() + interval '120 days 10 hours'),
  ('c0000000-0000-0000-0000-000000000064', 'a0000000-0000-0000-0000-000000000138', 'd0000000-0000-0000-0000-000000000094', '좋은 아빠 맞아요! 부럽습니다 ㅋㅋ', now() - interval '97 days 20 hours'),
  ('c0000000-0000-0000-0000-000000000065', 'a0000000-0000-0000-0000-000000000046', 'd0000000-0000-0000-0000-000000000025', '시간 참 빠르죠... 벌써 그렇게 됐다니!', now() - interval '138 days 13 hours'),
  ('c0000000-0000-0000-0000-000000000066', 'a0000000-0000-0000-0000-000000000380', 'd0000000-0000-0000-0000-000000000063', '엄마 본능이 제일 정확해요! 믿으세요 💪', now() + interval '37 days 11 hours'),
  ('c0000000-0000-0000-0000-000000000067', 'a0000000-0000-0000-0000-000000000421', 'd0000000-0000-0000-0000-000000000008', '우리 애한테도 해봐야겠어요 ㅎㅎ', now() - interval '83 days 2 hours'),
  ('c0000000-0000-0000-0000-000000000068', 'a0000000-0000-0000-0000-000000000160', 'd0000000-0000-0000-0000-000000000091', '우리 애한테도 해봐야겠어요 ㅎㅎ', now() - interval '55 days 4 hours'),
  ('c0000000-0000-0000-0000-000000000069', 'a0000000-0000-0000-0000-000000000400', 'd0000000-0000-0000-0000-000000000068', '같은 동네 맘이시네요! 반가워요~', now() - interval '17 days 5 hours'),
  ('c0000000-0000-0000-0000-000000000070', 'a0000000-0000-0000-0000-000000000099', 'd0000000-0000-0000-0000-000000000026', '아 너무 부러워요 ㅠㅠ 축하드려요!', now() + interval '26 days 1 hours'),
  ('c0000000-0000-0000-0000-000000000071', 'a0000000-0000-0000-0000-000000000234', 'd0000000-0000-0000-0000-000000000007', '너무 웃겨요 ㅋㅋㅋ 우리 집도 비슷해요', now() - interval '89 days 6 hours'),
  ('c0000000-0000-0000-0000-000000000072', 'a0000000-0000-0000-0000-000000000141', 'd0000000-0000-0000-0000-000000000048', '꿀팁 감사해요! 바로 해볼게요!', now() + interval '130 days 12 hours'),
  ('c0000000-0000-0000-0000-000000000073', 'a0000000-0000-0000-0000-000000000326', 'd0000000-0000-0000-0000-000000000016', '소아과 선생님한테 물어보시는 게 제일 정확해요~', now() + interval '6 days 7 hours'),
  ('c0000000-0000-0000-0000-000000000074', 'a0000000-0000-0000-0000-000000000191', 'd0000000-0000-0000-0000-000000000063', '추천 감사해요! 이번 주말에 가볼게요 🏃‍♀️', now() + interval '108 days 5 hours'),
  ('c0000000-0000-0000-0000-000000000075', 'a0000000-0000-0000-0000-000000000492', 'd0000000-0000-0000-0000-000000000061', '저희 아기도 6개월인데 같이 놀래요?', now() - interval '150 days 11 hours'),
  ('c0000000-0000-0000-0000-000000000076', 'a0000000-0000-0000-0000-000000000177', 'd0000000-0000-0000-0000-000000000021', '우리 애도 그 시기에 그랬어요! 걱정 마세요~', now() - interval '70 days 22 hours'),
  ('c0000000-0000-0000-0000-000000000077', 'a0000000-0000-0000-0000-000000000047', 'd0000000-0000-0000-0000-000000000037', '우리 아기도 그랬어요 ㅎㅎ 금방 나아질 거예요', now() + interval '161 days 1 hours'),
  ('c0000000-0000-0000-0000-000000000078', 'a0000000-0000-0000-0000-000000000084', 'd0000000-0000-0000-0000-000000000074', '그 시기 지나면 또 다른 고민이 생기더라구요 ㅋㅋ', now() + interval '91 days 7 hours'),
  ('c0000000-0000-0000-0000-000000000079', 'a0000000-0000-0000-0000-000000000332', 'd0000000-0000-0000-0000-000000000029', '소아과 선생님한테 물어보시는 게 제일 정확해요~', now() + interval '61 days 8 hours'),
  ('c0000000-0000-0000-0000-000000000080', 'a0000000-0000-0000-0000-000000000334', 'd0000000-0000-0000-0000-000000000053', '우리 애한테도 해봐야겠어요 ㅎㅎ', now() + interval '110 days 21 hours'),
  ('c0000000-0000-0000-0000-000000000081', 'a0000000-0000-0000-0000-000000000005', 'd0000000-0000-0000-0000-000000000061', '너무 귀여워요 ㅋㅋ 사진 보고 싶어요!', now() - interval '123 days 5 hours'),
  ('c0000000-0000-0000-0000-000000000082', 'a0000000-0000-0000-0000-000000000308', 'd0000000-0000-0000-0000-000000000002', '너무 공감... 저도 매일 그래요 ㅋㅋ', now() + interval '147 days 19 hours'),
  ('c0000000-0000-0000-0000-000000000083', 'a0000000-0000-0000-0000-000000000413', 'd0000000-0000-0000-0000-000000000040', '저도 같은 고민이에요. 함께 이겨내요 🤝', now() + interval '111 days 20 hours'),
  ('c0000000-0000-0000-0000-000000000084', 'a0000000-0000-0000-0000-000000000141', 'd0000000-0000-0000-0000-000000000055', '사랑스럽네요~ 잘 크고 있네요!', now() + interval '129 days 14 hours'),
  ('c0000000-0000-0000-0000-000000000085', 'a0000000-0000-0000-0000-000000000130', 'd0000000-0000-0000-0000-000000000028', '꿀팁 감사해요! 바로 해볼게요!', now() + interval '11 days 21 hours'),
  ('c0000000-0000-0000-0000-000000000086', 'a0000000-0000-0000-0000-000000000267', 'd0000000-0000-0000-0000-000000000080', '비슷한 월령인데 반가워요! 친해져요~', now() - interval '17 days 3 hours'),
  ('c0000000-0000-0000-0000-000000000087', 'a0000000-0000-0000-0000-000000000004', 'd0000000-0000-0000-0000-000000000066', '우리 아기도 그 시기에 폭풍 성장했어요!', now() + interval '80 days 17 hours'),
  ('c0000000-0000-0000-0000-000000000088', 'a0000000-0000-0000-0000-000000000332', 'd0000000-0000-0000-0000-000000000077', '추천 감사해요! 이번 주말에 가볼게요 🏃‍♀️', now() + interval '62 days 9 hours'),
  ('c0000000-0000-0000-0000-000000000089', 'a0000000-0000-0000-0000-000000000351', 'd0000000-0000-0000-0000-000000000014', '저도 같은 제품 쓰는데 좋아요~', now() + interval '20 days 10 hours'),
  ('c0000000-0000-0000-0000-000000000090', 'a0000000-0000-0000-0000-000000000142', 'd0000000-0000-0000-0000-000000000082', '정보 공유 감사해요! 가보고 싶어요~', now() - interval '64 days 8 hours'),
  ('c0000000-0000-0000-0000-000000000091', 'a0000000-0000-0000-0000-000000000336', 'd0000000-0000-0000-0000-000000000092', '남편 분 진짜 멋지시네요 👍', now() - interval '137 days 6 hours'),
  ('c0000000-0000-0000-0000-000000000092', 'a0000000-0000-0000-0000-000000000077', 'd0000000-0000-0000-0000-000000000067', '엄마 본능이 제일 정확해요! 믿으세요 💪', now() - interval '179 days 1 hours'),
  ('c0000000-0000-0000-0000-000000000093', 'a0000000-0000-0000-0000-000000000413', 'd0000000-0000-0000-0000-000000000077', '비슷한 월령인데 반가워요! 친해져요~', now() + interval '111 days 10 hours'),
  ('c0000000-0000-0000-0000-000000000094', 'a0000000-0000-0000-0000-000000000349', 'd0000000-0000-0000-0000-000000000018', '이 글 보고 용기 얻었어요! 감사해요~', now() - interval '126 days 20 hours'),
  ('c0000000-0000-0000-0000-000000000095', 'a0000000-0000-0000-0000-000000000255', 'd0000000-0000-0000-0000-000000000038', '우리 애도 그 시기에 그랬어요! 걱정 마세요~', now() + interval '62 days 12 hours'),
  ('c0000000-0000-0000-0000-000000000096', 'a0000000-0000-0000-0000-000000000199', 'd0000000-0000-0000-0000-000000000095', '힘내세요 맘! 잘 하고 계신 거예요 💕', now() + interval '162 days 22 hours'),
  ('c0000000-0000-0000-0000-000000000097', 'a0000000-0000-0000-0000-000000000293', 'd0000000-0000-0000-0000-000000000025', '저도 추천해요! 정말 좋았어요 ✨', now() - interval '75 days 22 hours'),
  ('c0000000-0000-0000-0000-000000000098', 'a0000000-0000-0000-0000-000000000114', 'd0000000-0000-0000-0000-000000000088', '아기가 건강한 게 제일이에요 💕', now() + interval '51 days 15 hours'),
  ('c0000000-0000-0000-0000-000000000099', 'a0000000-0000-0000-0000-000000000465', 'd0000000-0000-0000-0000-000000000086', '혼자가 아니에요! 다 함께 육아해요 💪', now() + interval '165 days 9 hours'),
  ('c0000000-0000-0000-0000-000000000100', 'a0000000-0000-0000-0000-000000000433', 'd0000000-0000-0000-0000-000000000022', '우리 아기도 그 시기에 폭풍 성장했어요!', now() + interval '116 days 5 hours')
ON CONFLICT (id) DO NOTHING;

INSERT INTO comments (id, post_id, user_id, content, created_at) VALUES
  ('c0000000-0000-0000-0000-000000000101', 'a0000000-0000-0000-0000-000000000151', 'd0000000-0000-0000-0000-000000000013', '저도 같은 제품 쓰는데 좋아요~', now() + interval '57 days 23 hours'),
  ('c0000000-0000-0000-0000-000000000102', 'a0000000-0000-0000-0000-000000000133', 'd0000000-0000-0000-0000-000000000093', '그 표정 상상되네요 ㅋㅋ 너무 귀여워!', now() - interval '111 days 21 hours'),
  ('c0000000-0000-0000-0000-000000000103', 'a0000000-0000-0000-0000-000000000461', 'd0000000-0000-0000-0000-000000000043', '남편 분 진짜 멋지시네요 👍', now() - interval '120 days 7 hours'),
  ('c0000000-0000-0000-0000-000000000104', 'a0000000-0000-0000-0000-000000000182', 'd0000000-0000-0000-0000-000000000029', '아기가 건강하게 자라고 있는 거예요. 걱정 마세요!', now() - interval '83 days 13 hours'),
  ('c0000000-0000-0000-0000-000000000105', 'a0000000-0000-0000-0000-000000000404', 'd0000000-0000-0000-0000-000000000043', '너무 웃겨요 ㅋㅋㅋ 우리 집도 비슷해요', now() - interval '61 days 18 hours'),
  ('c0000000-0000-0000-0000-000000000106', 'a0000000-0000-0000-0000-000000000151', 'd0000000-0000-0000-0000-000000000060', '정보 감사해요! 저도 해볼게요~', now() + interval '58 days 1 hours'),
  ('c0000000-0000-0000-0000-000000000107', 'a0000000-0000-0000-0000-000000000444', 'd0000000-0000-0000-0000-000000000082', '저희 아기도 6개월인데 같이 놀래요?', now() + interval '148 days 19 hours'),
  ('c0000000-0000-0000-0000-000000000108', 'a0000000-0000-0000-0000-000000000037', 'd0000000-0000-0000-0000-000000000061', '축하해요!! 우리 아기도 빨리 그랬으면 ㅋㅋ', now() + interval '107 days 3 hours'),
  ('c0000000-0000-0000-0000-000000000109', 'a0000000-0000-0000-0000-000000000445', 'd0000000-0000-0000-0000-000000000088', '사랑스럽네요~ 잘 크고 있네요!', now() + interval '21 days 9 hours'),
  ('c0000000-0000-0000-0000-000000000110', 'a0000000-0000-0000-0000-000000000212', 'd0000000-0000-0000-0000-000000000007', '공감 100%! 우리도 같은 상황이에요', now() + interval '88 days 6 hours'),
  ('c0000000-0000-0000-0000-000000000111', 'a0000000-0000-0000-0000-000000000176', 'd0000000-0000-0000-0000-000000000053', '같은 동네 맘이시네요! 반가워요~', now() + interval '41 days 4 hours'),
  ('c0000000-0000-0000-0000-000000000112', 'a0000000-0000-0000-0000-000000000162', 'd0000000-0000-0000-0000-000000000092', '저도 같은 고민이었는데 도움이 됐어요', now() + interval '34 days 15 hours'),
  ('c0000000-0000-0000-0000-000000000113', 'a0000000-0000-0000-0000-000000000171', 'd0000000-0000-0000-0000-000000000081', '저도 같은 고민이었는데 도움이 됐어요', now() + interval '104 days 20 hours'),
  ('c0000000-0000-0000-0000-000000000114', 'a0000000-0000-0000-0000-000000000030', 'd0000000-0000-0000-0000-000000000001', '시간 참 빠르죠... 벌써 그렇게 됐다니!', now() - interval '72 days 6 hours'),
  ('c0000000-0000-0000-0000-000000000115', 'a0000000-0000-0000-0000-000000000390', 'd0000000-0000-0000-0000-000000000100', '좋은 정보 감사합니다! 참고할게요 😊', now() - interval '83 days 5 hours'),
  ('c0000000-0000-0000-0000-000000000116', 'a0000000-0000-0000-0000-000000000251', 'd0000000-0000-0000-0000-000000000098', '그 시기 지나면 또 다른 고민이 생기더라구요 ㅋㅋ', now() + interval '74 days 4 hours'),
  ('c0000000-0000-0000-0000-000000000117', 'a0000000-0000-0000-0000-000000000315', 'd0000000-0000-0000-0000-000000000056', '저는 8개월 때 했는데 괜찮았어요!', now() + interval '172 days 12 hours'),
  ('c0000000-0000-0000-0000-000000000118', 'a0000000-0000-0000-0000-000000000220', 'd0000000-0000-0000-0000-000000000062', '사랑스럽네요~ 잘 크고 있네요!', now() + interval '27 days 1 hours'),
  ('c0000000-0000-0000-0000-000000000119', 'a0000000-0000-0000-0000-000000000274', 'd0000000-0000-0000-0000-000000000026', '이 글 보고 용기 얻었어요! 감사해요~', now() - interval '12 days 0 hours'),
  ('c0000000-0000-0000-0000-000000000120', 'a0000000-0000-0000-0000-000000000457', 'd0000000-0000-0000-0000-000000000042', '엄마 본능이 제일 정확해요! 믿으세요 💪', now() - interval '2 days 6 hours'),
  ('c0000000-0000-0000-0000-000000000121', 'a0000000-0000-0000-0000-000000000010', 'd0000000-0000-0000-0000-000000000087', '저도요~ 완전 공감이에요!', now() - interval '16 days 23 hours'),
  ('c0000000-0000-0000-0000-000000000122', 'a0000000-0000-0000-0000-000000000128', 'd0000000-0000-0000-0000-000000000029', '사진 올려주세요! 보고 싶어요 ㅋㅋ', now() + interval '21 days 9 hours'),
  ('c0000000-0000-0000-0000-000000000123', 'a0000000-0000-0000-0000-000000000067', 'd0000000-0000-0000-0000-000000000014', '사랑스럽네요~ 잘 크고 있네요!', now() + interval '106 days 18 hours'),
  ('c0000000-0000-0000-0000-000000000124', 'a0000000-0000-0000-0000-000000000157', 'd0000000-0000-0000-0000-000000000022', '그 순간 정말 잊을 수 없죠! 📱', now() - interval '71 days 9 hours'),
  ('c0000000-0000-0000-0000-000000000125', 'a0000000-0000-0000-0000-000000000486', 'd0000000-0000-0000-0000-000000000038', '꿀팁 감사해요! 바로 해볼게요!', now() + interval '167 days 16 hours'),
  ('c0000000-0000-0000-0000-000000000126', 'a0000000-0000-0000-0000-000000000306', 'd0000000-0000-0000-0000-000000000068', '저도 추천해요! 정말 좋았어요 ✨', now() + interval '36 days 21 hours'),
  ('c0000000-0000-0000-0000-000000000127', 'a0000000-0000-0000-0000-000000000069', 'd0000000-0000-0000-0000-000000000044', '감동이에요 ㅠㅠ 눈물 나네요...', now() + interval '120 days 6 hours'),
  ('c0000000-0000-0000-0000-000000000128', 'a0000000-0000-0000-0000-000000000085', 'd0000000-0000-0000-0000-000000000052', '우리 아기도 그랬어요 ㅎㅎ 금방 나아질 거예요', now() + interval '133 days 7 hours'),
  ('c0000000-0000-0000-0000-000000000129', 'a0000000-0000-0000-0000-000000000373', 'd0000000-0000-0000-0000-000000000017', '이 시기가 힘들지만 빨리 지나가요. 파이팅!', now() + interval '134 days 0 hours'),
  ('c0000000-0000-0000-0000-000000000130', 'a0000000-0000-0000-0000-000000000302', 'd0000000-0000-0000-0000-000000000065', '좋은 정보 감사합니다! 참고할게요 😊', now() + interval '60 days 11 hours'),
  ('c0000000-0000-0000-0000-000000000131', 'a0000000-0000-0000-0000-000000000365', 'd0000000-0000-0000-0000-000000000084', '힘내세요 맘! 잘 하고 계신 거예요 💕', now() + interval '101 days 20 hours'),
  ('c0000000-0000-0000-0000-000000000132', 'a0000000-0000-0000-0000-000000000131', 'd0000000-0000-0000-0000-000000000099', '아기가 건강한 게 제일이에요 💕', now() + interval '26 days 1 hours'),
  ('c0000000-0000-0000-0000-000000000133', 'a0000000-0000-0000-0000-000000000305', 'd0000000-0000-0000-0000-000000000007', '우리 아기도 그 시기에 폭풍 성장했어요!', now() - interval '86 days 20 hours'),
  ('c0000000-0000-0000-0000-000000000134', 'a0000000-0000-0000-0000-000000000429', 'd0000000-0000-0000-0000-000000000003', '아 너무 부러워요 ㅠㅠ 축하드려요!', now() - interval '175 days 3 hours'),
  ('c0000000-0000-0000-0000-000000000135', 'a0000000-0000-0000-0000-000000000214', 'd0000000-0000-0000-0000-000000000057', '사랑스럽네요~ 잘 크고 있네요!', now() - interval '87 days 17 hours'),
  ('c0000000-0000-0000-0000-000000000136', 'a0000000-0000-0000-0000-000000000130', 'd0000000-0000-0000-0000-000000000061', '사진 올려주세요! 보고 싶어요 ㅋㅋ', now() + interval '10 days 6 hours'),
  ('c0000000-0000-0000-0000-000000000137', 'a0000000-0000-0000-0000-000000000356', 'd0000000-0000-0000-0000-000000000088', '저는 8개월 때 했는데 괜찮았어요!', now() + interval '46 days 9 hours'),
  ('c0000000-0000-0000-0000-000000000138', 'a0000000-0000-0000-0000-000000000216', 'd0000000-0000-0000-0000-000000000085', '힘내세요! 이 시간도 금방 지나가요', now() + interval '63 days 16 hours'),
  ('c0000000-0000-0000-0000-000000000139', 'a0000000-0000-0000-0000-000000000139', 'd0000000-0000-0000-0000-000000000080', '추천 감사해요! 이번 주말에 가볼게요 🏃‍♀️', now() - interval '178 days 4 hours'),
  ('c0000000-0000-0000-0000-000000000140', 'a0000000-0000-0000-0000-000000000215', 'd0000000-0000-0000-0000-000000000014', '우리 애한테도 해봐야겠어요 ㅎㅎ', now() + interval '162 days 19 hours'),
  ('c0000000-0000-0000-0000-000000000141', 'a0000000-0000-0000-0000-000000000061', 'd0000000-0000-0000-0000-000000000037', '정보 감사해요! 저도 해볼게요~', now() - interval '74 days 15 hours'),
  ('c0000000-0000-0000-0000-000000000142', 'a0000000-0000-0000-0000-000000000102', 'd0000000-0000-0000-0000-000000000078', '축하해요!! 우리 아기도 빨리 그랬으면 ㅋㅋ', now() + interval '118 days 16 hours'),
  ('c0000000-0000-0000-0000-000000000143', 'a0000000-0000-0000-0000-000000000499', 'd0000000-0000-0000-0000-000000000026', '혼자가 아니에요! 다 함께 육아해요 💪', now() - interval '39 days 13 hours'),
  ('c0000000-0000-0000-0000-000000000144', 'a0000000-0000-0000-0000-000000000152', 'd0000000-0000-0000-0000-000000000021', '힘내세요 맘! 잘 하고 계신 거예요 💕', now() + interval '32 days 15 hours'),
  ('c0000000-0000-0000-0000-000000000145', 'a0000000-0000-0000-0000-000000000467', 'd0000000-0000-0000-0000-000000000027', '사진 올려주세요! 보고 싶어요 ㅋㅋ', now() + interval '62 days 10 hours'),
  ('c0000000-0000-0000-0000-000000000146', 'a0000000-0000-0000-0000-000000000121', 'd0000000-0000-0000-0000-000000000001', '저도요~ 완전 공감이에요!', now() - interval '128 days 2 hours'),
  ('c0000000-0000-0000-0000-000000000147', 'a0000000-0000-0000-0000-000000000465', 'd0000000-0000-0000-0000-000000000015', '같은 동네 맘이시네요! 반가워요~', now() + interval '165 days 15 hours'),
  ('c0000000-0000-0000-0000-000000000148', 'a0000000-0000-0000-0000-000000000077', 'd0000000-0000-0000-0000-000000000012', '그 시기 지나면 또 다른 고민이 생기더라구요 ㅋㅋ', now() - interval '177 days 2 hours'),
  ('c0000000-0000-0000-0000-000000000149', 'a0000000-0000-0000-0000-000000000371', 'd0000000-0000-0000-0000-000000000093', '힘내세요! 이 시간도 금방 지나가요', now() - interval '99 days 20 hours'),
  ('c0000000-0000-0000-0000-000000000150', 'a0000000-0000-0000-0000-000000000119', 'd0000000-0000-0000-0000-000000000059', '대견하다! 우리 아기도 빨리 했으면 ㅎㅎ', now() + interval '64 days 14 hours')
ON CONFLICT (id) DO NOTHING;

INSERT INTO comments (id, post_id, user_id, content, created_at) VALUES
  ('c0000000-0000-0000-0000-000000000151', 'a0000000-0000-0000-0000-000000000026', 'd0000000-0000-0000-0000-000000000013', '저도 같은 고민이었는데 도움이 됐어요', now() - interval '160 days 9 hours'),
  ('c0000000-0000-0000-0000-000000000152', 'a0000000-0000-0000-0000-000000000185', 'd0000000-0000-0000-0000-000000000087', '정보 공유 감사해요! 가보고 싶어요~', now() - interval '28 days 23 hours'),
  ('c0000000-0000-0000-0000-000000000153', 'a0000000-0000-0000-0000-000000000060', 'd0000000-0000-0000-0000-000000000013', '엄마 본능이 제일 정확해요! 믿으세요 💪', now() - interval '64 days 0 hours'),
  ('c0000000-0000-0000-0000-000000000154', 'a0000000-0000-0000-0000-000000000437', 'd0000000-0000-0000-0000-000000000018', '우리 아기도 그 시기에 폭풍 성장했어요!', now() + interval '115 days 5 hours'),
  ('c0000000-0000-0000-0000-000000000155', 'a0000000-0000-0000-0000-000000000169', 'd0000000-0000-0000-0000-000000000046', '시간 참 빠르죠... 벌써 그렇게 됐다니!', now() - interval '128 days 8 hours'),
  ('c0000000-0000-0000-0000-000000000156', 'a0000000-0000-0000-0000-000000000450', 'd0000000-0000-0000-0000-000000000094', '저도 지금 수유 중이에요! 새벽 동지 반가워요 🌙', now() - interval '22 days 10 hours'),
  ('c0000000-0000-0000-0000-000000000157', 'a0000000-0000-0000-0000-000000000094', 'd0000000-0000-0000-0000-000000000015', '비슷한 월령인데 반가워요! 친해져요~', now() + interval '148 days 14 hours'),
  ('c0000000-0000-0000-0000-000000000158', 'a0000000-0000-0000-0000-000000000140', 'd0000000-0000-0000-0000-000000000050', '사진 올려주세요! 보고 싶어요 ㅋㅋ', now() - interval '144 days 13 hours'),
  ('c0000000-0000-0000-0000-000000000159', 'a0000000-0000-0000-0000-000000000333', 'd0000000-0000-0000-0000-000000000022', '정보 감사해요! 저도 해볼게요~', now() + interval '71 days 22 hours'),
  ('c0000000-0000-0000-0000-000000000160', 'a0000000-0000-0000-0000-000000000372', 'd0000000-0000-0000-0000-000000000008', '좋은 정보 감사합니다! 참고할게요 😊', now() + interval '70 days 13 hours'),
  ('c0000000-0000-0000-0000-000000000161', 'a0000000-0000-0000-0000-000000000467', 'd0000000-0000-0000-0000-000000000076', '저도 같은 제품 쓰는데 좋아요~', now() + interval '63 days 21 hours'),
  ('c0000000-0000-0000-0000-000000000162', 'a0000000-0000-0000-0000-000000000225', 'd0000000-0000-0000-0000-000000000024', '힘들 때 여기서 위로받아요. 맘들 감사해요 💛', now() + interval '37 days 11 hours'),
  ('c0000000-0000-0000-0000-000000000163', 'a0000000-0000-0000-0000-000000000314', 'd0000000-0000-0000-0000-000000000004', '소아과 선생님한테 물어보시는 게 제일 정확해요~', now() + interval '119 days 4 hours'),
  ('c0000000-0000-0000-0000-000000000164', 'a0000000-0000-0000-0000-000000000248', 'd0000000-0000-0000-0000-000000000063', '정보 감사해요! 저도 해볼게요~', now() - interval '19 days 14 hours'),
  ('c0000000-0000-0000-0000-000000000165', 'a0000000-0000-0000-0000-000000000024', 'd0000000-0000-0000-0000-000000000009', '우리 애도 그 시기에 그랬어요! 걱정 마세요~', now() + interval '69 days 10 hours'),
  ('c0000000-0000-0000-0000-000000000166', 'a0000000-0000-0000-0000-000000000007', 'd0000000-0000-0000-0000-000000000091', '소아과 선생님한테 물어보시는 게 제일 정확해요~', now() + interval '179 days 23 hours'),
  ('c0000000-0000-0000-0000-000000000167', 'a0000000-0000-0000-0000-000000000296', 'd0000000-0000-0000-0000-000000000093', '같은 동네 맘이시네요! 반가워요~', now() - interval '21 days 21 hours'),
  ('c0000000-0000-0000-0000-000000000168', 'a0000000-0000-0000-0000-000000000448', 'd0000000-0000-0000-0000-000000000044', '개인차가 크대요! 걱정 마세요~', now() - interval '19 days 22 hours'),
  ('c0000000-0000-0000-0000-000000000169', 'a0000000-0000-0000-0000-000000000359', 'd0000000-0000-0000-0000-000000000080', '힘내세요! 이 시간도 금방 지나가요', now() + interval '168 days 21 hours'),
  ('c0000000-0000-0000-0000-000000000170', 'a0000000-0000-0000-0000-000000000373', 'd0000000-0000-0000-0000-000000000032', '저도 같은 제품 쓰는데 좋아요~', now() + interval '133 days 21 hours'),
  ('c0000000-0000-0000-0000-000000000171', 'a0000000-0000-0000-0000-000000000347', 'd0000000-0000-0000-0000-000000000083', '사랑스럽네요~ 잘 크고 있네요!', now() + interval '150 days 17 hours'),
  ('c0000000-0000-0000-0000-000000000172', 'a0000000-0000-0000-0000-000000000457', 'd0000000-0000-0000-0000-000000000079', '아 너무 부러워요 ㅠㅠ 축하드려요!', now() - interval '4 days 20 hours'),
  ('c0000000-0000-0000-0000-000000000173', 'a0000000-0000-0000-0000-000000000479', 'd0000000-0000-0000-0000-000000000021', '우리 애한테도 해봐야겠어요 ㅎㅎ', now() - interval '102 days 15 hours'),
  ('c0000000-0000-0000-0000-000000000174', 'a0000000-0000-0000-0000-000000000446', 'd0000000-0000-0000-0000-000000000022', '그 순간 정말 잊을 수 없죠! 📱', now() + interval '103 days 10 hours'),
  ('c0000000-0000-0000-0000-000000000175', 'a0000000-0000-0000-0000-000000000124', 'd0000000-0000-0000-0000-000000000043', '영상 남겨두세요! 소중한 추억이에요 📹', now() + interval '60 days 16 hours'),
  ('c0000000-0000-0000-0000-000000000176', 'a0000000-0000-0000-0000-000000000115', 'd0000000-0000-0000-0000-000000000071', '남편 분 진짜 멋지시네요 👍', now() + interval '54 days 12 hours'),
  ('c0000000-0000-0000-0000-000000000177', 'a0000000-0000-0000-0000-000000000419', 'd0000000-0000-0000-0000-000000000031', '저도 지금 수유 중이에요! 새벽 동지 반가워요 🌙', now() + interval '175 days 14 hours'),
  ('c0000000-0000-0000-0000-000000000178', 'a0000000-0000-0000-0000-000000000411', 'd0000000-0000-0000-0000-000000000074', '시간 참 빠르죠... 벌써 그렇게 됐다니!', now() + interval '127 days 15 hours'),
  ('c0000000-0000-0000-0000-000000000179', 'a0000000-0000-0000-0000-000000000229', 'd0000000-0000-0000-0000-000000000041', '정보 감사해요! 저도 해볼게요~', now() + interval '38 days 23 hours'),
  ('c0000000-0000-0000-0000-000000000180', 'a0000000-0000-0000-0000-000000000335', 'd0000000-0000-0000-0000-000000000003', '힘내세요! 이 시간도 금방 지나가요', now() + interval '136 days 13 hours'),
  ('c0000000-0000-0000-0000-000000000181', 'a0000000-0000-0000-0000-000000000019', 'd0000000-0000-0000-0000-000000000072', '그 표정 상상되네요 ㅋㅋ 너무 귀여워!', now() - interval '179 days 2 hours'),
  ('c0000000-0000-0000-0000-000000000182', 'a0000000-0000-0000-0000-000000000406', 'd0000000-0000-0000-0000-000000000078', '힘들 때 여기서 위로받아요. 맘들 감사해요 💛', now() + interval '180 days 9 hours'),
  ('c0000000-0000-0000-0000-000000000183', 'a0000000-0000-0000-0000-000000000456', 'd0000000-0000-0000-0000-000000000066', '그 표정 상상되네요 ㅋㅋ 너무 귀여워!', now() - interval '66 days 20 hours'),
  ('c0000000-0000-0000-0000-000000000184', 'a0000000-0000-0000-0000-000000000344', 'd0000000-0000-0000-0000-000000000059', '저도 추천해요! 정말 좋았어요 ✨', now() - interval '66 days 1 hours'),
  ('c0000000-0000-0000-0000-000000000185', 'a0000000-0000-0000-0000-000000000419', 'd0000000-0000-0000-0000-000000000029', '꿀팁 감사해요! 바로 해볼게요!', now() + interval '175 days 17 hours'),
  ('c0000000-0000-0000-0000-000000000186', 'a0000000-0000-0000-0000-000000000393', 'd0000000-0000-0000-0000-000000000080', '추천 감사해요! 이번 주말에 가볼게요 🏃‍♀️', now() - interval '21 days 22 hours'),
  ('c0000000-0000-0000-0000-000000000187', 'a0000000-0000-0000-0000-000000000337', 'd0000000-0000-0000-0000-000000000047', '저도 같은 고민이에요. 함께 이겨내요 🤝', now() + interval '16 days 3 hours'),
  ('c0000000-0000-0000-0000-000000000188', 'a0000000-0000-0000-0000-000000000050', 'd0000000-0000-0000-0000-000000000098', '우리 아기도 그 시기에 폭풍 성장했어요!', now() + interval '78 days 0 hours'),
  ('c0000000-0000-0000-0000-000000000189', 'a0000000-0000-0000-0000-000000000175', 'd0000000-0000-0000-0000-000000000046', '저는 8개월 때 했는데 괜찮았어요!', now() + interval '110 days 17 hours'),
  ('c0000000-0000-0000-0000-000000000190', 'a0000000-0000-0000-0000-000000000268', 'd0000000-0000-0000-0000-000000000048', '사진 올려주세요! 보고 싶어요 ㅋㅋ', now() - interval '37 days 1 hours'),
  ('c0000000-0000-0000-0000-000000000191', 'a0000000-0000-0000-0000-000000000460', 'd0000000-0000-0000-0000-000000000022', '감동이에요 ㅠㅠ 눈물 나네요...', now() + interval '14 days 22 hours'),
  ('c0000000-0000-0000-0000-000000000192', 'a0000000-0000-0000-0000-000000000381', 'd0000000-0000-0000-0000-000000000093', '좋은 아빠 맞아요! 부럽습니다 ㅋㅋ', now() - interval '102 days 8 hours'),
  ('c0000000-0000-0000-0000-000000000193', 'a0000000-0000-0000-0000-000000000313', 'd0000000-0000-0000-0000-000000000026', '축하해요!! 우리 아기도 빨리 그랬으면 ㅋㅋ', now() + interval '164 days 12 hours'),
  ('c0000000-0000-0000-0000-000000000194', 'a0000000-0000-0000-0000-000000000111', 'd0000000-0000-0000-0000-000000000059', '축하해요!! 우리 아기도 빨리 그랬으면 ㅋㅋ', now() + interval '44 days 10 hours'),
  ('c0000000-0000-0000-0000-000000000195', 'a0000000-0000-0000-0000-000000000056', 'd0000000-0000-0000-0000-000000000097', '좋은 아빠 맞아요! 부럽습니다 ㅋㅋ', now() + interval '28 days 20 hours'),
  ('c0000000-0000-0000-0000-000000000196', 'a0000000-0000-0000-0000-000000000429', 'd0000000-0000-0000-0000-000000000087', '저희 아기도 6개월인데 같이 놀래요?', now() - interval '177 days 14 hours'),
  ('c0000000-0000-0000-0000-000000000197', 'a0000000-0000-0000-0000-000000000235', 'd0000000-0000-0000-0000-000000000085', '저희 아기도 6개월인데 같이 놀래요?', now() + interval '181 days 4 hours'),
  ('c0000000-0000-0000-0000-000000000198', 'a0000000-0000-0000-0000-000000000494', 'd0000000-0000-0000-0000-000000000064', '저도요~ 완전 공감이에요!', now() + interval '129 days 23 hours'),
  ('c0000000-0000-0000-0000-000000000199', 'a0000000-0000-0000-0000-000000000025', 'd0000000-0000-0000-0000-000000000071', '저도 그 병원 다녔는데 추천해요!', now() - interval '164 days 15 hours'),
  ('c0000000-0000-0000-0000-000000000200', 'a0000000-0000-0000-0000-000000000474', 'd0000000-0000-0000-0000-000000000066', '그 시기 지나면 또 다른 고민이 생기더라구요 ㅋㅋ', now() - interval '68 days 22 hours')
ON CONFLICT (id) DO NOTHING;

INSERT INTO comments (id, post_id, user_id, content, created_at) VALUES
  ('c0000000-0000-0000-0000-000000000201', 'a0000000-0000-0000-0000-000000000297', 'd0000000-0000-0000-0000-000000000023', '이 글 보고 용기 얻었어요! 감사해요~', now() - interval '138 days 3 hours'),
  ('c0000000-0000-0000-0000-000000000202', 'a0000000-0000-0000-0000-000000000199', 'd0000000-0000-0000-0000-000000000085', '추천 감사해요! 이번 주말에 가볼게요 🏃‍♀️', now() + interval '162 days 10 hours'),
  ('c0000000-0000-0000-0000-000000000203', 'a0000000-0000-0000-0000-000000000259', 'd0000000-0000-0000-0000-000000000050', '좋은 아빠 맞아요! 부럽습니다 ㅋㅋ', now() + interval '49 days 22 hours'),
  ('c0000000-0000-0000-0000-000000000204', 'a0000000-0000-0000-0000-000000000391', 'd0000000-0000-0000-0000-000000000032', '영상 남겨두세요! 소중한 추억이에요 📹', now() - interval '132 days 10 hours'),
  ('c0000000-0000-0000-0000-000000000205', 'a0000000-0000-0000-0000-000000000497', 'd0000000-0000-0000-0000-000000000038', '시간 참 빠르죠... 벌써 그렇게 됐다니!', now() - interval '38 days 4 hours'),
  ('c0000000-0000-0000-0000-000000000206', 'a0000000-0000-0000-0000-000000000212', 'd0000000-0000-0000-0000-000000000078', '사진 올려주세요! 보고 싶어요 ㅋㅋ', now() + interval '90 days 16 hours'),
  ('c0000000-0000-0000-0000-000000000207', 'a0000000-0000-0000-0000-000000000154', 'd0000000-0000-0000-0000-000000000090', '그 표정 상상되네요 ㅋㅋ 너무 귀여워!', now() + interval '41 days 22 hours'),
  ('c0000000-0000-0000-0000-000000000208', 'a0000000-0000-0000-0000-000000000378', 'd0000000-0000-0000-0000-000000000071', '저는 8개월 때 했는데 괜찮았어요!', now() + interval '127 days 6 hours'),
  ('c0000000-0000-0000-0000-000000000209', 'a0000000-0000-0000-0000-000000000108', 'd0000000-0000-0000-0000-000000000080', '저도 같은 고민이에요. 함께 이겨내요 🤝', now() + interval '7 days 21 hours'),
  ('c0000000-0000-0000-0000-000000000210', 'a0000000-0000-0000-0000-000000000177', 'd0000000-0000-0000-0000-000000000087', '너무 귀여워요 ㅋㅋ 사진 보고 싶어요!', now() - interval '70 days 20 hours'),
  ('c0000000-0000-0000-0000-000000000211', 'a0000000-0000-0000-0000-000000000500', 'd0000000-0000-0000-0000-000000000023', '우리 애한테도 해봐야겠어요 ㅎㅎ', now() - interval '142 days 22 hours'),
  ('c0000000-0000-0000-0000-000000000212', 'a0000000-0000-0000-0000-000000000327', 'd0000000-0000-0000-0000-000000000042', '저도 같은 고민이에요. 함께 이겨내요 🤝', now() + interval '59 days 11 hours'),
  ('c0000000-0000-0000-0000-000000000213', 'a0000000-0000-0000-0000-000000000288', 'd0000000-0000-0000-0000-000000000062', '저희 아기도 6개월인데 같이 놀래요?', now() - interval '79 days 21 hours'),
  ('c0000000-0000-0000-0000-000000000214', 'a0000000-0000-0000-0000-000000000364', 'd0000000-0000-0000-0000-000000000054', '소아과 선생님한테 물어보시는 게 제일 정확해요~', now() - interval '100 days 17 hours'),
  ('c0000000-0000-0000-0000-000000000215', 'a0000000-0000-0000-0000-000000000147', 'd0000000-0000-0000-0000-000000000055', '저도요~ 완전 공감이에요!', now() + interval '60 days 3 hours'),
  ('c0000000-0000-0000-0000-000000000216', 'a0000000-0000-0000-0000-000000000013', 'd0000000-0000-0000-0000-000000000049', '공감 100%! 우리도 같은 상황이에요', now() - interval '106 days 21 hours'),
  ('c0000000-0000-0000-0000-000000000217', 'a0000000-0000-0000-0000-000000000029', 'd0000000-0000-0000-0000-000000000026', '영상 남겨두세요! 소중한 추억이에요 📹', now() + interval '27 days 9 hours'),
  ('c0000000-0000-0000-0000-000000000218', 'a0000000-0000-0000-0000-000000000350', 'd0000000-0000-0000-0000-000000000033', '공감 100%! 우리도 같은 상황이에요', now() - interval '140 days 22 hours'),
  ('c0000000-0000-0000-0000-000000000219', 'a0000000-0000-0000-0000-000000000402', 'd0000000-0000-0000-0000-000000000038', '이 시기가 힘들지만 빨리 지나가요. 파이팅!', now() - interval '99 days 1 hours'),
  ('c0000000-0000-0000-0000-000000000220', 'a0000000-0000-0000-0000-000000000184', 'd0000000-0000-0000-0000-000000000058', '힘내세요! 이 시간도 금방 지나가요', now() + interval '116 days 21 hours'),
  ('c0000000-0000-0000-0000-000000000221', 'a0000000-0000-0000-0000-000000000379', 'd0000000-0000-0000-0000-000000000072', '너무 공감... 저도 매일 그래요 ㅋㅋ', now() + interval '88 days 20 hours'),
  ('c0000000-0000-0000-0000-000000000222', 'a0000000-0000-0000-0000-000000000288', 'd0000000-0000-0000-0000-000000000050', '응원합니다! 좋은 소식 기다릴게요 🍀', now() - interval '79 days 22 hours'),
  ('c0000000-0000-0000-0000-000000000223', 'a0000000-0000-0000-0000-000000000148', 'd0000000-0000-0000-0000-000000000089', '우리 아기도 그 시기에 폭풍 성장했어요!', now() - interval '102 days 12 hours'),
  ('c0000000-0000-0000-0000-000000000224', 'a0000000-0000-0000-0000-000000000199', 'd0000000-0000-0000-0000-000000000054', '소아과 선생님한테 물어보시는 게 제일 정확해요~', now() + interval '161 days 17 hours'),
  ('c0000000-0000-0000-0000-000000000225', 'a0000000-0000-0000-0000-000000000028', 'd0000000-0000-0000-0000-000000000002', '아기가 건강하게 자라고 있는 거예요. 걱정 마세요!', now() + interval '158 days 6 hours'),
  ('c0000000-0000-0000-0000-000000000226', 'a0000000-0000-0000-0000-000000000318', 'd0000000-0000-0000-0000-000000000100', '시간 참 빠르죠... 벌써 그렇게 됐다니!', now() + interval '175 days 20 hours'),
  ('c0000000-0000-0000-0000-000000000227', 'a0000000-0000-0000-0000-000000000361', 'd0000000-0000-0000-0000-000000000091', '남편 분 진짜 멋지시네요 👍', now() + interval '146 days 18 hours'),
  ('c0000000-0000-0000-0000-000000000228', 'a0000000-0000-0000-0000-000000000280', 'd0000000-0000-0000-0000-000000000095', '추천 감사해요! 이번 주말에 가볼게요 🏃‍♀️', now() + interval '11 days 23 hours'),
  ('c0000000-0000-0000-0000-000000000229', 'a0000000-0000-0000-0000-000000000494', 'd0000000-0000-0000-0000-000000000025', '대견하다! 우리 아기도 빨리 했으면 ㅎㅎ', now() + interval '128 days 5 hours'),
  ('c0000000-0000-0000-0000-000000000230', 'a0000000-0000-0000-0000-000000000350', 'd0000000-0000-0000-0000-000000000010', '저도 같은 고민이었는데 도움이 됐어요', now() - interval '140 days 23 hours'),
  ('c0000000-0000-0000-0000-000000000231', 'a0000000-0000-0000-0000-000000000264', 'd0000000-0000-0000-0000-000000000016', '사랑스럽네요~ 잘 크고 있네요!', now() - interval '145 days 13 hours'),
  ('c0000000-0000-0000-0000-000000000232', 'a0000000-0000-0000-0000-000000000143', 'd0000000-0000-0000-0000-000000000072', '우리 애도 그 시기에 그랬어요! 걱정 마세요~', now() - interval '94 days 5 hours'),
  ('c0000000-0000-0000-0000-000000000233', 'a0000000-0000-0000-0000-000000000300', 'd0000000-0000-0000-0000-000000000033', '저도요~ 완전 공감이에요!', now() + interval '3 days 14 hours'),
  ('c0000000-0000-0000-0000-000000000234', 'a0000000-0000-0000-0000-000000000364', 'd0000000-0000-0000-0000-000000000020', '힘내세요 맘! 잘 하고 계신 거예요 💕', now() - interval '102 days 10 hours'),
  ('c0000000-0000-0000-0000-000000000235', 'a0000000-0000-0000-0000-000000000306', 'd0000000-0000-0000-0000-000000000007', '그 시기 지나면 또 다른 고민이 생기더라구요 ㅋㅋ', now() + interval '37 days 19 hours'),
  ('c0000000-0000-0000-0000-000000000236', 'a0000000-0000-0000-0000-000000000432', 'd0000000-0000-0000-0000-000000000085', '엄마 마음 이해해요 ㅠ 같이 힘내요!', now() + interval '26 days 18 hours'),
  ('c0000000-0000-0000-0000-000000000237', 'a0000000-0000-0000-0000-000000000282', 'd0000000-0000-0000-0000-000000000046', '그 순간 정말 잊을 수 없죠! 📱', now() - interval '156 days 10 hours'),
  ('c0000000-0000-0000-0000-000000000238', 'a0000000-0000-0000-0000-000000000270', 'd0000000-0000-0000-0000-000000000029', '저도 같은 고민이었는데 도움이 됐어요', now() - interval '114 days 2 hours'),
  ('c0000000-0000-0000-0000-000000000239', 'a0000000-0000-0000-0000-000000000403', 'd0000000-0000-0000-0000-000000000065', '좋은 정보 감사합니다! 참고할게요 😊', now() + interval '174 days 17 hours'),
  ('c0000000-0000-0000-0000-000000000240', 'a0000000-0000-0000-0000-000000000275', 'd0000000-0000-0000-0000-000000000052', '저도 지금 수유 중이에요! 새벽 동지 반가워요 🌙', now() + interval '75 days 7 hours'),
  ('c0000000-0000-0000-0000-000000000241', 'a0000000-0000-0000-0000-000000000453', 'd0000000-0000-0000-0000-000000000028', '우리 아기도 그 시기에 폭풍 성장했어요!', now() - interval '32 days 10 hours'),
  ('c0000000-0000-0000-0000-000000000242', 'a0000000-0000-0000-0000-000000000185', 'd0000000-0000-0000-0000-000000000038', '이 시기가 힘들지만 빨리 지나가요. 파이팅!', now() - interval '27 days 16 hours'),
  ('c0000000-0000-0000-0000-000000000243', 'a0000000-0000-0000-0000-000000000244', 'd0000000-0000-0000-0000-000000000072', '엄마 본능이 제일 정확해요! 믿으세요 💪', now() + interval '114 days 0 hours'),
  ('c0000000-0000-0000-0000-000000000244', 'a0000000-0000-0000-0000-000000000059', 'd0000000-0000-0000-0000-000000000086', '혼자가 아니에요! 다 함께 육아해요 💪', now() + interval '142 days 7 hours'),
  ('c0000000-0000-0000-0000-000000000245', 'a0000000-0000-0000-0000-000000000464', 'd0000000-0000-0000-0000-000000000083', '힘들 때 여기서 위로받아요. 맘들 감사해요 💛', now() + interval '142 days 7 hours'),
  ('c0000000-0000-0000-0000-000000000246', 'a0000000-0000-0000-0000-000000000491', 'd0000000-0000-0000-0000-000000000006', '소아과 선생님한테 물어보시는 게 제일 정확해요~', now() + interval '58 days 12 hours'),
  ('c0000000-0000-0000-0000-000000000247', 'a0000000-0000-0000-0000-000000000469', 'd0000000-0000-0000-0000-000000000015', '사랑스럽네요~ 잘 크고 있네요!', now() + interval '23 days 17 hours'),
  ('c0000000-0000-0000-0000-000000000248', 'a0000000-0000-0000-0000-000000000371', 'd0000000-0000-0000-0000-000000000037', '우리 아기도 그랬어요 ㅎㅎ 금방 나아질 거예요', now() - interval '98 days 11 hours'),
  ('c0000000-0000-0000-0000-000000000249', 'a0000000-0000-0000-0000-000000000264', 'd0000000-0000-0000-0000-000000000066', '시간 참 빠르죠... 벌써 그렇게 됐다니!', now() - interval '144 days 1 hours'),
  ('c0000000-0000-0000-0000-000000000250', 'a0000000-0000-0000-0000-000000000152', 'd0000000-0000-0000-0000-000000000084', '축하해요!! 우리 아기도 빨리 그랬으면 ㅋㅋ', now() + interval '31 days 16 hours')
ON CONFLICT (id) DO NOTHING;

INSERT INTO comments (id, post_id, user_id, content, created_at) VALUES
  ('c0000000-0000-0000-0000-000000000251', 'a0000000-0000-0000-0000-000000000043', 'd0000000-0000-0000-0000-000000000013', '좋은 정보 감사합니다! 참고할게요 😊', now() - interval '6 days 17 hours'),
  ('c0000000-0000-0000-0000-000000000252', 'a0000000-0000-0000-0000-000000000004', 'd0000000-0000-0000-0000-000000000081', '그 순간 정말 잊을 수 없죠! 📱', now() + interval '79 days 21 hours'),
  ('c0000000-0000-0000-0000-000000000253', 'a0000000-0000-0000-0000-000000000323', 'd0000000-0000-0000-0000-000000000100', '이 시기가 힘들지만 빨리 지나가요. 파이팅!', now() + interval '168 days 13 hours'),
  ('c0000000-0000-0000-0000-000000000254', 'a0000000-0000-0000-0000-000000000428', 'd0000000-0000-0000-0000-000000000014', '이 시기가 힘들지만 빨리 지나가요. 파이팅!', now() - interval '39 days 22 hours'),
  ('c0000000-0000-0000-0000-000000000255', 'a0000000-0000-0000-0000-000000000450', 'd0000000-0000-0000-0000-000000000095', '그 시기 지나면 또 다른 고민이 생기더라구요 ㅋㅋ', now() - interval '22 days 20 hours'),
  ('c0000000-0000-0000-0000-000000000256', 'a0000000-0000-0000-0000-000000000419', 'd0000000-0000-0000-0000-000000000010', '아기가 건강하게 자라고 있는 거예요. 걱정 마세요!', now() + interval '176 days 4 hours'),
  ('c0000000-0000-0000-0000-000000000257', 'a0000000-0000-0000-0000-000000000013', 'd0000000-0000-0000-0000-000000000059', '저도 같은 고민이에요. 함께 이겨내요 🤝', now() - interval '105 days 1 hours'),
  ('c0000000-0000-0000-0000-000000000258', 'a0000000-0000-0000-0000-000000000045', 'd0000000-0000-0000-0000-000000000010', '아 너무 부러워요 ㅠㅠ 축하드려요!', now() + interval '30 days 8 hours'),
  ('c0000000-0000-0000-0000-000000000259', 'a0000000-0000-0000-0000-000000000286', 'd0000000-0000-0000-0000-000000000010', '같은 동네 맘이시네요! 반가워요~', now() + interval '44 days 8 hours'),
  ('c0000000-0000-0000-0000-000000000260', 'a0000000-0000-0000-0000-000000000209', 'd0000000-0000-0000-0000-000000000050', '시간 참 빠르죠... 벌써 그렇게 됐다니!', now() + interval '82 days 12 hours'),
  ('c0000000-0000-0000-0000-000000000261', 'a0000000-0000-0000-0000-000000000222', 'd0000000-0000-0000-0000-000000000041', '우리 아기도 그랬어요 ㅎㅎ 금방 나아질 거예요', now() + interval '91 days 21 hours'),
  ('c0000000-0000-0000-0000-000000000262', 'a0000000-0000-0000-0000-000000000061', 'd0000000-0000-0000-0000-000000000069', '저도요~ 완전 공감이에요!', now() - interval '72 days 23 hours'),
  ('c0000000-0000-0000-0000-000000000263', 'a0000000-0000-0000-0000-000000000317', 'd0000000-0000-0000-0000-000000000009', '엄마 본능이 제일 정확해요! 믿으세요 💪', now() + interval '54 days 18 hours'),
  ('c0000000-0000-0000-0000-000000000264', 'a0000000-0000-0000-0000-000000000024', 'd0000000-0000-0000-0000-000000000090', '그 순간 정말 잊을 수 없죠! 📱', now() + interval '68 days 16 hours'),
  ('c0000000-0000-0000-0000-000000000265', 'a0000000-0000-0000-0000-000000000055', 'd0000000-0000-0000-0000-000000000038', '소아과 선생님한테 물어보시는 게 제일 정확해요~', now() + interval '100 days 19 hours'),
  ('c0000000-0000-0000-0000-000000000266', 'a0000000-0000-0000-0000-000000000045', 'd0000000-0000-0000-0000-000000000037', '엄마 본능이 제일 정확해요! 믿으세요 💪', now() + interval '31 days 12 hours'),
  ('c0000000-0000-0000-0000-000000000267', 'a0000000-0000-0000-0000-000000000203', 'd0000000-0000-0000-0000-000000000085', '우리 아기도 그랬어요 ㅎㅎ 금방 나아질 거예요', now() + interval '148 days 5 hours'),
  ('c0000000-0000-0000-0000-000000000268', 'a0000000-0000-0000-0000-000000000274', 'd0000000-0000-0000-0000-000000000029', '너무 귀여워요 ㅋㅋ 사진 보고 싶어요!', now() - interval '11 days 12 hours'),
  ('c0000000-0000-0000-0000-000000000269', 'a0000000-0000-0000-0000-000000000408', 'd0000000-0000-0000-0000-000000000070', '대견하다! 우리 아기도 빨리 했으면 ㅎㅎ', now() - interval '97 days 4 hours'),
  ('c0000000-0000-0000-0000-000000000270', 'a0000000-0000-0000-0000-000000000153', 'd0000000-0000-0000-0000-000000000087', '이 글 보고 용기 얻었어요! 감사해요~', now() - interval '136 days 11 hours'),
  ('c0000000-0000-0000-0000-000000000271', 'a0000000-0000-0000-0000-000000000491', 'd0000000-0000-0000-0000-000000000002', '그 표정 상상되네요 ㅋㅋ 너무 귀여워!', now() + interval '59 days 4 hours'),
  ('c0000000-0000-0000-0000-000000000272', 'a0000000-0000-0000-0000-000000000064', 'd0000000-0000-0000-0000-000000000006', '저도요~ 완전 공감이에요!', now() - interval '148 days 19 hours'),
  ('c0000000-0000-0000-0000-000000000273', 'a0000000-0000-0000-0000-000000000202', 'd0000000-0000-0000-0000-000000000069', '그 표정 상상되네요 ㅋㅋ 너무 귀여워!', now() + interval '24 days 9 hours'),
  ('c0000000-0000-0000-0000-000000000274', 'a0000000-0000-0000-0000-000000000108', 'd0000000-0000-0000-0000-000000000096', '아기가 건강하게 자라고 있는 거예요. 걱정 마세요!', now() + interval '8 days 11 hours'),
  ('c0000000-0000-0000-0000-000000000275', 'a0000000-0000-0000-0000-000000000109', 'd0000000-0000-0000-0000-000000000053', '남편 분 진짜 멋지시네요 👍', now() + interval '169 days 4 hours'),
  ('c0000000-0000-0000-0000-000000000276', 'a0000000-0000-0000-0000-000000000083', 'd0000000-0000-0000-0000-000000000024', '너무 공감... 저도 매일 그래요 ㅋㅋ', now() + interval '100 days 8 hours'),
  ('c0000000-0000-0000-0000-000000000277', 'a0000000-0000-0000-0000-000000000100', 'd0000000-0000-0000-0000-000000000015', '저도 같은 고민이었는데 도움이 됐어요', now() - interval '43 days 18 hours'),
  ('c0000000-0000-0000-0000-000000000278', 'a0000000-0000-0000-0000-000000000437', 'd0000000-0000-0000-0000-000000000007', '엄마 본능이 제일 정확해요! 믿으세요 💪', now() + interval '115 days 14 hours'),
  ('c0000000-0000-0000-0000-000000000279', 'a0000000-0000-0000-0000-000000000331', 'd0000000-0000-0000-0000-000000000071', '그 순간 정말 잊을 수 없죠! 📱', now() - interval '74 days 21 hours'),
  ('c0000000-0000-0000-0000-000000000280', 'a0000000-0000-0000-0000-000000000035', 'd0000000-0000-0000-0000-000000000033', '힘내세요! 이 시간도 금방 지나가요', now() + interval '38 days 23 hours'),
  ('c0000000-0000-0000-0000-000000000281', 'a0000000-0000-0000-0000-000000000298', 'd0000000-0000-0000-0000-000000000063', '저도 추천해요! 정말 좋았어요 ✨', now() + interval '152 days 4 hours'),
  ('c0000000-0000-0000-0000-000000000282', 'a0000000-0000-0000-0000-000000000344', 'd0000000-0000-0000-0000-000000000084', '응원합니다! 좋은 소식 기다릴게요 🍀', now() - interval '67 days 9 hours'),
  ('c0000000-0000-0000-0000-000000000283', 'a0000000-0000-0000-0000-000000000318', 'd0000000-0000-0000-0000-000000000009', '축하해요!! 우리 아기도 빨리 그랬으면 ㅋㅋ', now() + interval '176 days 15 hours'),
  ('c0000000-0000-0000-0000-000000000284', 'a0000000-0000-0000-0000-000000000231', 'd0000000-0000-0000-0000-000000000043', '힘들 때 여기서 위로받아요. 맘들 감사해요 💛', now() + interval '132 days 9 hours'),
  ('c0000000-0000-0000-0000-000000000285', 'a0000000-0000-0000-0000-000000000356', 'd0000000-0000-0000-0000-000000000075', '공감 100%! 우리도 같은 상황이에요', now() + interval '48 days 18 hours'),
  ('c0000000-0000-0000-0000-000000000286', 'a0000000-0000-0000-0000-000000000187', 'd0000000-0000-0000-0000-000000000041', '저도 그 병원 다녔는데 추천해요!', now() + interval '36 days 0 hours'),
  ('c0000000-0000-0000-0000-000000000287', 'a0000000-0000-0000-0000-000000000161', 'd0000000-0000-0000-0000-000000000032', '너무 공감... 저도 매일 그래요 ㅋㅋ', now() - interval '36 days 23 hours'),
  ('c0000000-0000-0000-0000-000000000288', 'a0000000-0000-0000-0000-000000000329', 'd0000000-0000-0000-0000-000000000056', '영상 남겨두세요! 소중한 추억이에요 📹', now() - interval '17 days 4 hours'),
  ('c0000000-0000-0000-0000-000000000289', 'a0000000-0000-0000-0000-000000000348', 'd0000000-0000-0000-0000-000000000094', '저도 추천해요! 정말 좋았어요 ✨', now() - interval '62 days 14 hours'),
  ('c0000000-0000-0000-0000-000000000290', 'a0000000-0000-0000-0000-000000000229', 'd0000000-0000-0000-0000-000000000046', '그 시기 지나면 또 다른 고민이 생기더라구요 ㅋㅋ', now() + interval '38 days 15 hours'),
  ('c0000000-0000-0000-0000-000000000291', 'a0000000-0000-0000-0000-000000000283', 'd0000000-0000-0000-0000-000000000014', '저도 같은 고민이었는데 도움이 됐어요', now() + interval '147 days 19 hours'),
  ('c0000000-0000-0000-0000-000000000292', 'a0000000-0000-0000-0000-000000000042', 'd0000000-0000-0000-0000-000000000036', '너무 귀여워요 ㅋㅋ 사진 보고 싶어요!', now() + interval '74 days 6 hours'),
  ('c0000000-0000-0000-0000-000000000293', 'a0000000-0000-0000-0000-000000000135', 'd0000000-0000-0000-0000-000000000094', '저는 8개월 때 했는데 괜찮았어요!', now() - interval '150 days 23 hours'),
  ('c0000000-0000-0000-0000-000000000294', 'a0000000-0000-0000-0000-000000000039', 'd0000000-0000-0000-0000-000000000003', '우리 애한테도 해봐야겠어요 ㅎㅎ', now() + interval '66 days 0 hours'),
  ('c0000000-0000-0000-0000-000000000295', 'a0000000-0000-0000-0000-000000000417', 'd0000000-0000-0000-0000-000000000075', '저희 아기도 6개월인데 같이 놀래요?', now() + interval '17 days 18 hours'),
  ('c0000000-0000-0000-0000-000000000296', 'a0000000-0000-0000-0000-000000000109', 'd0000000-0000-0000-0000-000000000005', '그 표정 상상되네요 ㅋㅋ 너무 귀여워!', now() + interval '168 days 17 hours'),
  ('c0000000-0000-0000-0000-000000000297', 'a0000000-0000-0000-0000-000000000458', 'd0000000-0000-0000-0000-000000000070', '저도 같은 제품 쓰는데 좋아요~', now() - interval '8 days 4 hours'),
  ('c0000000-0000-0000-0000-000000000298', 'a0000000-0000-0000-0000-000000000188', 'd0000000-0000-0000-0000-000000000051', '너무 공감... 저도 매일 그래요 ㅋㅋ', now() + interval '47 days 23 hours'),
  ('c0000000-0000-0000-0000-000000000299', 'a0000000-0000-0000-0000-000000000439', 'd0000000-0000-0000-0000-000000000038', '너무 귀여워요 ㅋㅋ 사진 보고 싶어요!', now() + interval '91 days 16 hours'),
  ('c0000000-0000-0000-0000-000000000300', 'a0000000-0000-0000-0000-000000000262', 'd0000000-0000-0000-0000-000000000012', '비슷한 월령인데 반가워요! 친해져요~', now() - interval '160 days 16 hours')
ON CONFLICT (id) DO NOTHING;

INSERT INTO comments (id, post_id, user_id, content, created_at) VALUES
  ('c0000000-0000-0000-0000-000000000301', 'a0000000-0000-0000-0000-000000000006', 'd0000000-0000-0000-0000-000000000085', '응원합니다! 좋은 소식 기다릴게요 🍀', now() + interval '143 days 21 hours'),
  ('c0000000-0000-0000-0000-000000000302', 'a0000000-0000-0000-0000-000000000085', 'd0000000-0000-0000-0000-000000000097', '우리 애한테도 해봐야겠어요 ㅎㅎ', now() + interval '133 days 14 hours'),
  ('c0000000-0000-0000-0000-000000000303', 'a0000000-0000-0000-0000-000000000082', 'd0000000-0000-0000-0000-000000000023', '같은 동네 맘이시네요! 반가워요~', now() - interval '61 days 21 hours'),
  ('c0000000-0000-0000-0000-000000000304', 'a0000000-0000-0000-0000-000000000447', 'd0000000-0000-0000-0000-000000000019', '아기가 건강하게 자라고 있는 거예요. 걱정 마세요!', now() + interval '105 days 15 hours'),
  ('c0000000-0000-0000-0000-000000000305', 'a0000000-0000-0000-0000-000000000481', 'd0000000-0000-0000-0000-000000000046', '힘내세요 맘! 잘 하고 계신 거예요 💕', now() + interval '24 days 15 hours'),
  ('c0000000-0000-0000-0000-000000000306', 'a0000000-0000-0000-0000-000000000119', 'd0000000-0000-0000-0000-000000000009', '우리 애도 그 시기에 그랬어요! 걱정 마세요~', now() + interval '64 days 7 hours'),
  ('c0000000-0000-0000-0000-000000000307', 'a0000000-0000-0000-0000-000000000022', 'd0000000-0000-0000-0000-000000000086', '이 시기가 힘들지만 빨리 지나가요. 파이팅!', now() - interval '16 days 11 hours'),
  ('c0000000-0000-0000-0000-000000000308', 'a0000000-0000-0000-0000-000000000199', 'd0000000-0000-0000-0000-000000000061', '꿀팁 감사해요! 바로 해볼게요!', now() + interval '160 days 1 hours'),
  ('c0000000-0000-0000-0000-000000000309', 'a0000000-0000-0000-0000-000000000333', 'd0000000-0000-0000-0000-000000000042', '힘내세요! 이 시간도 금방 지나가요', now() + interval '73 days 16 hours'),
  ('c0000000-0000-0000-0000-000000000310', 'a0000000-0000-0000-0000-000000000325', 'd0000000-0000-0000-0000-000000000036', '아기가 건강하게 자라고 있는 거예요. 걱정 마세요!', now() - interval '89 days 18 hours'),
  ('c0000000-0000-0000-0000-000000000311', 'a0000000-0000-0000-0000-000000000279', 'd0000000-0000-0000-0000-000000000073', '저도 같은 고민이었는데 도움이 됐어요', now() - interval '86 days 20 hours'),
  ('c0000000-0000-0000-0000-000000000312', 'a0000000-0000-0000-0000-000000000194', 'd0000000-0000-0000-0000-000000000047', '저희 아기도 6개월인데 같이 놀래요?', now() + interval '89 days 2 hours'),
  ('c0000000-0000-0000-0000-000000000313', 'a0000000-0000-0000-0000-000000000265', 'd0000000-0000-0000-0000-000000000033', '사랑스럽네요~ 잘 크고 있네요!', now() - interval '54 days 16 hours'),
  ('c0000000-0000-0000-0000-000000000314', 'a0000000-0000-0000-0000-000000000208', 'd0000000-0000-0000-0000-000000000046', '혼자가 아니에요! 다 함께 육아해요 💪', now() - interval '64 days 15 hours'),
  ('c0000000-0000-0000-0000-000000000315', 'a0000000-0000-0000-0000-000000000455', 'd0000000-0000-0000-0000-000000000078', '저도요~ 완전 공감이에요!', now() + interval '133 days 4 hours'),
  ('c0000000-0000-0000-0000-000000000316', 'a0000000-0000-0000-0000-000000000226', 'd0000000-0000-0000-0000-000000000022', '너무 공감... 저도 매일 그래요 ㅋㅋ', now() - interval '56 days 16 hours'),
  ('c0000000-0000-0000-0000-000000000317', 'a0000000-0000-0000-0000-000000000330', 'd0000000-0000-0000-0000-000000000036', '이 시기가 힘들지만 빨리 지나가요. 파이팅!', now() - interval '12 days 5 hours'),
  ('c0000000-0000-0000-0000-000000000318', 'a0000000-0000-0000-0000-000000000081', 'd0000000-0000-0000-0000-000000000047', '추천 감사해요! 이번 주말에 가볼게요 🏃‍♀️', now() - interval '136 days 3 hours'),
  ('c0000000-0000-0000-0000-000000000319', 'a0000000-0000-0000-0000-000000000339', 'd0000000-0000-0000-0000-000000000030', '좋은 아빠 맞아요! 부럽습니다 ㅋㅋ', now() - interval '48 days 23 hours'),
  ('c0000000-0000-0000-0000-000000000320', 'a0000000-0000-0000-0000-000000000059', 'd0000000-0000-0000-0000-000000000062', '소아과 선생님한테 물어보시는 게 제일 정확해요~', now() + interval '142 days 15 hours'),
  ('c0000000-0000-0000-0000-000000000321', 'a0000000-0000-0000-0000-000000000108', 'd0000000-0000-0000-0000-000000000076', '좋은 정보 감사합니다! 참고할게요 😊', now() + interval '8 days 13 hours'),
  ('c0000000-0000-0000-0000-000000000322', 'a0000000-0000-0000-0000-000000000012', 'd0000000-0000-0000-0000-000000000032', '힘내세요 맘! 잘 하고 계신 거예요 💕', now() + interval '63 days 18 hours'),
  ('c0000000-0000-0000-0000-000000000323', 'a0000000-0000-0000-0000-000000000304', 'd0000000-0000-0000-0000-000000000021', '너무 귀여워요 ㅋㅋ 사진 보고 싶어요!', now() - interval '73 days 16 hours'),
  ('c0000000-0000-0000-0000-000000000324', 'a0000000-0000-0000-0000-000000000021', 'd0000000-0000-0000-0000-000000000074', '공감 100%! 우리도 같은 상황이에요', now() + interval '136 days 5 hours'),
  ('c0000000-0000-0000-0000-000000000325', 'a0000000-0000-0000-0000-000000000133', 'd0000000-0000-0000-0000-000000000024', '개인차가 크대요! 걱정 마세요~', now() - interval '110 days 19 hours'),
  ('c0000000-0000-0000-0000-000000000326', 'a0000000-0000-0000-0000-000000000497', 'd0000000-0000-0000-0000-000000000073', '저는 8개월 때 했는데 괜찮았어요!', now() - interval '38 days 23 hours'),
  ('c0000000-0000-0000-0000-000000000327', 'a0000000-0000-0000-0000-000000000373', 'd0000000-0000-0000-0000-000000000085', '대견하다! 우리 아기도 빨리 했으면 ㅎㅎ', now() + interval '132 days 6 hours'),
  ('c0000000-0000-0000-0000-000000000328', 'a0000000-0000-0000-0000-000000000230', 'd0000000-0000-0000-0000-000000000078', '저도 같은 제품 쓰는데 좋아요~', now() + interval '172 days 5 hours'),
  ('c0000000-0000-0000-0000-000000000329', 'a0000000-0000-0000-0000-000000000113', 'd0000000-0000-0000-0000-000000000053', '추천 감사해요! 이번 주말에 가볼게요 🏃‍♀️', now() + interval '104 days 18 hours'),
  ('c0000000-0000-0000-0000-000000000330', 'a0000000-0000-0000-0000-000000000421', 'd0000000-0000-0000-0000-000000000099', '저도 같은 고민이었는데 도움이 됐어요', now() - interval '81 days 21 hours'),
  ('c0000000-0000-0000-0000-000000000331', 'a0000000-0000-0000-0000-000000000262', 'd0000000-0000-0000-0000-000000000034', '좋은 정보 감사합니다! 참고할게요 😊', now() - interval '159 days 21 hours'),
  ('c0000000-0000-0000-0000-000000000332', 'a0000000-0000-0000-0000-000000000176', 'd0000000-0000-0000-0000-000000000059', '추천 감사해요! 이번 주말에 가볼게요 🏃‍♀️', now() + interval '42 days 2 hours'),
  ('c0000000-0000-0000-0000-000000000333', 'a0000000-0000-0000-0000-000000000118', 'd0000000-0000-0000-0000-000000000049', '사랑스럽네요~ 잘 크고 있네요!', now() + interval '128 days 3 hours'),
  ('c0000000-0000-0000-0000-000000000334', 'a0000000-0000-0000-0000-000000000009', 'd0000000-0000-0000-0000-000000000026', '개인차가 크대요! 걱정 마세요~', now() - interval '140 days 21 hours'),
  ('c0000000-0000-0000-0000-000000000335', 'a0000000-0000-0000-0000-000000000215', 'd0000000-0000-0000-0000-000000000020', '추천 감사해요! 이번 주말에 가볼게요 🏃‍♀️', now() + interval '160 days 5 hours'),
  ('c0000000-0000-0000-0000-000000000336', 'a0000000-0000-0000-0000-000000000244', 'd0000000-0000-0000-0000-000000000079', '추천 감사해요! 이번 주말에 가볼게요 🏃‍♀️', now() + interval '112 days 17 hours'),
  ('c0000000-0000-0000-0000-000000000337', 'a0000000-0000-0000-0000-000000000258', 'd0000000-0000-0000-0000-000000000097', '정보 감사해요! 저도 해볼게요~', now() + interval '175 days 15 hours'),
  ('c0000000-0000-0000-0000-000000000338', 'a0000000-0000-0000-0000-000000000338', 'd0000000-0000-0000-0000-000000000017', '추천 감사해요! 이번 주말에 가볼게요 🏃‍♀️', now() - interval '51 days 0 hours'),
  ('c0000000-0000-0000-0000-000000000339', 'a0000000-0000-0000-0000-000000000460', 'd0000000-0000-0000-0000-000000000100', '소아과 선생님한테 물어보시는 게 제일 정확해요~', now() + interval '16 days 13 hours'),
  ('c0000000-0000-0000-0000-000000000340', 'a0000000-0000-0000-0000-000000000268', 'd0000000-0000-0000-0000-000000000054', '너무 웃겨요 ㅋㅋㅋ 우리 집도 비슷해요', now() - interval '37 days 22 hours'),
  ('c0000000-0000-0000-0000-000000000341', 'a0000000-0000-0000-0000-000000000272', 'd0000000-0000-0000-0000-000000000055', '너무 공감... 저도 매일 그래요 ㅋㅋ', now() + interval '50 days 12 hours'),
  ('c0000000-0000-0000-0000-000000000342', 'a0000000-0000-0000-0000-000000000180', 'd0000000-0000-0000-0000-000000000076', '아기가 건강하게 자라고 있는 거예요. 걱정 마세요!', now() - interval '35 days 18 hours'),
  ('c0000000-0000-0000-0000-000000000343', 'a0000000-0000-0000-0000-000000000051', 'd0000000-0000-0000-0000-000000000055', '너무 귀여워요 ㅋㅋ 사진 보고 싶어요!', now() - interval '113 days 15 hours'),
  ('c0000000-0000-0000-0000-000000000344', 'a0000000-0000-0000-0000-000000000393', 'd0000000-0000-0000-0000-000000000030', '저도 지금 수유 중이에요! 새벽 동지 반가워요 🌙', now() - interval '21 days 19 hours'),
  ('c0000000-0000-0000-0000-000000000345', 'a0000000-0000-0000-0000-000000000449', 'd0000000-0000-0000-0000-000000000070', '좋은 아빠 맞아요! 부럽습니다 ㅋㅋ', now() + interval '168 days 6 hours'),
  ('c0000000-0000-0000-0000-000000000346', 'a0000000-0000-0000-0000-000000000003', 'd0000000-0000-0000-0000-000000000091', '아기가 건강하게 자라고 있는 거예요. 걱정 마세요!', now() + interval '136 days 18 hours'),
  ('c0000000-0000-0000-0000-000000000347', 'a0000000-0000-0000-0000-000000000268', 'd0000000-0000-0000-0000-000000000016', '개인차가 크대요! 걱정 마세요~', now() - interval '37 days 12 hours'),
  ('c0000000-0000-0000-0000-000000000348', 'a0000000-0000-0000-0000-000000000336', 'd0000000-0000-0000-0000-000000000027', '사진 올려주세요! 보고 싶어요 ㅋㅋ', now() - interval '137 days 13 hours'),
  ('c0000000-0000-0000-0000-000000000349', 'a0000000-0000-0000-0000-000000000186', 'd0000000-0000-0000-0000-000000000014', '공감 100%! 우리도 같은 상황이에요', now() + interval '13 days 20 hours'),
  ('c0000000-0000-0000-0000-000000000350', 'a0000000-0000-0000-0000-000000000300', 'd0000000-0000-0000-0000-000000000033', '우리 애도 그 시기에 그랬어요! 걱정 마세요~', now() + interval '4 days 13 hours')
ON CONFLICT (id) DO NOTHING;

INSERT INTO comments (id, post_id, user_id, content, created_at) VALUES
  ('c0000000-0000-0000-0000-000000000351', 'a0000000-0000-0000-0000-000000000290', 'd0000000-0000-0000-0000-000000000047', '힘들 때 여기서 위로받아요. 맘들 감사해요 💛', now() - interval '83 days 21 hours'),
  ('c0000000-0000-0000-0000-000000000352', 'a0000000-0000-0000-0000-000000000204', 'd0000000-0000-0000-0000-000000000097', '이 시기가 힘들지만 빨리 지나가요. 파이팅!', now() + interval '117 days 17 hours'),
  ('c0000000-0000-0000-0000-000000000353', 'a0000000-0000-0000-0000-000000000402', 'd0000000-0000-0000-0000-000000000072', '저도 같은 제품 쓰는데 좋아요~', now() - interval '101 days 11 hours'),
  ('c0000000-0000-0000-0000-000000000354', 'a0000000-0000-0000-0000-000000000287', 'd0000000-0000-0000-0000-000000000072', '저도 같은 제품 쓰는데 좋아요~', now() - interval '174 days 9 hours'),
  ('c0000000-0000-0000-0000-000000000355', 'a0000000-0000-0000-0000-000000000296', 'd0000000-0000-0000-0000-000000000045', '그 시기 지나면 또 다른 고민이 생기더라구요 ㅋㅋ', now() - interval '19 days 12 hours'),
  ('c0000000-0000-0000-0000-000000000356', 'a0000000-0000-0000-0000-000000000377', 'd0000000-0000-0000-0000-000000000018', '우리 아기도 그 시기에 폭풍 성장했어요!', now() - interval '77 days 23 hours'),
  ('c0000000-0000-0000-0000-000000000357', 'a0000000-0000-0000-0000-000000000118', 'd0000000-0000-0000-0000-000000000058', '사진 올려주세요! 보고 싶어요 ㅋㅋ', now() + interval '128 days 3 hours'),
  ('c0000000-0000-0000-0000-000000000358', 'a0000000-0000-0000-0000-000000000110', 'd0000000-0000-0000-0000-000000000066', '비슷한 월령인데 반가워요! 친해져요~', now() + interval '127 days 17 hours'),
  ('c0000000-0000-0000-0000-000000000359', 'a0000000-0000-0000-0000-000000000315', 'd0000000-0000-0000-0000-000000000090', '소아과 선생님한테 물어보시는 게 제일 정확해요~', now() + interval '173 days 1 hours'),
  ('c0000000-0000-0000-0000-000000000360', 'a0000000-0000-0000-0000-000000000083', 'd0000000-0000-0000-0000-000000000050', '저는 8개월 때 했는데 괜찮았어요!', now() + interval '98 days 2 hours'),
  ('c0000000-0000-0000-0000-000000000361', 'a0000000-0000-0000-0000-000000000422', 'd0000000-0000-0000-0000-000000000019', '저도 같은 제품 쓰는데 좋아요~', now() - interval '160 days 13 hours'),
  ('c0000000-0000-0000-0000-000000000362', 'a0000000-0000-0000-0000-000000000046', 'd0000000-0000-0000-0000-000000000009', '우리 애도 그 시기에 그랬어요! 걱정 마세요~', now() - interval '138 days 11 hours'),
  ('c0000000-0000-0000-0000-000000000363', 'a0000000-0000-0000-0000-000000000041', 'd0000000-0000-0000-0000-000000000078', '힘내세요 맘! 잘 하고 계신 거예요 💕', now() - interval '167 days 12 hours'),
  ('c0000000-0000-0000-0000-000000000364', 'a0000000-0000-0000-0000-000000000477', 'd0000000-0000-0000-0000-000000000052', '힘들 때 여기서 위로받아요. 맘들 감사해요 💛', now() + interval '47 days 16 hours'),
  ('c0000000-0000-0000-0000-000000000365', 'a0000000-0000-0000-0000-000000000147', 'd0000000-0000-0000-0000-000000000092', '추천 감사해요! 이번 주말에 가볼게요 🏃‍♀️', now() + interval '58 days 5 hours'),
  ('c0000000-0000-0000-0000-000000000366', 'a0000000-0000-0000-0000-000000000328', 'd0000000-0000-0000-0000-000000000064', '시간 참 빠르죠... 벌써 그렇게 됐다니!', now() - interval '170 days 6 hours'),
  ('c0000000-0000-0000-0000-000000000367', 'a0000000-0000-0000-0000-000000000436', 'd0000000-0000-0000-0000-000000000085', '개인차가 크대요! 걱정 마세요~', now() + interval '175 days 6 hours'),
  ('c0000000-0000-0000-0000-000000000368', 'a0000000-0000-0000-0000-000000000018', 'd0000000-0000-0000-0000-000000000077', '우리 애한테도 해봐야겠어요 ㅎㅎ', now() + interval '45 days 22 hours'),
  ('c0000000-0000-0000-0000-000000000369', 'a0000000-0000-0000-0000-000000000119', 'd0000000-0000-0000-0000-000000000079', '좋은 정보 감사합니다! 참고할게요 😊', now() + interval '65 days 1 hours'),
  ('c0000000-0000-0000-0000-000000000370', 'a0000000-0000-0000-0000-000000000185', 'd0000000-0000-0000-0000-000000000031', '남편 분 진짜 멋지시네요 👍', now() - interval '29 days 5 hours'),
  ('c0000000-0000-0000-0000-000000000371', 'a0000000-0000-0000-0000-000000000045', 'd0000000-0000-0000-0000-000000000036', '그 시기 지나면 또 다른 고민이 생기더라구요 ㅋㅋ', now() + interval '31 days 11 hours'),
  ('c0000000-0000-0000-0000-000000000372', 'a0000000-0000-0000-0000-000000000343', 'd0000000-0000-0000-0000-000000000051', '비슷한 월령인데 반가워요! 친해져요~', now() + interval '144 days 6 hours'),
  ('c0000000-0000-0000-0000-000000000373', 'a0000000-0000-0000-0000-000000000266', 'd0000000-0000-0000-0000-000000000002', '아기가 건강하게 자라고 있는 거예요. 걱정 마세요!', now() + interval '167 days 2 hours'),
  ('c0000000-0000-0000-0000-000000000374', 'a0000000-0000-0000-0000-000000000471', 'd0000000-0000-0000-0000-000000000012', '그 표정 상상되네요 ㅋㅋ 너무 귀여워!', now() - interval '80 days 23 hours'),
  ('c0000000-0000-0000-0000-000000000375', 'a0000000-0000-0000-0000-000000000425', 'd0000000-0000-0000-0000-000000000072', '저희 아기도 6개월인데 같이 놀래요?', now() + interval '138 days 11 hours'),
  ('c0000000-0000-0000-0000-000000000376', 'a0000000-0000-0000-0000-000000000494', 'd0000000-0000-0000-0000-000000000036', '너무 공감... 저도 매일 그래요 ㅋㅋ', now() + interval '129 days 6 hours'),
  ('c0000000-0000-0000-0000-000000000377', 'a0000000-0000-0000-0000-000000000233', 'd0000000-0000-0000-0000-000000000052', '같은 동네 맘이시네요! 반가워요~', now() - interval '169 days 8 hours'),
  ('c0000000-0000-0000-0000-000000000378', 'a0000000-0000-0000-0000-000000000090', 'd0000000-0000-0000-0000-000000000053', '우리 애한테도 해봐야겠어요 ㅎㅎ', now() + interval '177 days 17 hours'),
  ('c0000000-0000-0000-0000-000000000379', 'a0000000-0000-0000-0000-000000000038', 'd0000000-0000-0000-0000-000000000065', '대견하다! 우리 아기도 빨리 했으면 ㅎㅎ', now() + interval '8 days 3 hours'),
  ('c0000000-0000-0000-0000-000000000380', 'a0000000-0000-0000-0000-000000000412', 'd0000000-0000-0000-0000-000000000066', '우리 애도 그 시기에 그랬어요! 걱정 마세요~', now() + interval '96 days 18 hours'),
  ('c0000000-0000-0000-0000-000000000381', 'a0000000-0000-0000-0000-000000000129', 'd0000000-0000-0000-0000-000000000089', '시간 참 빠르죠... 벌써 그렇게 됐다니!', now() + interval '86 days 18 hours'),
  ('c0000000-0000-0000-0000-000000000382', 'a0000000-0000-0000-0000-000000000248', 'd0000000-0000-0000-0000-000000000099', '응원합니다! 좋은 소식 기다릴게요 🍀', now() - interval '19 days 14 hours'),
  ('c0000000-0000-0000-0000-000000000383', 'a0000000-0000-0000-0000-000000000349', 'd0000000-0000-0000-0000-000000000059', '저희 아기도 6개월인데 같이 놀래요?', now() - interval '126 days 15 hours'),
  ('c0000000-0000-0000-0000-000000000384', 'a0000000-0000-0000-0000-000000000060', 'd0000000-0000-0000-0000-000000000034', '그 순간 정말 잊을 수 없죠! 📱', now() - interval '63 days 20 hours'),
  ('c0000000-0000-0000-0000-000000000385', 'a0000000-0000-0000-0000-000000000404', 'd0000000-0000-0000-0000-000000000029', '소아과 선생님한테 물어보시는 게 제일 정확해요~', now() - interval '60 days 7 hours'),
  ('c0000000-0000-0000-0000-000000000386', 'a0000000-0000-0000-0000-000000000410', 'd0000000-0000-0000-0000-000000000041', '좋은 아빠 맞아요! 부럽습니다 ㅋㅋ', now() - interval '70 days 16 hours'),
  ('c0000000-0000-0000-0000-000000000387', 'a0000000-0000-0000-0000-000000000275', 'd0000000-0000-0000-0000-000000000002', '사진 올려주세요! 보고 싶어요 ㅋㅋ', now() + interval '75 days 7 hours'),
  ('c0000000-0000-0000-0000-000000000388', 'a0000000-0000-0000-0000-000000000148', 'd0000000-0000-0000-0000-000000000012', '비슷한 월령인데 반가워요! 친해져요~', now() - interval '100 days 23 hours'),
  ('c0000000-0000-0000-0000-000000000389', 'a0000000-0000-0000-0000-000000000421', 'd0000000-0000-0000-0000-000000000044', '그 순간 정말 잊을 수 없죠! 📱', now() - interval '81 days 5 hours'),
  ('c0000000-0000-0000-0000-000000000390', 'a0000000-0000-0000-0000-000000000244', 'd0000000-0000-0000-0000-000000000041', '혼자가 아니에요! 다 함께 육아해요 💪', now() + interval '112 days 18 hours'),
  ('c0000000-0000-0000-0000-000000000391', 'a0000000-0000-0000-0000-000000000138', 'd0000000-0000-0000-0000-000000000024', '아기가 건강하게 자라고 있는 거예요. 걱정 마세요!', now() - interval '97 days 6 hours'),
  ('c0000000-0000-0000-0000-000000000392', 'a0000000-0000-0000-0000-000000000256', 'd0000000-0000-0000-0000-000000000095', '축하해요!! 우리 아기도 빨리 그랬으면 ㅋㅋ', now() + interval '142 days 23 hours'),
  ('c0000000-0000-0000-0000-000000000393', 'a0000000-0000-0000-0000-000000000124', 'd0000000-0000-0000-0000-000000000034', '이 시기가 힘들지만 빨리 지나가요. 파이팅!', now() + interval '60 days 6 hours'),
  ('c0000000-0000-0000-0000-000000000394', 'a0000000-0000-0000-0000-000000000428', 'd0000000-0000-0000-0000-000000000032', '힘들 때 여기서 위로받아요. 맘들 감사해요 💛', now() - interval '40 days 4 hours'),
  ('c0000000-0000-0000-0000-000000000395', 'a0000000-0000-0000-0000-000000000399', 'd0000000-0000-0000-0000-000000000014', '정보 감사해요! 저도 해볼게요~', now() + interval '51 days 21 hours'),
  ('c0000000-0000-0000-0000-000000000396', 'a0000000-0000-0000-0000-000000000490', 'd0000000-0000-0000-0000-000000000085', '감동이에요 ㅠㅠ 눈물 나네요...', now() + interval '43 days 0 hours'),
  ('c0000000-0000-0000-0000-000000000397', 'a0000000-0000-0000-0000-000000000392', 'd0000000-0000-0000-0000-000000000070', '힘내세요 맘! 잘 하고 계신 거예요 💕', now() + interval '130 days 11 hours'),
  ('c0000000-0000-0000-0000-000000000398', 'a0000000-0000-0000-0000-000000000318', 'd0000000-0000-0000-0000-000000000041', '감동이에요 ㅠㅠ 눈물 나네요...', now() + interval '177 days 8 hours'),
  ('c0000000-0000-0000-0000-000000000399', 'a0000000-0000-0000-0000-000000000252', 'd0000000-0000-0000-0000-000000000024', '엄마 본능이 제일 정확해요! 믿으세요 💪', now() + interval '116 days 8 hours'),
  ('c0000000-0000-0000-0000-000000000400', 'a0000000-0000-0000-0000-000000000204', 'd0000000-0000-0000-0000-000000000029', '엄마 본능이 제일 정확해요! 믿으세요 💪', now() + interval '118 days 4 hours')
ON CONFLICT (id) DO NOTHING;

INSERT INTO comments (id, post_id, user_id, content, created_at) VALUES
  ('c0000000-0000-0000-0000-000000000401', 'a0000000-0000-0000-0000-000000000028', 'd0000000-0000-0000-0000-000000000068', '저도 그 병원 다녔는데 추천해요!', now() + interval '158 days 17 hours'),
  ('c0000000-0000-0000-0000-000000000402', 'a0000000-0000-0000-0000-000000000017', 'd0000000-0000-0000-0000-000000000065', '혼자가 아니에요! 다 함께 육아해요 💪', now() + interval '62 days 21 hours'),
  ('c0000000-0000-0000-0000-000000000403', 'a0000000-0000-0000-0000-000000000398', 'd0000000-0000-0000-0000-000000000023', '꿀팁 감사해요! 바로 해볼게요!', now() + interval '162 days 22 hours'),
  ('c0000000-0000-0000-0000-000000000404', 'a0000000-0000-0000-0000-000000000266', 'd0000000-0000-0000-0000-000000000059', '정보 공유 감사해요! 가보고 싶어요~', now() + interval '167 days 0 hours'),
  ('c0000000-0000-0000-0000-000000000405', 'a0000000-0000-0000-0000-000000000007', 'd0000000-0000-0000-0000-000000000087', '이 시기가 힘들지만 빨리 지나가요. 파이팅!', now() + interval '178 days 18 hours'),
  ('c0000000-0000-0000-0000-000000000406', 'a0000000-0000-0000-0000-000000000052', 'd0000000-0000-0000-0000-000000000042', '너무 웃겨요 ㅋㅋㅋ 우리 집도 비슷해요', now() + interval '75 days 8 hours'),
  ('c0000000-0000-0000-0000-000000000407', 'a0000000-0000-0000-0000-000000000096', 'd0000000-0000-0000-0000-000000000071', '우리 애도 그 시기에 그랬어요! 걱정 마세요~', now() + interval '14 days 8 hours'),
  ('c0000000-0000-0000-0000-000000000408', 'a0000000-0000-0000-0000-000000000242', 'd0000000-0000-0000-0000-000000000079', '저도 추천해요! 정말 좋았어요 ✨', now() + interval '84 days 5 hours'),
  ('c0000000-0000-0000-0000-000000000409', 'a0000000-0000-0000-0000-000000000256', 'd0000000-0000-0000-0000-000000000055', '이 시기가 힘들지만 빨리 지나가요. 파이팅!', now() + interval '143 days 22 hours'),
  ('c0000000-0000-0000-0000-000000000410', 'a0000000-0000-0000-0000-000000000386', 'd0000000-0000-0000-0000-000000000048', '너무 웃겨요 ㅋㅋㅋ 우리 집도 비슷해요', now() - interval '108 days 8 hours'),
  ('c0000000-0000-0000-0000-000000000411', 'a0000000-0000-0000-0000-000000000231', 'd0000000-0000-0000-0000-000000000024', '같은 동네 맘이시네요! 반가워요~', now() + interval '130 days 18 hours'),
  ('c0000000-0000-0000-0000-000000000412', 'a0000000-0000-0000-0000-000000000352', 'd0000000-0000-0000-0000-000000000030', '힘내세요! 이 시간도 금방 지나가요', now() - interval '160 days 8 hours'),
  ('c0000000-0000-0000-0000-000000000413', 'a0000000-0000-0000-0000-000000000412', 'd0000000-0000-0000-0000-000000000031', '그 표정 상상되네요 ㅋㅋ 너무 귀여워!', now() + interval '95 days 12 hours'),
  ('c0000000-0000-0000-0000-000000000414', 'a0000000-0000-0000-0000-000000000101', 'd0000000-0000-0000-0000-000000000019', '아기가 건강하게 자라고 있는 거예요. 걱정 마세요!', now() + interval '121 days 15 hours'),
  ('c0000000-0000-0000-0000-000000000415', 'a0000000-0000-0000-0000-000000000413', 'd0000000-0000-0000-0000-000000000002', '저도 같은 고민이었는데 도움이 됐어요', now() + interval '110 days 15 hours'),
  ('c0000000-0000-0000-0000-000000000416', 'a0000000-0000-0000-0000-000000000069', 'd0000000-0000-0000-0000-000000000081', '개인차가 크대요! 걱정 마세요~', now() + interval '121 days 23 hours'),
  ('c0000000-0000-0000-0000-000000000417', 'a0000000-0000-0000-0000-000000000162', 'd0000000-0000-0000-0000-000000000063', '엄마 마음 이해해요 ㅠ 같이 힘내요!', now() + interval '35 days 17 hours'),
  ('c0000000-0000-0000-0000-000000000418', 'a0000000-0000-0000-0000-000000000440', 'd0000000-0000-0000-0000-000000000073', '아 너무 부러워요 ㅠㅠ 축하드려요!', now() + interval '65 days 3 hours'),
  ('c0000000-0000-0000-0000-000000000419', 'a0000000-0000-0000-0000-000000000354', 'd0000000-0000-0000-0000-000000000021', '아 너무 부러워요 ㅠㅠ 축하드려요!', now() + interval '5 days 8 hours'),
  ('c0000000-0000-0000-0000-000000000420', 'a0000000-0000-0000-0000-000000000244', 'd0000000-0000-0000-0000-000000000081', '힘내세요! 이 시간도 금방 지나가요', now() + interval '113 days 23 hours'),
  ('c0000000-0000-0000-0000-000000000421', 'a0000000-0000-0000-0000-000000000172', 'd0000000-0000-0000-0000-000000000034', '너무 웃겨요 ㅋㅋㅋ 우리 집도 비슷해요', now() + interval '97 days 17 hours'),
  ('c0000000-0000-0000-0000-000000000422', 'a0000000-0000-0000-0000-000000000286', 'd0000000-0000-0000-0000-000000000033', '혼자가 아니에요! 다 함께 육아해요 💪', now() + interval '44 days 13 hours'),
  ('c0000000-0000-0000-0000-000000000423', 'a0000000-0000-0000-0000-000000000063', 'd0000000-0000-0000-0000-000000000045', '소아과 선생님한테 물어보시는 게 제일 정확해요~', now() + interval '87 days 6 hours'),
  ('c0000000-0000-0000-0000-000000000424', 'a0000000-0000-0000-0000-000000000296', 'd0000000-0000-0000-0000-000000000074', '남편 분 진짜 멋지시네요 👍', now() - interval '19 days 17 hours'),
  ('c0000000-0000-0000-0000-000000000425', 'a0000000-0000-0000-0000-000000000090', 'd0000000-0000-0000-0000-000000000100', '대견하다! 우리 아기도 빨리 했으면 ㅎㅎ', now() + interval '178 days 10 hours'),
  ('c0000000-0000-0000-0000-000000000426', 'a0000000-0000-0000-0000-000000000345', 'd0000000-0000-0000-0000-000000000066', '감동이에요 ㅠㅠ 눈물 나네요...', now() + interval '123 days 14 hours'),
  ('c0000000-0000-0000-0000-000000000427', 'a0000000-0000-0000-0000-000000000456', 'd0000000-0000-0000-0000-000000000011', '사랑스럽네요~ 잘 크고 있네요!', now() - interval '64 days 9 hours'),
  ('c0000000-0000-0000-0000-000000000428', 'a0000000-0000-0000-0000-000000000238', 'd0000000-0000-0000-0000-000000000081', '공감 100%! 우리도 같은 상황이에요', now() + interval '10 days 20 hours'),
  ('c0000000-0000-0000-0000-000000000429', 'a0000000-0000-0000-0000-000000000414', 'd0000000-0000-0000-0000-000000000044', '좋은 아빠 맞아요! 부럽습니다 ㅋㅋ', now() - interval '7 days 19 hours'),
  ('c0000000-0000-0000-0000-000000000430', 'a0000000-0000-0000-0000-000000000293', 'd0000000-0000-0000-0000-000000000052', '그 순간 정말 잊을 수 없죠! 📱', now() - interval '77 days 5 hours'),
  ('c0000000-0000-0000-0000-000000000431', 'a0000000-0000-0000-0000-000000000176', 'd0000000-0000-0000-0000-000000000030', '정보 공유 감사해요! 가보고 싶어요~', now() + interval '41 days 20 hours'),
  ('c0000000-0000-0000-0000-000000000432', 'a0000000-0000-0000-0000-000000000150', 'd0000000-0000-0000-0000-000000000091', '영상 남겨두세요! 소중한 추억이에요 📹', now() - interval '58 days 20 hours'),
  ('c0000000-0000-0000-0000-000000000433', 'a0000000-0000-0000-0000-000000000203', 'd0000000-0000-0000-0000-000000000035', '시간 참 빠르죠... 벌써 그렇게 됐다니!', now() + interval '148 days 23 hours'),
  ('c0000000-0000-0000-0000-000000000434', 'a0000000-0000-0000-0000-000000000301', 'd0000000-0000-0000-0000-000000000067', '시간 참 빠르죠... 벌써 그렇게 됐다니!', now() + interval '53 days 5 hours'),
  ('c0000000-0000-0000-0000-000000000435', 'a0000000-0000-0000-0000-000000000095', 'd0000000-0000-0000-0000-000000000003', '너무 귀여워요 ㅋㅋ 사진 보고 싶어요!', now() + interval '67 days 7 hours'),
  ('c0000000-0000-0000-0000-000000000436', 'a0000000-0000-0000-0000-000000000339', 'd0000000-0000-0000-0000-000000000033', '아기가 건강하게 자라고 있는 거예요. 걱정 마세요!', now() - interval '47 days 23 hours'),
  ('c0000000-0000-0000-0000-000000000437', 'a0000000-0000-0000-0000-000000000041', 'd0000000-0000-0000-0000-000000000027', '좋은 정보 감사합니다! 참고할게요 😊', now() - interval '168 days 3 hours'),
  ('c0000000-0000-0000-0000-000000000438', 'a0000000-0000-0000-0000-000000000049', 'd0000000-0000-0000-0000-000000000009', '저도 같은 제품 쓰는데 좋아요~', now() + interval '100 days 1 hours'),
  ('c0000000-0000-0000-0000-000000000439', 'a0000000-0000-0000-0000-000000000014', 'd0000000-0000-0000-0000-000000000099', '비슷한 월령인데 반가워요! 친해져요~', now() - interval '102 days 2 hours'),
  ('c0000000-0000-0000-0000-000000000440', 'a0000000-0000-0000-0000-000000000054', 'd0000000-0000-0000-0000-000000000034', '힘들 때 여기서 위로받아요. 맘들 감사해요 💛', now() + interval '19 days 2 hours'),
  ('c0000000-0000-0000-0000-000000000441', 'a0000000-0000-0000-0000-000000000336', 'd0000000-0000-0000-0000-000000000050', '엄마 마음 이해해요 ㅠ 같이 힘내요!', now() - interval '138 days 7 hours'),
  ('c0000000-0000-0000-0000-000000000442', 'a0000000-0000-0000-0000-000000000378', 'd0000000-0000-0000-0000-000000000037', '시간 참 빠르죠... 벌써 그렇게 됐다니!', now() + interval '129 days 4 hours'),
  ('c0000000-0000-0000-0000-000000000443', 'a0000000-0000-0000-0000-000000000068', 'd0000000-0000-0000-0000-000000000068', '좋은 정보 감사합니다! 참고할게요 😊', now() + interval '101 days 1 hours'),
  ('c0000000-0000-0000-0000-000000000444', 'a0000000-0000-0000-0000-000000000340', 'd0000000-0000-0000-0000-000000000046', '정보 공유 감사해요! 가보고 싶어요~', now() - interval '18 days 14 hours'),
  ('c0000000-0000-0000-0000-000000000445', 'a0000000-0000-0000-0000-000000000500', 'd0000000-0000-0000-0000-000000000070', '영상 남겨두세요! 소중한 추억이에요 📹', now() - interval '142 days 14 hours'),
  ('c0000000-0000-0000-0000-000000000446', 'a0000000-0000-0000-0000-000000000070', 'd0000000-0000-0000-0000-000000000090', '아기가 건강한 게 제일이에요 💕', now() - interval '98 days 18 hours'),
  ('c0000000-0000-0000-0000-000000000447', 'a0000000-0000-0000-0000-000000000306', 'd0000000-0000-0000-0000-000000000059', '저는 8개월 때 했는데 괜찮았어요!', now() + interval '37 days 20 hours'),
  ('c0000000-0000-0000-0000-000000000448', 'a0000000-0000-0000-0000-000000000450', 'd0000000-0000-0000-0000-000000000073', '저도 그 병원 다녔는데 추천해요!', now() - interval '21 days 20 hours'),
  ('c0000000-0000-0000-0000-000000000449', 'a0000000-0000-0000-0000-000000000328', 'd0000000-0000-0000-0000-000000000069', '엄마 마음 이해해요 ㅠ 같이 힘내요!', now() - interval '169 days 15 hours'),
  ('c0000000-0000-0000-0000-000000000450', 'a0000000-0000-0000-0000-000000000277', 'd0000000-0000-0000-0000-000000000030', '저도 지금 수유 중이에요! 새벽 동지 반가워요 🌙', now() - interval '73 days 9 hours')
ON CONFLICT (id) DO NOTHING;

INSERT INTO comments (id, post_id, user_id, content, created_at) VALUES
  ('c0000000-0000-0000-0000-000000000451', 'a0000000-0000-0000-0000-000000000188', 'd0000000-0000-0000-0000-000000000053', '우리 애도 그 시기에 그랬어요! 걱정 마세요~', now() + interval '45 days 9 hours'),
  ('c0000000-0000-0000-0000-000000000452', 'a0000000-0000-0000-0000-000000000006', 'd0000000-0000-0000-0000-000000000001', '개인차가 크대요! 걱정 마세요~', now() + interval '141 days 11 hours'),
  ('c0000000-0000-0000-0000-000000000453', 'a0000000-0000-0000-0000-000000000147', 'd0000000-0000-0000-0000-000000000061', '아기가 건강한 게 제일이에요 💕', now() + interval '58 days 22 hours'),
  ('c0000000-0000-0000-0000-000000000454', 'a0000000-0000-0000-0000-000000000473', 'd0000000-0000-0000-0000-000000000063', '엄마 본능이 제일 정확해요! 믿으세요 💪', now() - interval '30 days 9 hours'),
  ('c0000000-0000-0000-0000-000000000455', 'a0000000-0000-0000-0000-000000000005', 'd0000000-0000-0000-0000-000000000099', '저도 그 병원 다녔는데 추천해요!', now() - interval '124 days 19 hours'),
  ('c0000000-0000-0000-0000-000000000456', 'a0000000-0000-0000-0000-000000000119', 'd0000000-0000-0000-0000-000000000001', '그 표정 상상되네요 ㅋㅋ 너무 귀여워!', now() + interval '64 days 6 hours'),
  ('c0000000-0000-0000-0000-000000000457', 'a0000000-0000-0000-0000-000000000211', 'd0000000-0000-0000-0000-000000000072', '저도 그 병원 다녔는데 추천해요!', now() + interval '25 days 7 hours'),
  ('c0000000-0000-0000-0000-000000000458', 'a0000000-0000-0000-0000-000000000084', 'd0000000-0000-0000-0000-000000000092', '아기가 건강하게 자라고 있는 거예요. 걱정 마세요!', now() + interval '93 days 12 hours'),
  ('c0000000-0000-0000-0000-000000000459', 'a0000000-0000-0000-0000-000000000425', 'd0000000-0000-0000-0000-000000000049', '너무 공감... 저도 매일 그래요 ㅋㅋ', now() + interval '138 days 2 hours'),
  ('c0000000-0000-0000-0000-000000000460', 'a0000000-0000-0000-0000-000000000217', 'd0000000-0000-0000-0000-000000000081', '응원합니다! 좋은 소식 기다릴게요 🍀', now() - interval '60 days 19 hours'),
  ('c0000000-0000-0000-0000-000000000461', 'a0000000-0000-0000-0000-000000000414', 'd0000000-0000-0000-0000-000000000089', '소아과 선생님한테 물어보시는 게 제일 정확해요~', now() - interval '8 days 9 hours'),
  ('c0000000-0000-0000-0000-000000000462', 'a0000000-0000-0000-0000-000000000333', 'd0000000-0000-0000-0000-000000000096', '아기가 건강한 게 제일이에요 💕', now() + interval '72 days 13 hours'),
  ('c0000000-0000-0000-0000-000000000463', 'a0000000-0000-0000-0000-000000000097', 'd0000000-0000-0000-0000-000000000009', '저도 같은 고민이었는데 도움이 됐어요', now() - interval '107 days 9 hours'),
  ('c0000000-0000-0000-0000-000000000464', 'a0000000-0000-0000-0000-000000000057', 'd0000000-0000-0000-0000-000000000082', '꿀팁 감사해요! 바로 해볼게요!', now() + interval '145 days 14 hours'),
  ('c0000000-0000-0000-0000-000000000465', 'a0000000-0000-0000-0000-000000000140', 'd0000000-0000-0000-0000-000000000090', '힘들 때 여기서 위로받아요. 맘들 감사해요 💛', now() - interval '144 days 6 hours'),
  ('c0000000-0000-0000-0000-000000000466', 'a0000000-0000-0000-0000-000000000165', 'd0000000-0000-0000-0000-000000000003', '공감 100%! 우리도 같은 상황이에요', now() + interval '12 days 17 hours'),
  ('c0000000-0000-0000-0000-000000000467', 'a0000000-0000-0000-0000-000000000012', 'd0000000-0000-0000-0000-000000000024', '힘내세요! 이 시간도 금방 지나가요', now() + interval '64 days 8 hours'),
  ('c0000000-0000-0000-0000-000000000468', 'a0000000-0000-0000-0000-000000000065', 'd0000000-0000-0000-0000-000000000092', '시간 참 빠르죠... 벌써 그렇게 됐다니!', now() + interval '79 days 0 hours'),
  ('c0000000-0000-0000-0000-000000000469', 'a0000000-0000-0000-0000-000000000120', 'd0000000-0000-0000-0000-000000000012', '공감 100%! 우리도 같은 상황이에요', now() + interval '35 days 15 hours'),
  ('c0000000-0000-0000-0000-000000000470', 'a0000000-0000-0000-0000-000000000112', 'd0000000-0000-0000-0000-000000000044', '좋은 아빠 맞아요! 부럽습니다 ㅋㅋ', now() + interval '142 days 15 hours'),
  ('c0000000-0000-0000-0000-000000000471', 'a0000000-0000-0000-0000-000000000191', 'd0000000-0000-0000-0000-000000000060', '사진 올려주세요! 보고 싶어요 ㅋㅋ', now() + interval '107 days 10 hours'),
  ('c0000000-0000-0000-0000-000000000472', 'a0000000-0000-0000-0000-000000000042', 'd0000000-0000-0000-0000-000000000097', '공감 100%! 우리도 같은 상황이에요', now() + interval '72 days 8 hours'),
  ('c0000000-0000-0000-0000-000000000473', 'a0000000-0000-0000-0000-000000000398', 'd0000000-0000-0000-0000-000000000051', '그 순간 정말 잊을 수 없죠! 📱', now() + interval '164 days 15 hours'),
  ('c0000000-0000-0000-0000-000000000474', 'a0000000-0000-0000-0000-000000000093', 'd0000000-0000-0000-0000-000000000025', '우리 애도 그 시기에 그랬어요! 걱정 마세요~', now() + interval '180 days 0 hours'),
  ('c0000000-0000-0000-0000-000000000475', 'a0000000-0000-0000-0000-000000000063', 'd0000000-0000-0000-0000-000000000099', '저도 같은 고민이에요. 함께 이겨내요 🤝', now() + interval '85 days 12 hours'),
  ('c0000000-0000-0000-0000-000000000476', 'a0000000-0000-0000-0000-000000000395', 'd0000000-0000-0000-0000-000000000057', '응원합니다! 좋은 소식 기다릴게요 🍀', now() + interval '118 days 1 hours'),
  ('c0000000-0000-0000-0000-000000000477', 'a0000000-0000-0000-0000-000000000102', 'd0000000-0000-0000-0000-000000000059', '아기가 건강하게 자라고 있는 거예요. 걱정 마세요!', now() + interval '117 days 16 hours'),
  ('c0000000-0000-0000-0000-000000000478', 'a0000000-0000-0000-0000-000000000341', 'd0000000-0000-0000-0000-000000000027', '저도 같은 제품 쓰는데 좋아요~', now() - interval '53 days 21 hours'),
  ('c0000000-0000-0000-0000-000000000479', 'a0000000-0000-0000-0000-000000000493', 'd0000000-0000-0000-0000-000000000040', '정보 공유 감사해요! 가보고 싶어요~', now() - interval '180 days 20 hours'),
  ('c0000000-0000-0000-0000-000000000480', 'a0000000-0000-0000-0000-000000000373', 'd0000000-0000-0000-0000-000000000006', '아기가 건강하게 자라고 있는 거예요. 걱정 마세요!', now() + interval '134 days 16 hours'),
  ('c0000000-0000-0000-0000-000000000481', 'a0000000-0000-0000-0000-000000000063', 'd0000000-0000-0000-0000-000000000033', '저도 같은 제품 쓰는데 좋아요~', now() + interval '87 days 9 hours'),
  ('c0000000-0000-0000-0000-000000000482', 'a0000000-0000-0000-0000-000000000102', 'd0000000-0000-0000-0000-000000000047', '아 너무 부러워요 ㅠㅠ 축하드려요!', now() + interval '119 days 6 hours'),
  ('c0000000-0000-0000-0000-000000000483', 'a0000000-0000-0000-0000-000000000499', 'd0000000-0000-0000-0000-000000000015', '응원합니다! 좋은 소식 기다릴게요 🍀', now() - interval '39 days 13 hours'),
  ('c0000000-0000-0000-0000-000000000484', 'a0000000-0000-0000-0000-000000000167', 'd0000000-0000-0000-0000-000000000002', '좋은 정보 감사합니다! 참고할게요 😊', now() - interval '20 days 18 hours'),
  ('c0000000-0000-0000-0000-000000000485', 'a0000000-0000-0000-0000-000000000062', 'd0000000-0000-0000-0000-000000000051', '응원합니다! 좋은 소식 기다릴게요 🍀', now() - interval '60 days 1 hours'),
  ('c0000000-0000-0000-0000-000000000486', 'a0000000-0000-0000-0000-000000000298', 'd0000000-0000-0000-0000-000000000089', '저도 같은 제품 쓰는데 좋아요~', now() + interval '153 days 19 hours'),
  ('c0000000-0000-0000-0000-000000000487', 'a0000000-0000-0000-0000-000000000080', 'd0000000-0000-0000-0000-000000000048', '그 시기 지나면 또 다른 고민이 생기더라구요 ㅋㅋ', now() + interval '118 days 7 hours'),
  ('c0000000-0000-0000-0000-000000000488', 'a0000000-0000-0000-0000-000000000081', 'd0000000-0000-0000-0000-000000000064', '저도 지금 수유 중이에요! 새벽 동지 반가워요 🌙', now() - interval '136 days 19 hours'),
  ('c0000000-0000-0000-0000-000000000489', 'a0000000-0000-0000-0000-000000000174', 'd0000000-0000-0000-0000-000000000098', '저는 8개월 때 했는데 괜찮았어요!', now() + interval '151 days 1 hours'),
  ('c0000000-0000-0000-0000-000000000490', 'a0000000-0000-0000-0000-000000000183', 'd0000000-0000-0000-0000-000000000083', '공감 100%! 우리도 같은 상황이에요', now() + interval '15 days 17 hours'),
  ('c0000000-0000-0000-0000-000000000491', 'a0000000-0000-0000-0000-000000000406', 'd0000000-0000-0000-0000-000000000014', '너무 귀여워요 ㅋㅋ 사진 보고 싶어요!', now() + interval '179 days 7 hours'),
  ('c0000000-0000-0000-0000-000000000492', 'a0000000-0000-0000-0000-000000000163', 'd0000000-0000-0000-0000-000000000072', '남편 분 진짜 멋지시네요 👍', now() - interval '32 days 14 hours'),
  ('c0000000-0000-0000-0000-000000000493', 'a0000000-0000-0000-0000-000000000376', 'd0000000-0000-0000-0000-000000000025', '우리 아기도 그랬어요 ㅎㅎ 금방 나아질 거예요', now() - interval '67 days 12 hours'),
  ('c0000000-0000-0000-0000-000000000494', 'a0000000-0000-0000-0000-000000000184', 'd0000000-0000-0000-0000-000000000093', '너무 귀여워요 ㅋㅋ 사진 보고 싶어요!', now() + interval '115 days 1 hours'),
  ('c0000000-0000-0000-0000-000000000495', 'a0000000-0000-0000-0000-000000000249', 'd0000000-0000-0000-0000-000000000091', '시간 참 빠르죠... 벌써 그렇게 됐다니!', now() - interval '28 days 9 hours'),
  ('c0000000-0000-0000-0000-000000000496', 'a0000000-0000-0000-0000-000000000278', 'd0000000-0000-0000-0000-000000000090', '감동이에요 ㅠㅠ 눈물 나네요...', now() - interval '160 days 18 hours'),
  ('c0000000-0000-0000-0000-000000000497', 'a0000000-0000-0000-0000-000000000096', 'd0000000-0000-0000-0000-000000000070', '혼자가 아니에요! 다 함께 육아해요 💪', now() + interval '15 days 23 hours'),
  ('c0000000-0000-0000-0000-000000000498', 'a0000000-0000-0000-0000-000000000240', 'd0000000-0000-0000-0000-000000000036', '추천 감사해요! 이번 주말에 가볼게요 🏃‍♀️', now() + interval '101 days 5 hours'),
  ('c0000000-0000-0000-0000-000000000499', 'a0000000-0000-0000-0000-000000000036', 'd0000000-0000-0000-0000-000000000068', '공감 100%! 우리도 같은 상황이에요', now() + interval '55 days 9 hours'),
  ('c0000000-0000-0000-0000-000000000500', 'a0000000-0000-0000-0000-000000000420', 'd0000000-0000-0000-0000-000000000034', '아기가 건강한 게 제일이에요 💕', now() + interval '72 days 14 hours')
ON CONFLICT (id) DO NOTHING;

INSERT INTO comments (id, post_id, user_id, content, created_at) VALUES
  ('c0000000-0000-0000-0000-000000000501', 'a0000000-0000-0000-0000-000000000001', 'd0000000-0000-0000-0000-000000000100', '저는 8개월 때 했는데 괜찮았어요!', now() - interval '66 days 12 hours'),
  ('c0000000-0000-0000-0000-000000000502', 'a0000000-0000-0000-0000-000000000376', 'd0000000-0000-0000-0000-000000000024', '우리 아기도 그랬어요 ㅎㅎ 금방 나아질 거예요', now() - interval '67 days 11 hours'),
  ('c0000000-0000-0000-0000-000000000503', 'a0000000-0000-0000-0000-000000000398', 'd0000000-0000-0000-0000-000000000080', '응원합니다! 좋은 소식 기다릴게요 🍀', now() + interval '163 days 23 hours'),
  ('c0000000-0000-0000-0000-000000000504', 'a0000000-0000-0000-0000-000000000033', 'd0000000-0000-0000-0000-000000000085', '아기가 건강한 게 제일이에요 💕', now() + interval '69 days 6 hours'),
  ('c0000000-0000-0000-0000-000000000505', 'a0000000-0000-0000-0000-000000000269', 'd0000000-0000-0000-0000-000000000088', '감동이에요 ㅠㅠ 눈물 나네요...', now() + interval '36 days 4 hours'),
  ('c0000000-0000-0000-0000-000000000506', 'a0000000-0000-0000-0000-000000000314', 'd0000000-0000-0000-0000-000000000037', '정보 공유 감사해요! 가보고 싶어요~', now() + interval '118 days 20 hours'),
  ('c0000000-0000-0000-0000-000000000507', 'a0000000-0000-0000-0000-000000000165', 'd0000000-0000-0000-0000-000000000015', '힘내세요! 이 시간도 금방 지나가요', now() + interval '14 days 21 hours'),
  ('c0000000-0000-0000-0000-000000000508', 'a0000000-0000-0000-0000-000000000035', 'd0000000-0000-0000-0000-000000000006', '너무 귀여워요 ㅋㅋ 사진 보고 싶어요!', now() + interval '38 days 1 hours'),
  ('c0000000-0000-0000-0000-000000000509', 'a0000000-0000-0000-0000-000000000104', 'd0000000-0000-0000-0000-000000000014', '감동이에요 ㅠㅠ 눈물 나네요...', now() + interval '37 days 3 hours'),
  ('c0000000-0000-0000-0000-000000000510', 'a0000000-0000-0000-0000-000000000017', 'd0000000-0000-0000-0000-000000000074', '남편 분 진짜 멋지시네요 👍', now() + interval '62 days 21 hours'),
  ('c0000000-0000-0000-0000-000000000511', 'a0000000-0000-0000-0000-000000000251', 'd0000000-0000-0000-0000-000000000068', '힘들 때 여기서 위로받아요. 맘들 감사해요 💛', now() + interval '76 days 18 hours'),
  ('c0000000-0000-0000-0000-000000000512', 'a0000000-0000-0000-0000-000000000132', 'd0000000-0000-0000-0000-000000000007', '너무 웃겨요 ㅋㅋㅋ 우리 집도 비슷해요', now() + interval '178 days 19 hours'),
  ('c0000000-0000-0000-0000-000000000513', 'a0000000-0000-0000-0000-000000000368', 'd0000000-0000-0000-0000-000000000010', '저도요~ 완전 공감이에요!', now() - interval '84 days 20 hours'),
  ('c0000000-0000-0000-0000-000000000514', 'a0000000-0000-0000-0000-000000000252', 'd0000000-0000-0000-0000-000000000011', '꿀팁 감사해요! 바로 해볼게요!', now() + interval '116 days 1 hours'),
  ('c0000000-0000-0000-0000-000000000515', 'a0000000-0000-0000-0000-000000000185', 'd0000000-0000-0000-0000-000000000072', '아기가 건강하게 자라고 있는 거예요. 걱정 마세요!', now() - interval '28 days 11 hours'),
  ('c0000000-0000-0000-0000-000000000516', 'a0000000-0000-0000-0000-000000000407', 'd0000000-0000-0000-0000-000000000091', '아 너무 부러워요 ㅠㅠ 축하드려요!', now() - interval '114 days 8 hours'),
  ('c0000000-0000-0000-0000-000000000517', 'a0000000-0000-0000-0000-000000000271', 'd0000000-0000-0000-0000-000000000006', '이 글 보고 용기 얻었어요! 감사해요~', now() + interval '108 days 9 hours'),
  ('c0000000-0000-0000-0000-000000000518', 'a0000000-0000-0000-0000-000000000040', 'd0000000-0000-0000-0000-000000000028', '개인차가 크대요! 걱정 마세요~', now() + interval '121 days 3 hours'),
  ('c0000000-0000-0000-0000-000000000519', 'a0000000-0000-0000-0000-000000000372', 'd0000000-0000-0000-0000-000000000030', '아기가 건강한 게 제일이에요 💕', now() + interval '71 days 6 hours'),
  ('c0000000-0000-0000-0000-000000000520', 'a0000000-0000-0000-0000-000000000099', 'd0000000-0000-0000-0000-000000000068', '우리 아기도 그 시기에 폭풍 성장했어요!', now() + interval '26 days 18 hours'),
  ('c0000000-0000-0000-0000-000000000521', 'a0000000-0000-0000-0000-000000000321', 'd0000000-0000-0000-0000-000000000023', '그 표정 상상되네요 ㅋㅋ 너무 귀여워!', now() + interval '151 days 17 hours'),
  ('c0000000-0000-0000-0000-000000000522', 'a0000000-0000-0000-0000-000000000213', 'd0000000-0000-0000-0000-000000000096', '힘내세요! 이 시간도 금방 지나가요', now() - interval '24 days 18 hours'),
  ('c0000000-0000-0000-0000-000000000523', 'a0000000-0000-0000-0000-000000000184', 'd0000000-0000-0000-0000-000000000087', '꿀팁 감사해요! 바로 해볼게요!', now() + interval '116 days 21 hours'),
  ('c0000000-0000-0000-0000-000000000524', 'a0000000-0000-0000-0000-000000000219', 'd0000000-0000-0000-0000-000000000014', '좋은 정보 감사합니다! 참고할게요 😊', now() + interval '52 days 17 hours'),
  ('c0000000-0000-0000-0000-000000000525', 'a0000000-0000-0000-0000-000000000206', 'd0000000-0000-0000-0000-000000000065', '저도 추천해요! 정말 좋았어요 ✨', now() - interval '71 days 5 hours'),
  ('c0000000-0000-0000-0000-000000000526', 'a0000000-0000-0000-0000-000000000274', 'd0000000-0000-0000-0000-000000000077', '시간 참 빠르죠... 벌써 그렇게 됐다니!', now() - interval '12 days 10 hours'),
  ('c0000000-0000-0000-0000-000000000527', 'a0000000-0000-0000-0000-000000000282', 'd0000000-0000-0000-0000-000000000042', '너무 웃겨요 ㅋㅋㅋ 우리 집도 비슷해요', now() - interval '157 days 20 hours'),
  ('c0000000-0000-0000-0000-000000000528', 'a0000000-0000-0000-0000-000000000221', 'd0000000-0000-0000-0000-000000000093', '정보 공유 감사해요! 가보고 싶어요~', now() - interval '130 days 7 hours'),
  ('c0000000-0000-0000-0000-000000000529', 'a0000000-0000-0000-0000-000000000289', 'd0000000-0000-0000-0000-000000000070', '이 시기가 힘들지만 빨리 지나가요. 파이팅!', now() + interval '158 days 17 hours'),
  ('c0000000-0000-0000-0000-000000000530', 'a0000000-0000-0000-0000-000000000475', 'd0000000-0000-0000-0000-000000000096', '우리 애도 그 시기에 그랬어요! 걱정 마세요~', now() - interval '178 days 14 hours'),
  ('c0000000-0000-0000-0000-000000000531', 'a0000000-0000-0000-0000-000000000230', 'd0000000-0000-0000-0000-000000000051', '저도요~ 완전 공감이에요!', now() + interval '173 days 1 hours'),
  ('c0000000-0000-0000-0000-000000000532', 'a0000000-0000-0000-0000-000000000146', 'd0000000-0000-0000-0000-000000000077', '우리 아기도 그랬어요 ㅎㅎ 금방 나아질 거예요', now() + interval '78 days 4 hours'),
  ('c0000000-0000-0000-0000-000000000533', 'a0000000-0000-0000-0000-000000000456', 'd0000000-0000-0000-0000-000000000039', '저도요~ 완전 공감이에요!', now() - interval '65 days 7 hours'),
  ('c0000000-0000-0000-0000-000000000534', 'a0000000-0000-0000-0000-000000000110', 'd0000000-0000-0000-0000-000000000041', '우리 아기도 그랬어요 ㅎㅎ 금방 나아질 거예요', now() + interval '128 days 8 hours'),
  ('c0000000-0000-0000-0000-000000000535', 'a0000000-0000-0000-0000-000000000471', 'd0000000-0000-0000-0000-000000000071', '우리 애한테도 해봐야겠어요 ㅎㅎ', now() - interval '79 days 18 hours'),
  ('c0000000-0000-0000-0000-000000000536', 'a0000000-0000-0000-0000-000000000475', 'd0000000-0000-0000-0000-000000000074', '공감 100%! 우리도 같은 상황이에요', now() - interval '179 days 1 hours'),
  ('c0000000-0000-0000-0000-000000000537', 'a0000000-0000-0000-0000-000000000236', 'd0000000-0000-0000-0000-000000000046', '공감 100%! 우리도 같은 상황이에요', now() + interval '118 days 8 hours'),
  ('c0000000-0000-0000-0000-000000000538', 'a0000000-0000-0000-0000-000000000188', 'd0000000-0000-0000-0000-000000000075', '응원합니다! 좋은 소식 기다릴게요 🍀', now() + interval '45 days 8 hours'),
  ('c0000000-0000-0000-0000-000000000539', 'a0000000-0000-0000-0000-000000000416', 'd0000000-0000-0000-0000-000000000039', '저도 지금 수유 중이에요! 새벽 동지 반가워요 🌙', now() + interval '159 days 12 hours'),
  ('c0000000-0000-0000-0000-000000000540', 'a0000000-0000-0000-0000-000000000292', 'd0000000-0000-0000-0000-000000000028', '이 글 보고 용기 얻었어요! 감사해요~', now() + interval '178 days 23 hours'),
  ('c0000000-0000-0000-0000-000000000541', 'a0000000-0000-0000-0000-000000000167', 'd0000000-0000-0000-0000-000000000062', '저도 같은 고민이었는데 도움이 됐어요', now() - interval '20 days 22 hours'),
  ('c0000000-0000-0000-0000-000000000542', 'a0000000-0000-0000-0000-000000000360', 'd0000000-0000-0000-0000-000000000074', '힘내세요! 이 시간도 금방 지나가요', now() - interval '1 days 20 hours'),
  ('c0000000-0000-0000-0000-000000000543', 'a0000000-0000-0000-0000-000000000154', 'd0000000-0000-0000-0000-000000000005', '이 글 보고 용기 얻었어요! 감사해요~', now() + interval '42 days 12 hours'),
  ('c0000000-0000-0000-0000-000000000544', 'a0000000-0000-0000-0000-000000000041', 'd0000000-0000-0000-0000-000000000100', '아 너무 부러워요 ㅠㅠ 축하드려요!', now() - interval '168 days 11 hours'),
  ('c0000000-0000-0000-0000-000000000545', 'a0000000-0000-0000-0000-000000000451', 'd0000000-0000-0000-0000-000000000056', '좋은 아빠 맞아요! 부럽습니다 ㅋㅋ', now() - interval '169 days 7 hours'),
  ('c0000000-0000-0000-0000-000000000546', 'a0000000-0000-0000-0000-000000000383', 'd0000000-0000-0000-0000-000000000084', '추천 감사해요! 이번 주말에 가볼게요 🏃‍♀️', now() - interval '145 days 20 hours'),
  ('c0000000-0000-0000-0000-000000000547', 'a0000000-0000-0000-0000-000000000399', 'd0000000-0000-0000-0000-000000000081', '사랑스럽네요~ 잘 크고 있네요!', now() + interval '51 days 9 hours'),
  ('c0000000-0000-0000-0000-000000000548', 'a0000000-0000-0000-0000-000000000269', 'd0000000-0000-0000-0000-000000000006', '정보 공유 감사해요! 가보고 싶어요~', now() + interval '36 days 18 hours'),
  ('c0000000-0000-0000-0000-000000000549', 'a0000000-0000-0000-0000-000000000077', 'd0000000-0000-0000-0000-000000000042', '우리 애한테도 해봐야겠어요 ㅎㅎ', now() - interval '177 days 7 hours'),
  ('c0000000-0000-0000-0000-000000000550', 'a0000000-0000-0000-0000-000000000079', 'd0000000-0000-0000-0000-000000000007', '소아과 선생님한테 물어보시는 게 제일 정확해요~', now() - interval '106 days 12 hours')
ON CONFLICT (id) DO NOTHING;

INSERT INTO comments (id, post_id, user_id, content, created_at) VALUES
  ('c0000000-0000-0000-0000-000000000551', 'a0000000-0000-0000-0000-000000000498', 'd0000000-0000-0000-0000-000000000058', '엄마 본능이 제일 정확해요! 믿으세요 💪', now() + interval '98 days 18 hours'),
  ('c0000000-0000-0000-0000-000000000552', 'a0000000-0000-0000-0000-000000000259', 'd0000000-0000-0000-0000-000000000012', '너무 공감... 저도 매일 그래요 ㅋㅋ', now() + interval '48 days 9 hours'),
  ('c0000000-0000-0000-0000-000000000553', 'a0000000-0000-0000-0000-000000000403', 'd0000000-0000-0000-0000-000000000051', '공감 100%! 우리도 같은 상황이에요', now() + interval '173 days 10 hours'),
  ('c0000000-0000-0000-0000-000000000554', 'a0000000-0000-0000-0000-000000000043', 'd0000000-0000-0000-0000-000000000061', '같은 동네 맘이시네요! 반가워요~', now() - interval '6 days 1 hours'),
  ('c0000000-0000-0000-0000-000000000555', 'a0000000-0000-0000-0000-000000000281', 'd0000000-0000-0000-0000-000000000052', '우리 애도 그 시기에 그랬어요! 걱정 마세요~', now() + interval '39 days 12 hours'),
  ('c0000000-0000-0000-0000-000000000556', 'a0000000-0000-0000-0000-000000000257', 'd0000000-0000-0000-0000-000000000056', '그 시기 지나면 또 다른 고민이 생기더라구요 ㅋㅋ', now() + interval '107 days 4 hours'),
  ('c0000000-0000-0000-0000-000000000557', 'a0000000-0000-0000-0000-000000000391', 'd0000000-0000-0000-0000-000000000018', '저도 같은 제품 쓰는데 좋아요~', now() - interval '131 days 6 hours'),
  ('c0000000-0000-0000-0000-000000000558', 'a0000000-0000-0000-0000-000000000250', 'd0000000-0000-0000-0000-000000000051', '남편 분 진짜 멋지시네요 👍', now() + interval '33 days 6 hours'),
  ('c0000000-0000-0000-0000-000000000559', 'a0000000-0000-0000-0000-000000000288', 'd0000000-0000-0000-0000-000000000079', '아기가 건강하게 자라고 있는 거예요. 걱정 마세요!', now() - interval '79 days 7 hours'),
  ('c0000000-0000-0000-0000-000000000560', 'a0000000-0000-0000-0000-000000000125', 'd0000000-0000-0000-0000-000000000010', '영상 남겨두세요! 소중한 추억이에요 📹', now() + interval '99 days 10 hours'),
  ('c0000000-0000-0000-0000-000000000561', 'a0000000-0000-0000-0000-000000000351', 'd0000000-0000-0000-0000-000000000074', '저도 지금 수유 중이에요! 새벽 동지 반가워요 🌙', now() + interval '20 days 21 hours'),
  ('c0000000-0000-0000-0000-000000000562', 'a0000000-0000-0000-0000-000000000212', 'd0000000-0000-0000-0000-000000000055', '너무 웃겨요 ㅋㅋㅋ 우리 집도 비슷해요', now() + interval '89 days 6 hours'),
  ('c0000000-0000-0000-0000-000000000563', 'a0000000-0000-0000-0000-000000000165', 'd0000000-0000-0000-0000-000000000045', '추천 감사해요! 이번 주말에 가볼게요 🏃‍♀️', now() + interval '14 days 0 hours'),
  ('c0000000-0000-0000-0000-000000000564', 'a0000000-0000-0000-0000-000000000395', 'd0000000-0000-0000-0000-000000000040', '좋은 정보 감사합니다! 참고할게요 😊', now() + interval '117 days 19 hours'),
  ('c0000000-0000-0000-0000-000000000565', 'a0000000-0000-0000-0000-000000000421', 'd0000000-0000-0000-0000-000000000057', '힘들 때 여기서 위로받아요. 맘들 감사해요 💛', now() - interval '83 days 14 hours'),
  ('c0000000-0000-0000-0000-000000000566', 'a0000000-0000-0000-0000-000000000023', 'd0000000-0000-0000-0000-000000000030', '축하해요!! 우리 아기도 빨리 그랬으면 ㅋㅋ', now() - interval '151 days 11 hours'),
  ('c0000000-0000-0000-0000-000000000567', 'a0000000-0000-0000-0000-000000000080', 'd0000000-0000-0000-0000-000000000097', '이 글 보고 용기 얻었어요! 감사해요~', now() + interval '118 days 3 hours'),
  ('c0000000-0000-0000-0000-000000000568', 'a0000000-0000-0000-0000-000000000379', 'd0000000-0000-0000-0000-000000000007', '응원합니다! 좋은 소식 기다릴게요 🍀', now() + interval '88 days 4 hours'),
  ('c0000000-0000-0000-0000-000000000569', 'a0000000-0000-0000-0000-000000000445', 'd0000000-0000-0000-0000-000000000037', '저도요~ 완전 공감이에요!', now() + interval '20 days 22 hours'),
  ('c0000000-0000-0000-0000-000000000570', 'a0000000-0000-0000-0000-000000000412', 'd0000000-0000-0000-0000-000000000015', '엄마 마음 이해해요 ㅠ 같이 힘내요!', now() + interval '95 days 15 hours'),
  ('c0000000-0000-0000-0000-000000000571', 'a0000000-0000-0000-0000-000000000012', 'd0000000-0000-0000-0000-000000000043', '이 시기가 힘들지만 빨리 지나가요. 파이팅!', now() + interval '65 days 17 hours'),
  ('c0000000-0000-0000-0000-000000000572', 'a0000000-0000-0000-0000-000000000109', 'd0000000-0000-0000-0000-000000000027', '아기가 건강한 게 제일이에요 💕', now() + interval '169 days 8 hours'),
  ('c0000000-0000-0000-0000-000000000573', 'a0000000-0000-0000-0000-000000000281', 'd0000000-0000-0000-0000-000000000062', '힘들 때 여기서 위로받아요. 맘들 감사해요 💛', now() + interval '41 days 4 hours'),
  ('c0000000-0000-0000-0000-000000000574', 'a0000000-0000-0000-0000-000000000356', 'd0000000-0000-0000-0000-000000000090', '우리 아기도 그 시기에 폭풍 성장했어요!', now() + interval '46 days 12 hours'),
  ('c0000000-0000-0000-0000-000000000575', 'a0000000-0000-0000-0000-000000000299', 'd0000000-0000-0000-0000-000000000085', '개인차가 크대요! 걱정 마세요~', now() + interval '14 days 8 hours'),
  ('c0000000-0000-0000-0000-000000000576', 'a0000000-0000-0000-0000-000000000088', 'd0000000-0000-0000-0000-000000000008', '대견하다! 우리 아기도 빨리 했으면 ㅎㅎ', now() + interval '89 days 22 hours'),
  ('c0000000-0000-0000-0000-000000000577', 'a0000000-0000-0000-0000-000000000317', 'd0000000-0000-0000-0000-000000000035', '아 너무 부러워요 ㅠㅠ 축하드려요!', now() + interval '53 days 20 hours'),
  ('c0000000-0000-0000-0000-000000000578', 'a0000000-0000-0000-0000-000000000484', 'd0000000-0000-0000-0000-000000000002', '그 순간 정말 잊을 수 없죠! 📱', now() + interval '40 days 21 hours'),
  ('c0000000-0000-0000-0000-000000000579', 'a0000000-0000-0000-0000-000000000139', 'd0000000-0000-0000-0000-000000000085', '우리 아기도 그 시기에 폭풍 성장했어요!', now() - interval '179 days 3 hours'),
  ('c0000000-0000-0000-0000-000000000580', 'a0000000-0000-0000-0000-000000000010', 'd0000000-0000-0000-0000-000000000038', '남편 분 진짜 멋지시네요 👍', now() - interval '17 days 7 hours'),
  ('c0000000-0000-0000-0000-000000000581', 'a0000000-0000-0000-0000-000000000195', 'd0000000-0000-0000-0000-000000000066', '저도 같은 고민이에요. 함께 이겨내요 🤝', now() - interval '131 days 10 hours'),
  ('c0000000-0000-0000-0000-000000000582', 'a0000000-0000-0000-0000-000000000249', 'd0000000-0000-0000-0000-000000000077', '아기가 건강한 게 제일이에요 💕', now() - interval '30 days 5 hours'),
  ('c0000000-0000-0000-0000-000000000583', 'a0000000-0000-0000-0000-000000000102', 'd0000000-0000-0000-0000-000000000065', '꿀팁 감사해요! 바로 해볼게요!', now() + interval '119 days 22 hours'),
  ('c0000000-0000-0000-0000-000000000584', 'a0000000-0000-0000-0000-000000000012', 'd0000000-0000-0000-0000-000000000006', '응원합니다! 좋은 소식 기다릴게요 🍀', now() + interval '65 days 9 hours'),
  ('c0000000-0000-0000-0000-000000000585', 'a0000000-0000-0000-0000-000000000171', 'd0000000-0000-0000-0000-000000000063', '비슷한 월령인데 반가워요! 친해져요~', now() + interval '105 days 5 hours'),
  ('c0000000-0000-0000-0000-000000000586', 'a0000000-0000-0000-0000-000000000010', 'd0000000-0000-0000-0000-000000000045', '소아과 선생님한테 물어보시는 게 제일 정확해요~', now() - interval '17 days 11 hours'),
  ('c0000000-0000-0000-0000-000000000587', 'a0000000-0000-0000-0000-000000000321', 'd0000000-0000-0000-0000-000000000039', '응원합니다! 좋은 소식 기다릴게요 🍀', now() + interval '151 days 8 hours'),
  ('c0000000-0000-0000-0000-000000000588', 'a0000000-0000-0000-0000-000000000416', 'd0000000-0000-0000-0000-000000000008', '저는 8개월 때 했는데 괜찮았어요!', now() + interval '158 days 12 hours'),
  ('c0000000-0000-0000-0000-000000000589', 'a0000000-0000-0000-0000-000000000456', 'd0000000-0000-0000-0000-000000000004', '그 표정 상상되네요 ㅋㅋ 너무 귀여워!', now() - interval '65 days 7 hours'),
  ('c0000000-0000-0000-0000-000000000590', 'a0000000-0000-0000-0000-000000000078', 'd0000000-0000-0000-0000-000000000044', '비슷한 월령인데 반가워요! 친해져요~', now() + interval '91 days 4 hours'),
  ('c0000000-0000-0000-0000-000000000591', 'a0000000-0000-0000-0000-000000000045', 'd0000000-0000-0000-0000-000000000094', '사랑스럽네요~ 잘 크고 있네요!', now() + interval '32 days 21 hours'),
  ('c0000000-0000-0000-0000-000000000592', 'a0000000-0000-0000-0000-000000000314', 'd0000000-0000-0000-0000-000000000081', '소아과 선생님한테 물어보시는 게 제일 정확해요~', now() + interval '117 days 13 hours'),
  ('c0000000-0000-0000-0000-000000000593', 'a0000000-0000-0000-0000-000000000124', 'd0000000-0000-0000-0000-000000000074', '공감 100%! 우리도 같은 상황이에요', now() + interval '61 days 9 hours'),
  ('c0000000-0000-0000-0000-000000000594', 'a0000000-0000-0000-0000-000000000466', 'd0000000-0000-0000-0000-000000000078', '저도 추천해요! 정말 좋았어요 ✨', now() - interval '168 days 17 hours'),
  ('c0000000-0000-0000-0000-000000000595', 'a0000000-0000-0000-0000-000000000068', 'd0000000-0000-0000-0000-000000000027', '남편 분 진짜 멋지시네요 👍', now() + interval '101 days 18 hours'),
  ('c0000000-0000-0000-0000-000000000596', 'a0000000-0000-0000-0000-000000000278', 'd0000000-0000-0000-0000-000000000088', '축하해요!! 우리 아기도 빨리 그랬으면 ㅋㅋ', now() - interval '160 days 9 hours'),
  ('c0000000-0000-0000-0000-000000000597', 'a0000000-0000-0000-0000-000000000353', 'd0000000-0000-0000-0000-000000000091', '개인차가 크대요! 걱정 마세요~', now() + interval '96 days 13 hours'),
  ('c0000000-0000-0000-0000-000000000598', 'a0000000-0000-0000-0000-000000000466', 'd0000000-0000-0000-0000-000000000099', '공감 100%! 우리도 같은 상황이에요', now() - interval '167 days 18 hours'),
  ('c0000000-0000-0000-0000-000000000599', 'a0000000-0000-0000-0000-000000000470', 'd0000000-0000-0000-0000-000000000021', '정보 공유 감사해요! 가보고 싶어요~', now() - interval '146 days 17 hours'),
  ('c0000000-0000-0000-0000-000000000600', 'a0000000-0000-0000-0000-000000000273', 'd0000000-0000-0000-0000-000000000093', '정보 감사해요! 저도 해볼게요~', now() + interval '24 days 10 hours')
ON CONFLICT (id) DO NOTHING;

INSERT INTO comments (id, post_id, user_id, content, created_at) VALUES
  ('c0000000-0000-0000-0000-000000000601', 'a0000000-0000-0000-0000-000000000430', 'd0000000-0000-0000-0000-000000000019', '이 글 보고 용기 얻었어요! 감사해요~', now() - interval '93 days 10 hours'),
  ('c0000000-0000-0000-0000-000000000602', 'a0000000-0000-0000-0000-000000000451', 'd0000000-0000-0000-0000-000000000053', '좋은 아빠 맞아요! 부럽습니다 ㅋㅋ', now() - interval '168 days 14 hours'),
  ('c0000000-0000-0000-0000-000000000603', 'a0000000-0000-0000-0000-000000000382', 'd0000000-0000-0000-0000-000000000082', '아기가 건강하게 자라고 있는 거예요. 걱정 마세요!', now() + interval '64 days 4 hours'),
  ('c0000000-0000-0000-0000-000000000604', 'a0000000-0000-0000-0000-000000000399', 'd0000000-0000-0000-0000-000000000025', '힘내세요! 이 시간도 금방 지나가요', now() + interval '51 days 5 hours'),
  ('c0000000-0000-0000-0000-000000000605', 'a0000000-0000-0000-0000-000000000014', 'd0000000-0000-0000-0000-000000000098', '힘들 때 여기서 위로받아요. 맘들 감사해요 💛', now() - interval '102 days 8 hours'),
  ('c0000000-0000-0000-0000-000000000606', 'a0000000-0000-0000-0000-000000000311', 'd0000000-0000-0000-0000-000000000073', '힘들 때 여기서 위로받아요. 맘들 감사해요 💛', now() + interval '78 days 19 hours'),
  ('c0000000-0000-0000-0000-000000000607', 'a0000000-0000-0000-0000-000000000119', 'd0000000-0000-0000-0000-000000000030', '소아과 선생님한테 물어보시는 게 제일 정확해요~', now() + interval '63 days 11 hours'),
  ('c0000000-0000-0000-0000-000000000608', 'a0000000-0000-0000-0000-000000000041', 'd0000000-0000-0000-0000-000000000089', '그 시기 지나면 또 다른 고민이 생기더라구요 ㅋㅋ', now() - interval '168 days 4 hours'),
  ('c0000000-0000-0000-0000-000000000609', 'a0000000-0000-0000-0000-000000000258', 'd0000000-0000-0000-0000-000000000078', '저도 같은 제품 쓰는데 좋아요~', now() + interval '177 days 20 hours'),
  ('c0000000-0000-0000-0000-000000000610', 'a0000000-0000-0000-0000-000000000192', 'd0000000-0000-0000-0000-000000000024', '사랑스럽네요~ 잘 크고 있네요!', now() + interval '160 days 15 hours'),
  ('c0000000-0000-0000-0000-000000000611', 'a0000000-0000-0000-0000-000000000071', 'd0000000-0000-0000-0000-000000000021', '축하해요!! 우리 아기도 빨리 그랬으면 ㅋㅋ', now() + interval '121 days 1 hours'),
  ('c0000000-0000-0000-0000-000000000612', 'a0000000-0000-0000-0000-000000000210', 'd0000000-0000-0000-0000-000000000098', '저도요~ 완전 공감이에요!', now() - interval '96 days 13 hours'),
  ('c0000000-0000-0000-0000-000000000613', 'a0000000-0000-0000-0000-000000000114', 'd0000000-0000-0000-0000-000000000096', '우리 아기도 그 시기에 폭풍 성장했어요!', now() + interval '49 days 6 hours'),
  ('c0000000-0000-0000-0000-000000000614', 'a0000000-0000-0000-0000-000000000034', 'd0000000-0000-0000-0000-000000000023', '시간 참 빠르죠... 벌써 그렇게 됐다니!', now() + interval '31 days 15 hours'),
  ('c0000000-0000-0000-0000-000000000615', 'a0000000-0000-0000-0000-000000000353', 'd0000000-0000-0000-0000-000000000042', '꿀팁 감사해요! 바로 해볼게요!', now() + interval '96 days 13 hours'),
  ('c0000000-0000-0000-0000-000000000616', 'a0000000-0000-0000-0000-000000000208', 'd0000000-0000-0000-0000-000000000100', '힘내세요 맘! 잘 하고 계신 거예요 💕', now() - interval '63 days 23 hours'),
  ('c0000000-0000-0000-0000-000000000617', 'a0000000-0000-0000-0000-000000000423', 'd0000000-0000-0000-0000-000000000049', '이 글 보고 용기 얻었어요! 감사해요~', now() + interval '73 days 12 hours'),
  ('c0000000-0000-0000-0000-000000000618', 'a0000000-0000-0000-0000-000000000314', 'd0000000-0000-0000-0000-000000000096', '같은 동네 맘이시네요! 반가워요~', now() + interval '119 days 17 hours'),
  ('c0000000-0000-0000-0000-000000000619', 'a0000000-0000-0000-0000-000000000269', 'd0000000-0000-0000-0000-000000000083', '저도 같은 고민이에요. 함께 이겨내요 🤝', now() + interval '34 days 16 hours'),
  ('c0000000-0000-0000-0000-000000000620', 'a0000000-0000-0000-0000-000000000056', 'd0000000-0000-0000-0000-000000000058', '꿀팁 감사해요! 바로 해볼게요!', now() + interval '28 days 7 hours'),
  ('c0000000-0000-0000-0000-000000000621', 'a0000000-0000-0000-0000-000000000266', 'd0000000-0000-0000-0000-000000000069', '비슷한 월령인데 반가워요! 친해져요~', now() + interval '167 days 1 hours'),
  ('c0000000-0000-0000-0000-000000000622', 'a0000000-0000-0000-0000-000000000286', 'd0000000-0000-0000-0000-000000000050', '개인차가 크대요! 걱정 마세요~', now() + interval '46 days 1 hours'),
  ('c0000000-0000-0000-0000-000000000623', 'a0000000-0000-0000-0000-000000000098', 'd0000000-0000-0000-0000-000000000038', '시간 참 빠르죠... 벌써 그렇게 됐다니!', now() - interval '113 days 9 hours'),
  ('c0000000-0000-0000-0000-000000000624', 'a0000000-0000-0000-0000-000000000397', 'd0000000-0000-0000-0000-000000000037', '꿀팁 감사해요! 바로 해볼게요!', now() + interval '142 days 13 hours'),
  ('c0000000-0000-0000-0000-000000000625', 'a0000000-0000-0000-0000-000000000151', 'd0000000-0000-0000-0000-000000000079', '아 너무 부러워요 ㅠㅠ 축하드려요!', now() + interval '59 days 16 hours'),
  ('c0000000-0000-0000-0000-000000000626', 'a0000000-0000-0000-0000-000000000463', 'd0000000-0000-0000-0000-000000000019', '꿀팁 감사해요! 바로 해볼게요!', now() + interval '65 days 14 hours'),
  ('c0000000-0000-0000-0000-000000000627', 'a0000000-0000-0000-0000-000000000047', 'd0000000-0000-0000-0000-000000000093', '우리 애한테도 해봐야겠어요 ㅎㅎ', now() + interval '160 days 5 hours'),
  ('c0000000-0000-0000-0000-000000000628', 'a0000000-0000-0000-0000-000000000399', 'd0000000-0000-0000-0000-000000000075', '사진 올려주세요! 보고 싶어요 ㅋㅋ', now() + interval '53 days 4 hours'),
  ('c0000000-0000-0000-0000-000000000629', 'a0000000-0000-0000-0000-000000000202', 'd0000000-0000-0000-0000-000000000053', '정보 공유 감사해요! 가보고 싶어요~', now() + interval '25 days 0 hours'),
  ('c0000000-0000-0000-0000-000000000630', 'a0000000-0000-0000-0000-000000000092', 'd0000000-0000-0000-0000-000000000059', '저희 아기도 6개월인데 같이 놀래요?', now() - interval '76 days 6 hours'),
  ('c0000000-0000-0000-0000-000000000631', 'a0000000-0000-0000-0000-000000000452', 'd0000000-0000-0000-0000-000000000059', '저도 지금 수유 중이에요! 새벽 동지 반가워요 🌙', now() - interval '88 days 10 hours'),
  ('c0000000-0000-0000-0000-000000000632', 'a0000000-0000-0000-0000-000000000355', 'd0000000-0000-0000-0000-000000000084', '저도 같은 고민이에요. 함께 이겨내요 🤝', now() + interval '138 days 22 hours'),
  ('c0000000-0000-0000-0000-000000000633', 'a0000000-0000-0000-0000-000000000376', 'd0000000-0000-0000-0000-000000000016', '저도 지금 수유 중이에요! 새벽 동지 반가워요 🌙', now() - interval '69 days 22 hours'),
  ('c0000000-0000-0000-0000-000000000634', 'a0000000-0000-0000-0000-000000000231', 'd0000000-0000-0000-0000-000000000082', '너무 웃겨요 ㅋㅋㅋ 우리 집도 비슷해요', now() + interval '130 days 16 hours'),
  ('c0000000-0000-0000-0000-000000000635', 'a0000000-0000-0000-0000-000000000363', 'd0000000-0000-0000-0000-000000000050', '이 글 보고 용기 얻었어요! 감사해요~', now() + interval '11 days 19 hours'),
  ('c0000000-0000-0000-0000-000000000636', 'a0000000-0000-0000-0000-000000000487', 'd0000000-0000-0000-0000-000000000021', '사랑스럽네요~ 잘 크고 있네요!', now() + interval '100 days 12 hours'),
  ('c0000000-0000-0000-0000-000000000637', 'a0000000-0000-0000-0000-000000000023', 'd0000000-0000-0000-0000-000000000099', '좋은 정보 감사합니다! 참고할게요 😊', now() - interval '152 days 18 hours'),
  ('c0000000-0000-0000-0000-000000000638', 'a0000000-0000-0000-0000-000000000447', 'd0000000-0000-0000-0000-000000000085', '공감 100%! 우리도 같은 상황이에요', now() + interval '103 days 4 hours'),
  ('c0000000-0000-0000-0000-000000000639', 'a0000000-0000-0000-0000-000000000092', 'd0000000-0000-0000-0000-000000000099', '저도 같은 고민이에요. 함께 이겨내요 🤝', now() - interval '78 days 13 hours'),
  ('c0000000-0000-0000-0000-000000000640', 'a0000000-0000-0000-0000-000000000158', 'd0000000-0000-0000-0000-000000000040', '이 글 보고 용기 얻었어요! 감사해요~', now() - interval '54 days 9 hours'),
  ('c0000000-0000-0000-0000-000000000641', 'a0000000-0000-0000-0000-000000000321', 'd0000000-0000-0000-0000-000000000024', '정보 감사해요! 저도 해볼게요~', now() + interval '149 days 6 hours'),
  ('c0000000-0000-0000-0000-000000000642', 'a0000000-0000-0000-0000-000000000002', 'd0000000-0000-0000-0000-000000000080', '엄마 본능이 제일 정확해요! 믿으세요 💪', now() + interval '78 days 0 hours'),
  ('c0000000-0000-0000-0000-000000000643', 'a0000000-0000-0000-0000-000000000235', 'd0000000-0000-0000-0000-000000000064', '감동이에요 ㅠㅠ 눈물 나네요...', now() + interval '181 days 0 hours'),
  ('c0000000-0000-0000-0000-000000000644', 'a0000000-0000-0000-0000-000000000312', 'd0000000-0000-0000-0000-000000000064', '응원합니다! 좋은 소식 기다릴게요 🍀', now() - interval '31 days 18 hours'),
  ('c0000000-0000-0000-0000-000000000645', 'a0000000-0000-0000-0000-000000000338', 'd0000000-0000-0000-0000-000000000061', '꿀팁 감사해요! 바로 해볼게요!', now() - interval '52 days 14 hours'),
  ('c0000000-0000-0000-0000-000000000646', 'a0000000-0000-0000-0000-000000000041', 'd0000000-0000-0000-0000-000000000077', '추천 감사해요! 이번 주말에 가볼게요 🏃‍♀️', now() - interval '169 days 7 hours'),
  ('c0000000-0000-0000-0000-000000000647', 'a0000000-0000-0000-0000-000000000452', 'd0000000-0000-0000-0000-000000000071', '영상 남겨두세요! 소중한 추억이에요 📹', now() - interval '87 days 20 hours'),
  ('c0000000-0000-0000-0000-000000000648', 'a0000000-0000-0000-0000-000000000286', 'd0000000-0000-0000-0000-000000000027', '아 너무 부러워요 ㅠㅠ 축하드려요!', now() + interval '44 days 4 hours'),
  ('c0000000-0000-0000-0000-000000000649', 'a0000000-0000-0000-0000-000000000029', 'd0000000-0000-0000-0000-000000000084', '혼자가 아니에요! 다 함께 육아해요 💪', now() + interval '27 days 4 hours'),
  ('c0000000-0000-0000-0000-000000000650', 'a0000000-0000-0000-0000-000000000438', 'd0000000-0000-0000-0000-000000000005', '우리 아기도 그 시기에 폭풍 성장했어요!', now() + interval '116 days 19 hours')
ON CONFLICT (id) DO NOTHING;

INSERT INTO comments (id, post_id, user_id, content, created_at) VALUES
  ('c0000000-0000-0000-0000-000000000651', 'a0000000-0000-0000-0000-000000000153', 'd0000000-0000-0000-0000-000000000043', '저도 지금 수유 중이에요! 새벽 동지 반가워요 🌙', now() - interval '138 days 3 hours'),
  ('c0000000-0000-0000-0000-000000000652', 'a0000000-0000-0000-0000-000000000214', 'd0000000-0000-0000-0000-000000000023', '좋은 정보 감사합니다! 참고할게요 😊', now() - interval '85 days 9 hours'),
  ('c0000000-0000-0000-0000-000000000653', 'a0000000-0000-0000-0000-000000000313', 'd0000000-0000-0000-0000-000000000085', '사진 올려주세요! 보고 싶어요 ㅋㅋ', now() + interval '166 days 19 hours'),
  ('c0000000-0000-0000-0000-000000000654', 'a0000000-0000-0000-0000-000000000294', 'd0000000-0000-0000-0000-000000000072', '저도 같은 고민이었는데 도움이 됐어요', now() - interval '89 days 23 hours'),
  ('c0000000-0000-0000-0000-000000000655', 'a0000000-0000-0000-0000-000000000297', 'd0000000-0000-0000-0000-000000000047', '힘내세요 맘! 잘 하고 계신 거예요 💕', now() - interval '138 days 9 hours'),
  ('c0000000-0000-0000-0000-000000000656', 'a0000000-0000-0000-0000-000000000166', 'd0000000-0000-0000-0000-000000000048', '사랑스럽네요~ 잘 크고 있네요!', now() - interval '123 days 13 hours'),
  ('c0000000-0000-0000-0000-000000000657', 'a0000000-0000-0000-0000-000000000432', 'd0000000-0000-0000-0000-000000000071', '그 순간 정말 잊을 수 없죠! 📱', now() + interval '26 days 15 hours'),
  ('c0000000-0000-0000-0000-000000000658', 'a0000000-0000-0000-0000-000000000069', 'd0000000-0000-0000-0000-000000000016', '사진 올려주세요! 보고 싶어요 ㅋㅋ', now() + interval '120 days 10 hours'),
  ('c0000000-0000-0000-0000-000000000659', 'a0000000-0000-0000-0000-000000000270', 'd0000000-0000-0000-0000-000000000053', '개인차가 크대요! 걱정 마세요~', now() - interval '116 days 22 hours'),
  ('c0000000-0000-0000-0000-000000000660', 'a0000000-0000-0000-0000-000000000108', 'd0000000-0000-0000-0000-000000000079', '아 너무 부러워요 ㅠㅠ 축하드려요!', now() + interval '6 days 18 hours'),
  ('c0000000-0000-0000-0000-000000000661', 'a0000000-0000-0000-0000-000000000374', 'd0000000-0000-0000-0000-000000000081', '개인차가 크대요! 걱정 마세요~', now() - interval '154 days 15 hours'),
  ('c0000000-0000-0000-0000-000000000662', 'a0000000-0000-0000-0000-000000000371', 'd0000000-0000-0000-0000-000000000089', '추천 감사해요! 이번 주말에 가볼게요 🏃‍♀️', now() - interval '98 days 9 hours'),
  ('c0000000-0000-0000-0000-000000000663', 'a0000000-0000-0000-0000-000000000219', 'd0000000-0000-0000-0000-000000000078', '정보 공유 감사해요! 가보고 싶어요~', now() + interval '53 days 16 hours'),
  ('c0000000-0000-0000-0000-000000000664', 'a0000000-0000-0000-0000-000000000295', 'd0000000-0000-0000-0000-000000000080', '혼자가 아니에요! 다 함께 육아해요 💪', now() - interval '102 days 19 hours'),
  ('c0000000-0000-0000-0000-000000000665', 'a0000000-0000-0000-0000-000000000289', 'd0000000-0000-0000-0000-000000000064', '개인차가 크대요! 걱정 마세요~', now() + interval '159 days 20 hours'),
  ('c0000000-0000-0000-0000-000000000666', 'a0000000-0000-0000-0000-000000000255', 'd0000000-0000-0000-0000-000000000064', '저도 같은 고민이었는데 도움이 됐어요', now() + interval '63 days 7 hours'),
  ('c0000000-0000-0000-0000-000000000667', 'a0000000-0000-0000-0000-000000000363', 'd0000000-0000-0000-0000-000000000038', '축하해요!! 우리 아기도 빨리 그랬으면 ㅋㅋ', now() + interval '9 days 3 hours'),
  ('c0000000-0000-0000-0000-000000000668', 'a0000000-0000-0000-0000-000000000013', 'd0000000-0000-0000-0000-000000000060', '저는 8개월 때 했는데 괜찮았어요!', now() - interval '106 days 23 hours'),
  ('c0000000-0000-0000-0000-000000000669', 'a0000000-0000-0000-0000-000000000435', 'd0000000-0000-0000-0000-000000000027', '힘들 때 여기서 위로받아요. 맘들 감사해요 💛', now() - interval '94 days 13 hours'),
  ('c0000000-0000-0000-0000-000000000670', 'a0000000-0000-0000-0000-000000000024', 'd0000000-0000-0000-0000-000000000043', '혼자가 아니에요! 다 함께 육아해요 💪', now() + interval '69 days 20 hours'),
  ('c0000000-0000-0000-0000-000000000671', 'a0000000-0000-0000-0000-000000000109', 'd0000000-0000-0000-0000-000000000002', '저는 8개월 때 했는데 괜찮았어요!', now() + interval '167 days 22 hours'),
  ('c0000000-0000-0000-0000-000000000672', 'a0000000-0000-0000-0000-000000000145', 'd0000000-0000-0000-0000-000000000033', '그 순간 정말 잊을 수 없죠! 📱', now() + interval '71 days 9 hours'),
  ('c0000000-0000-0000-0000-000000000673', 'a0000000-0000-0000-0000-000000000260', 'd0000000-0000-0000-0000-000000000071', '정보 공유 감사해요! 가보고 싶어요~', now() + interval '133 days 3 hours'),
  ('c0000000-0000-0000-0000-000000000674', 'a0000000-0000-0000-0000-000000000352', 'd0000000-0000-0000-0000-000000000043', '저도 추천해요! 정말 좋았어요 ✨', now() - interval '161 days 23 hours'),
  ('c0000000-0000-0000-0000-000000000675', 'a0000000-0000-0000-0000-000000000292', 'd0000000-0000-0000-0000-000000000079', '우리 아기도 그랬어요 ㅎㅎ 금방 나아질 거예요', now() + interval '178 days 6 hours'),
  ('c0000000-0000-0000-0000-000000000676', 'a0000000-0000-0000-0000-000000000170', 'd0000000-0000-0000-0000-000000000044', '소아과 선생님한테 물어보시는 게 제일 정확해요~', now() + interval '143 days 15 hours'),
  ('c0000000-0000-0000-0000-000000000677', 'a0000000-0000-0000-0000-000000000409', 'd0000000-0000-0000-0000-000000000005', '남편 분 진짜 멋지시네요 👍', now() + interval '114 days 15 hours'),
  ('c0000000-0000-0000-0000-000000000678', 'a0000000-0000-0000-0000-000000000080', 'd0000000-0000-0000-0000-000000000081', '꿀팁 감사해요! 바로 해볼게요!', now() + interval '120 days 10 hours'),
  ('c0000000-0000-0000-0000-000000000679', 'a0000000-0000-0000-0000-000000000237', 'd0000000-0000-0000-0000-000000000053', '아기가 건강하게 자라고 있는 거예요. 걱정 마세요!', now() + interval '81 days 16 hours'),
  ('c0000000-0000-0000-0000-000000000680', 'a0000000-0000-0000-0000-000000000154', 'd0000000-0000-0000-0000-000000000073', '이 글 보고 용기 얻었어요! 감사해요~', now() + interval '42 days 10 hours'),
  ('c0000000-0000-0000-0000-000000000681', 'a0000000-0000-0000-0000-000000000285', 'd0000000-0000-0000-0000-000000000069', '우리 아기도 그랬어요 ㅎㅎ 금방 나아질 거예요', now() + interval '68 days 18 hours'),
  ('c0000000-0000-0000-0000-000000000682', 'a0000000-0000-0000-0000-000000000351', 'd0000000-0000-0000-0000-000000000043', '혼자가 아니에요! 다 함께 육아해요 💪', now() + interval '20 days 4 hours'),
  ('c0000000-0000-0000-0000-000000000683', 'a0000000-0000-0000-0000-000000000144', 'd0000000-0000-0000-0000-000000000004', '저도 추천해요! 정말 좋았어요 ✨', now() - interval '33 days 20 hours'),
  ('c0000000-0000-0000-0000-000000000684', 'a0000000-0000-0000-0000-000000000274', 'd0000000-0000-0000-0000-000000000022', '같은 동네 맘이시네요! 반가워요~', now() - interval '11 days 12 hours'),
  ('c0000000-0000-0000-0000-000000000685', 'a0000000-0000-0000-0000-000000000096', 'd0000000-0000-0000-0000-000000000077', '정보 감사해요! 저도 해볼게요~', now() + interval '15 days 22 hours'),
  ('c0000000-0000-0000-0000-000000000686', 'a0000000-0000-0000-0000-000000000440', 'd0000000-0000-0000-0000-000000000041', '저도 같은 고민이에요. 함께 이겨내요 🤝', now() + interval '64 days 8 hours'),
  ('c0000000-0000-0000-0000-000000000687', 'a0000000-0000-0000-0000-000000000212', 'd0000000-0000-0000-0000-000000000012', '감동이에요 ㅠㅠ 눈물 나네요...', now() + interval '88 days 11 hours'),
  ('c0000000-0000-0000-0000-000000000688', 'a0000000-0000-0000-0000-000000000232', 'd0000000-0000-0000-0000-000000000039', '이 시기가 힘들지만 빨리 지나가요. 파이팅!', now() + interval '98 days 9 hours'),
  ('c0000000-0000-0000-0000-000000000689', 'a0000000-0000-0000-0000-000000000090', 'd0000000-0000-0000-0000-000000000015', '너무 웃겨요 ㅋㅋㅋ 우리 집도 비슷해요', now() + interval '177 days 6 hours'),
  ('c0000000-0000-0000-0000-000000000690', 'a0000000-0000-0000-0000-000000000468', 'd0000000-0000-0000-0000-000000000012', '시간 참 빠르죠... 벌써 그렇게 됐다니!', now() - interval '58 days 0 hours'),
  ('c0000000-0000-0000-0000-000000000691', 'a0000000-0000-0000-0000-000000000410', 'd0000000-0000-0000-0000-000000000062', '우리 애한테도 해봐야겠어요 ㅎㅎ', now() - interval '71 days 6 hours'),
  ('c0000000-0000-0000-0000-000000000692', 'a0000000-0000-0000-0000-000000000175', 'd0000000-0000-0000-0000-000000000062', '이 글 보고 용기 얻었어요! 감사해요~', now() + interval '111 days 9 hours'),
  ('c0000000-0000-0000-0000-000000000693', 'a0000000-0000-0000-0000-000000000398', 'd0000000-0000-0000-0000-000000000042', '공감 100%! 우리도 같은 상황이에요', now() + interval '162 days 16 hours'),
  ('c0000000-0000-0000-0000-000000000694', 'a0000000-0000-0000-0000-000000000347', 'd0000000-0000-0000-0000-000000000017', '이 시기가 힘들지만 빨리 지나가요. 파이팅!', now() + interval '152 days 1 hours'),
  ('c0000000-0000-0000-0000-000000000695', 'a0000000-0000-0000-0000-000000000236', 'd0000000-0000-0000-0000-000000000050', '저도 같은 고민이에요. 함께 이겨내요 🤝', now() + interval '120 days 3 hours'),
  ('c0000000-0000-0000-0000-000000000696', 'a0000000-0000-0000-0000-000000000003', 'd0000000-0000-0000-0000-000000000040', '힘내세요 맘! 잘 하고 계신 거예요 💕', now() + interval '138 days 19 hours'),
  ('c0000000-0000-0000-0000-000000000697', 'a0000000-0000-0000-0000-000000000447', 'd0000000-0000-0000-0000-000000000012', '저도 추천해요! 정말 좋았어요 ✨', now() + interval '104 days 1 hours'),
  ('c0000000-0000-0000-0000-000000000698', 'a0000000-0000-0000-0000-000000000053', 'd0000000-0000-0000-0000-000000000067', '그 시기 지나면 또 다른 고민이 생기더라구요 ㅋㅋ', now() + interval '60 days 23 hours'),
  ('c0000000-0000-0000-0000-000000000699', 'a0000000-0000-0000-0000-000000000160', 'd0000000-0000-0000-0000-000000000003', '같은 동네 맘이시네요! 반가워요~', now() - interval '55 days 20 hours'),
  ('c0000000-0000-0000-0000-000000000700', 'a0000000-0000-0000-0000-000000000457', 'd0000000-0000-0000-0000-000000000027', '정보 공유 감사해요! 가보고 싶어요~', now() - interval '4 days 6 hours')
ON CONFLICT (id) DO NOTHING;

INSERT INTO comments (id, post_id, user_id, content, created_at) VALUES
  ('c0000000-0000-0000-0000-000000000701', 'a0000000-0000-0000-0000-000000000147', 'd0000000-0000-0000-0000-000000000036', '아기가 건강한 게 제일이에요 💕', now() + interval '59 days 14 hours'),
  ('c0000000-0000-0000-0000-000000000702', 'a0000000-0000-0000-0000-000000000344', 'd0000000-0000-0000-0000-000000000016', '영상 남겨두세요! 소중한 추억이에요 📹', now() - interval '67 days 5 hours'),
  ('c0000000-0000-0000-0000-000000000703', 'a0000000-0000-0000-0000-000000000141', 'd0000000-0000-0000-0000-000000000015', '저도요~ 완전 공감이에요!', now() + interval '130 days 17 hours'),
  ('c0000000-0000-0000-0000-000000000704', 'a0000000-0000-0000-0000-000000000264', 'd0000000-0000-0000-0000-000000000014', '이 시기가 힘들지만 빨리 지나가요. 파이팅!', now() - interval '143 days 11 hours'),
  ('c0000000-0000-0000-0000-000000000705', 'a0000000-0000-0000-0000-000000000282', 'd0000000-0000-0000-0000-000000000041', '영상 남겨두세요! 소중한 추억이에요 📹', now() - interval '158 days 22 hours'),
  ('c0000000-0000-0000-0000-000000000706', 'a0000000-0000-0000-0000-000000000412', 'd0000000-0000-0000-0000-000000000037', '같은 동네 맘이시네요! 반가워요~', now() + interval '94 days 5 hours'),
  ('c0000000-0000-0000-0000-000000000707', 'a0000000-0000-0000-0000-000000000037', 'd0000000-0000-0000-0000-000000000040', '힘들 때 여기서 위로받아요. 맘들 감사해요 💛', now() + interval '106 days 17 hours'),
  ('c0000000-0000-0000-0000-000000000708', 'a0000000-0000-0000-0000-000000000228', 'd0000000-0000-0000-0000-000000000007', '너무 귀여워요 ㅋㅋ 사진 보고 싶어요!', now() + interval '29 days 15 hours'),
  ('c0000000-0000-0000-0000-000000000709', 'a0000000-0000-0000-0000-000000000463', 'd0000000-0000-0000-0000-000000000087', '아 너무 부러워요 ㅠㅠ 축하드려요!', now() + interval '63 days 12 hours'),
  ('c0000000-0000-0000-0000-000000000710', 'a0000000-0000-0000-0000-000000000028', 'd0000000-0000-0000-0000-000000000012', '저도 그 병원 다녔는데 추천해요!', now() + interval '158 days 5 hours'),
  ('c0000000-0000-0000-0000-000000000711', 'a0000000-0000-0000-0000-000000000361', 'd0000000-0000-0000-0000-000000000077', '저희 아기도 6개월인데 같이 놀래요?', now() + interval '147 days 22 hours'),
  ('c0000000-0000-0000-0000-000000000712', 'a0000000-0000-0000-0000-000000000359', 'd0000000-0000-0000-0000-000000000058', '힘들 때 여기서 위로받아요. 맘들 감사해요 💛', now() + interval '168 days 9 hours'),
  ('c0000000-0000-0000-0000-000000000713', 'a0000000-0000-0000-0000-000000000171', 'd0000000-0000-0000-0000-000000000026', '저도 같은 고민이에요. 함께 이겨내요 🤝', now() + interval '105 days 17 hours'),
  ('c0000000-0000-0000-0000-000000000714', 'a0000000-0000-0000-0000-000000000041', 'd0000000-0000-0000-0000-000000000097', '엄마 본능이 제일 정확해요! 믿으세요 💪', now() - interval '168 days 18 hours'),
  ('c0000000-0000-0000-0000-000000000715', 'a0000000-0000-0000-0000-000000000068', 'd0000000-0000-0000-0000-000000000012', '사진 올려주세요! 보고 싶어요 ㅋㅋ', now() + interval '102 days 3 hours'),
  ('c0000000-0000-0000-0000-000000000716', 'a0000000-0000-0000-0000-000000000234', 'd0000000-0000-0000-0000-000000000040', '소아과 선생님한테 물어보시는 게 제일 정확해요~', now() - interval '89 days 22 hours'),
  ('c0000000-0000-0000-0000-000000000717', 'a0000000-0000-0000-0000-000000000393', 'd0000000-0000-0000-0000-000000000060', '저도 같은 제품 쓰는데 좋아요~', now() - interval '22 days 7 hours'),
  ('c0000000-0000-0000-0000-000000000718', 'a0000000-0000-0000-0000-000000000074', 'd0000000-0000-0000-0000-000000000079', '우리 애도 그 시기에 그랬어요! 걱정 마세요~', now() + interval '57 days 12 hours'),
  ('c0000000-0000-0000-0000-000000000719', 'a0000000-0000-0000-0000-000000000094', 'd0000000-0000-0000-0000-000000000090', '우리 아기도 그 시기에 폭풍 성장했어요!', now() + interval '148 days 10 hours'),
  ('c0000000-0000-0000-0000-000000000720', 'a0000000-0000-0000-0000-000000000233', 'd0000000-0000-0000-0000-000000000063', '우리 아기도 그랬어요 ㅎㅎ 금방 나아질 거예요', now() - interval '169 days 15 hours'),
  ('c0000000-0000-0000-0000-000000000721', 'a0000000-0000-0000-0000-000000000058', 'd0000000-0000-0000-0000-000000000045', '저도 같은 제품 쓰는데 좋아요~', now() + interval '145 days 5 hours'),
  ('c0000000-0000-0000-0000-000000000722', 'a0000000-0000-0000-0000-000000000145', 'd0000000-0000-0000-0000-000000000099', '혼자가 아니에요! 다 함께 육아해요 💪', now() + interval '72 days 18 hours'),
  ('c0000000-0000-0000-0000-000000000723', 'a0000000-0000-0000-0000-000000000066', 'd0000000-0000-0000-0000-000000000066', '힘내세요! 이 시간도 금방 지나가요', now() + interval '126 days 22 hours'),
  ('c0000000-0000-0000-0000-000000000724', 'a0000000-0000-0000-0000-000000000408', 'd0000000-0000-0000-0000-000000000014', '정보 공유 감사해요! 가보고 싶어요~', now() - interval '97 days 20 hours'),
  ('c0000000-0000-0000-0000-000000000725', 'a0000000-0000-0000-0000-000000000037', 'd0000000-0000-0000-0000-000000000039', '아기가 건강한 게 제일이에요 💕', now() + interval '106 days 12 hours'),
  ('c0000000-0000-0000-0000-000000000726', 'a0000000-0000-0000-0000-000000000303', 'd0000000-0000-0000-0000-000000000053', '응원합니다! 좋은 소식 기다릴게요 🍀', now() + interval '48 days 7 hours'),
  ('c0000000-0000-0000-0000-000000000727', 'a0000000-0000-0000-0000-000000000281', 'd0000000-0000-0000-0000-000000000021', '저도 같은 제품 쓰는데 좋아요~', now() + interval '40 days 2 hours'),
  ('c0000000-0000-0000-0000-000000000728', 'a0000000-0000-0000-0000-000000000175', 'd0000000-0000-0000-0000-000000000027', '사진 올려주세요! 보고 싶어요 ㅋㅋ', now() + interval '111 days 13 hours'),
  ('c0000000-0000-0000-0000-000000000729', 'a0000000-0000-0000-0000-000000000402', 'd0000000-0000-0000-0000-000000000056', '같은 동네 맘이시네요! 반가워요~', now() - interval '100 days 17 hours'),
  ('c0000000-0000-0000-0000-000000000730', 'a0000000-0000-0000-0000-000000000356', 'd0000000-0000-0000-0000-000000000031', '저도 같은 고민이었는데 도움이 됐어요', now() + interval '48 days 21 hours'),
  ('c0000000-0000-0000-0000-000000000731', 'a0000000-0000-0000-0000-000000000040', 'd0000000-0000-0000-0000-000000000095', '저도 같은 고민이에요. 함께 이겨내요 🤝', now() + interval '123 days 15 hours'),
  ('c0000000-0000-0000-0000-000000000732', 'a0000000-0000-0000-0000-000000000059', 'd0000000-0000-0000-0000-000000000076', '추천 감사해요! 이번 주말에 가볼게요 🏃‍♀️', now() + interval '142 days 10 hours'),
  ('c0000000-0000-0000-0000-000000000733', 'a0000000-0000-0000-0000-000000000285', 'd0000000-0000-0000-0000-000000000013', '시간 참 빠르죠... 벌써 그렇게 됐다니!', now() + interval '68 days 9 hours'),
  ('c0000000-0000-0000-0000-000000000734', 'a0000000-0000-0000-0000-000000000490', 'd0000000-0000-0000-0000-000000000052', '그 순간 정말 잊을 수 없죠! 📱', now() + interval '43 days 3 hours'),
  ('c0000000-0000-0000-0000-000000000735', 'a0000000-0000-0000-0000-000000000351', 'd0000000-0000-0000-0000-000000000077', '그 시기 지나면 또 다른 고민이 생기더라구요 ㅋㅋ', now() + interval '21 days 10 hours'),
  ('c0000000-0000-0000-0000-000000000736', 'a0000000-0000-0000-0000-000000000254', 'd0000000-0000-0000-0000-000000000083', '우리 아기도 그 시기에 폭풍 성장했어요!', now() + interval '180 days 2 hours'),
  ('c0000000-0000-0000-0000-000000000737', 'a0000000-0000-0000-0000-000000000112', 'd0000000-0000-0000-0000-000000000018', '저희 아기도 6개월인데 같이 놀래요?', now() + interval '143 days 0 hours'),
  ('c0000000-0000-0000-0000-000000000738', 'a0000000-0000-0000-0000-000000000388', 'd0000000-0000-0000-0000-000000000019', '우리 아기도 그 시기에 폭풍 성장했어요!', now() + interval '138 days 14 hours'),
  ('c0000000-0000-0000-0000-000000000739', 'a0000000-0000-0000-0000-000000000273', 'd0000000-0000-0000-0000-000000000038', '사랑스럽네요~ 잘 크고 있네요!', now() + interval '26 days 18 hours'),
  ('c0000000-0000-0000-0000-000000000740', 'a0000000-0000-0000-0000-000000000229', 'd0000000-0000-0000-0000-000000000026', '이 시기가 힘들지만 빨리 지나가요. 파이팅!', now() + interval '39 days 10 hours'),
  ('c0000000-0000-0000-0000-000000000741', 'a0000000-0000-0000-0000-000000000154', 'd0000000-0000-0000-0000-000000000073', '소아과 선생님한테 물어보시는 게 제일 정확해요~', now() + interval '41 days 13 hours'),
  ('c0000000-0000-0000-0000-000000000742', 'a0000000-0000-0000-0000-000000000368', 'd0000000-0000-0000-0000-000000000045', '저도 지금 수유 중이에요! 새벽 동지 반가워요 🌙', now() - interval '82 days 0 hours'),
  ('c0000000-0000-0000-0000-000000000743', 'a0000000-0000-0000-0000-000000000314', 'd0000000-0000-0000-0000-000000000066', '비슷한 월령인데 반가워요! 친해져요~', now() + interval '117 days 9 hours'),
  ('c0000000-0000-0000-0000-000000000744', 'a0000000-0000-0000-0000-000000000032', 'd0000000-0000-0000-0000-000000000048', '그 표정 상상되네요 ㅋㅋ 너무 귀여워!', now() - interval '109 days 0 hours'),
  ('c0000000-0000-0000-0000-000000000745', 'a0000000-0000-0000-0000-000000000361', 'd0000000-0000-0000-0000-000000000072', '혼자가 아니에요! 다 함께 육아해요 💪', now() + interval '145 days 9 hours'),
  ('c0000000-0000-0000-0000-000000000746', 'a0000000-0000-0000-0000-000000000444', 'd0000000-0000-0000-0000-000000000004', '응원합니다! 좋은 소식 기다릴게요 🍀', now() + interval '147 days 22 hours'),
  ('c0000000-0000-0000-0000-000000000747', 'a0000000-0000-0000-0000-000000000303', 'd0000000-0000-0000-0000-000000000051', '저는 8개월 때 했는데 괜찮았어요!', now() + interval '47 days 22 hours'),
  ('c0000000-0000-0000-0000-000000000748', 'a0000000-0000-0000-0000-000000000196', 'd0000000-0000-0000-0000-000000000052', '사랑스럽네요~ 잘 크고 있네요!', now() + interval '62 days 17 hours'),
  ('c0000000-0000-0000-0000-000000000749', 'a0000000-0000-0000-0000-000000000109', 'd0000000-0000-0000-0000-000000000085', '저도 같은 고민이었는데 도움이 됐어요', now() + interval '168 days 4 hours'),
  ('c0000000-0000-0000-0000-000000000750', 'a0000000-0000-0000-0000-000000000097', 'd0000000-0000-0000-0000-000000000072', '사랑스럽네요~ 잘 크고 있네요!', now() - interval '106 days 13 hours')
ON CONFLICT (id) DO NOTHING;


-- ────────────────────────────────────────────────
-- 3. 좋아요 (post_likes) — 350개
-- ────────────────────────────────────────────────
INSERT INTO post_likes (id, post_id, user_id, created_at) VALUES
  ('e0000000-0000-0000-0000-000000000001', 'a0000000-0000-0000-0000-000000000079', 'd0000000-0000-0000-0000-000000000037', now() - interval '108 days'),
  ('e0000000-0000-0000-0000-000000000002', 'a0000000-0000-0000-0000-000000000069', 'd0000000-0000-0000-0000-000000000002', now() + interval '119 days'),
  ('e0000000-0000-0000-0000-000000000003', 'a0000000-0000-0000-0000-000000000332', 'd0000000-0000-0000-0000-000000000003', now() + interval '61 days'),
  ('e0000000-0000-0000-0000-000000000004', 'a0000000-0000-0000-0000-000000000370', 'd0000000-0000-0000-0000-000000000063', now() - interval '63 days'),
  ('e0000000-0000-0000-0000-000000000005', 'a0000000-0000-0000-0000-000000000500', 'd0000000-0000-0000-0000-000000000018', now() - interval '144 days'),
  ('e0000000-0000-0000-0000-000000000006', 'a0000000-0000-0000-0000-000000000071', 'd0000000-0000-0000-0000-000000000083', now() + interval '122 days'),
  ('e0000000-0000-0000-0000-000000000007', 'a0000000-0000-0000-0000-000000000441', 'd0000000-0000-0000-0000-000000000059', now() + interval '170 days'),
  ('e0000000-0000-0000-0000-000000000008', 'a0000000-0000-0000-0000-000000000320', 'd0000000-0000-0000-0000-000000000024', now() + interval '174 days'),
  ('e0000000-0000-0000-0000-000000000009', 'a0000000-0000-0000-0000-000000000261', 'd0000000-0000-0000-0000-000000000055', now() - interval '132 days'),
  ('e0000000-0000-0000-0000-000000000010', 'a0000000-0000-0000-0000-000000000197', 'd0000000-0000-0000-0000-000000000046', now() - interval '168 days'),
  ('e0000000-0000-0000-0000-000000000011', 'a0000000-0000-0000-0000-000000000096', 'd0000000-0000-0000-0000-000000000055', now() + interval '14 days'),
  ('e0000000-0000-0000-0000-000000000012', 'a0000000-0000-0000-0000-000000000296', 'd0000000-0000-0000-0000-000000000064', now() - interval '21 days'),
  ('e0000000-0000-0000-0000-000000000013', 'a0000000-0000-0000-0000-000000000365', 'd0000000-0000-0000-0000-000000000065', now() + interval '101 days'),
  ('e0000000-0000-0000-0000-000000000014', 'a0000000-0000-0000-0000-000000000211', 'd0000000-0000-0000-0000-000000000070', now() + interval '25 days'),
  ('e0000000-0000-0000-0000-000000000015', 'a0000000-0000-0000-0000-000000000018', 'd0000000-0000-0000-0000-000000000005', now() + interval '44 days'),
  ('e0000000-0000-0000-0000-000000000016', 'a0000000-0000-0000-0000-000000000361', 'd0000000-0000-0000-0000-000000000048', now() + interval '145 days'),
  ('e0000000-0000-0000-0000-000000000017', 'a0000000-0000-0000-0000-000000000298', 'd0000000-0000-0000-0000-000000000062', now() + interval '151 days'),
  ('e0000000-0000-0000-0000-000000000018', 'a0000000-0000-0000-0000-000000000073', 'd0000000-0000-0000-0000-000000000094', now() + interval '161 days'),
  ('e0000000-0000-0000-0000-000000000019', 'a0000000-0000-0000-0000-000000000239', 'd0000000-0000-0000-0000-000000000067', now() + interval '85 days'),
  ('e0000000-0000-0000-0000-000000000020', 'a0000000-0000-0000-0000-000000000268', 'd0000000-0000-0000-0000-000000000079', now() - interval '37 days'),
  ('e0000000-0000-0000-0000-000000000021', 'a0000000-0000-0000-0000-000000000126', 'd0000000-0000-0000-0000-000000000061', now() - interval '152 days'),
  ('e0000000-0000-0000-0000-000000000022', 'a0000000-0000-0000-0000-000000000351', 'd0000000-0000-0000-0000-000000000082', now() + interval '21 days'),
  ('e0000000-0000-0000-0000-000000000023', 'a0000000-0000-0000-0000-000000000314', 'd0000000-0000-0000-0000-000000000007', now() + interval '118 days'),
  ('e0000000-0000-0000-0000-000000000024', 'a0000000-0000-0000-0000-000000000274', 'd0000000-0000-0000-0000-000000000100', now() - interval '13 days'),
  ('e0000000-0000-0000-0000-000000000025', 'a0000000-0000-0000-0000-000000000241', 'd0000000-0000-0000-0000-000000000059', now() - interval '21 days'),
  ('e0000000-0000-0000-0000-000000000026', 'a0000000-0000-0000-0000-000000000294', 'd0000000-0000-0000-0000-000000000094', now() - interval '89 days'),
  ('e0000000-0000-0000-0000-000000000027', 'a0000000-0000-0000-0000-000000000216', 'd0000000-0000-0000-0000-000000000046', now() + interval '62 days'),
  ('e0000000-0000-0000-0000-000000000028', 'a0000000-0000-0000-0000-000000000149', 'd0000000-0000-0000-0000-000000000022', now() + interval '173 days'),
  ('e0000000-0000-0000-0000-000000000029', 'a0000000-0000-0000-0000-000000000356', 'd0000000-0000-0000-0000-000000000077', now() + interval '47 days'),
  ('e0000000-0000-0000-0000-000000000030', 'a0000000-0000-0000-0000-000000000373', 'd0000000-0000-0000-0000-000000000073', now() + interval '133 days'),
  ('e0000000-0000-0000-0000-000000000031', 'a0000000-0000-0000-0000-000000000032', 'd0000000-0000-0000-0000-000000000081', now() - interval '108 days'),
  ('e0000000-0000-0000-0000-000000000032', 'a0000000-0000-0000-0000-000000000297', 'd0000000-0000-0000-0000-000000000022', now() - interval '138 days'),
  ('e0000000-0000-0000-0000-000000000033', 'a0000000-0000-0000-0000-000000000337', 'd0000000-0000-0000-0000-000000000038', now() + interval '15 days'),
  ('e0000000-0000-0000-0000-000000000034', 'a0000000-0000-0000-0000-000000000147', 'd0000000-0000-0000-0000-000000000063', now() + interval '58 days'),
  ('e0000000-0000-0000-0000-000000000035', 'a0000000-0000-0000-0000-000000000065', 'd0000000-0000-0000-0000-000000000065', now() + interval '77 days'),
  ('e0000000-0000-0000-0000-000000000036', 'a0000000-0000-0000-0000-000000000436', 'd0000000-0000-0000-0000-000000000036', now() + interval '175 days'),
  ('e0000000-0000-0000-0000-000000000037', 'a0000000-0000-0000-0000-000000000068', 'd0000000-0000-0000-0000-000000000079', now() + interval '102 days'),
  ('e0000000-0000-0000-0000-000000000038', 'a0000000-0000-0000-0000-000000000141', 'd0000000-0000-0000-0000-000000000033', now() + interval '128 days'),
  ('e0000000-0000-0000-0000-000000000039', 'a0000000-0000-0000-0000-000000000380', 'd0000000-0000-0000-0000-000000000015', now() + interval '35 days'),
  ('e0000000-0000-0000-0000-000000000040', 'a0000000-0000-0000-0000-000000000466', 'd0000000-0000-0000-0000-000000000076', now() - interval '169 days'),
  ('e0000000-0000-0000-0000-000000000041', 'a0000000-0000-0000-0000-000000000338', 'd0000000-0000-0000-0000-000000000058', now() - interval '52 days'),
  ('e0000000-0000-0000-0000-000000000042', 'a0000000-0000-0000-0000-000000000414', 'd0000000-0000-0000-0000-000000000023', now() - interval '8 days'),
  ('e0000000-0000-0000-0000-000000000043', 'a0000000-0000-0000-0000-000000000401', 'd0000000-0000-0000-0000-000000000090', now() + interval '68 days'),
  ('e0000000-0000-0000-0000-000000000044', 'a0000000-0000-0000-0000-000000000249', 'd0000000-0000-0000-0000-000000000024', now() - interval '30 days'),
  ('e0000000-0000-0000-0000-000000000045', 'a0000000-0000-0000-0000-000000000176', 'd0000000-0000-0000-0000-000000000011', now() + interval '40 days'),
  ('e0000000-0000-0000-0000-000000000046', 'a0000000-0000-0000-0000-000000000305', 'd0000000-0000-0000-0000-000000000020', now() - interval '85 days'),
  ('e0000000-0000-0000-0000-000000000047', 'a0000000-0000-0000-0000-000000000386', 'd0000000-0000-0000-0000-000000000053', now() - interval '108 days'),
  ('e0000000-0000-0000-0000-000000000048', 'a0000000-0000-0000-0000-000000000122', 'd0000000-0000-0000-0000-000000000085', now() + interval '170 days'),
  ('e0000000-0000-0000-0000-000000000049', 'a0000000-0000-0000-0000-000000000372', 'd0000000-0000-0000-0000-000000000082', now() + interval '70 days'),
  ('e0000000-0000-0000-0000-000000000050', 'a0000000-0000-0000-0000-000000000108', 'd0000000-0000-0000-0000-000000000074', now() + interval '7 days')
ON CONFLICT (id) DO NOTHING;

INSERT INTO post_likes (id, post_id, user_id, created_at) VALUES
  ('e0000000-0000-0000-0000-000000000051', 'a0000000-0000-0000-0000-000000000028', 'd0000000-0000-0000-0000-000000000083', now() + interval '158 days'),
  ('e0000000-0000-0000-0000-000000000052', 'a0000000-0000-0000-0000-000000000387', 'd0000000-0000-0000-0000-000000000015', now() + interval '137 days'),
  ('e0000000-0000-0000-0000-000000000053', 'a0000000-0000-0000-0000-000000000086', 'd0000000-0000-0000-0000-000000000060', now() + interval '63 days'),
  ('e0000000-0000-0000-0000-000000000054', 'a0000000-0000-0000-0000-000000000244', 'd0000000-0000-0000-0000-000000000039', now() + interval '113 days'),
  ('e0000000-0000-0000-0000-000000000055', 'a0000000-0000-0000-0000-000000000383', 'd0000000-0000-0000-0000-000000000097', now() - interval '145 days'),
  ('e0000000-0000-0000-0000-000000000056', 'a0000000-0000-0000-0000-000000000195', 'd0000000-0000-0000-0000-000000000088', now() - interval '130 days'),
  ('e0000000-0000-0000-0000-000000000057', 'a0000000-0000-0000-0000-000000000243', 'd0000000-0000-0000-0000-000000000034', now() + interval '110 days'),
  ('e0000000-0000-0000-0000-000000000058', 'a0000000-0000-0000-0000-000000000272', 'd0000000-0000-0000-0000-000000000056', now() + interval '49 days'),
  ('e0000000-0000-0000-0000-000000000059', 'a0000000-0000-0000-0000-000000000148', 'd0000000-0000-0000-0000-000000000058', now() - interval '101 days'),
  ('e0000000-0000-0000-0000-000000000060', 'a0000000-0000-0000-0000-000000000348', 'd0000000-0000-0000-0000-000000000041', now() - interval '63 days'),
  ('e0000000-0000-0000-0000-000000000061', 'a0000000-0000-0000-0000-000000000050', 'd0000000-0000-0000-0000-000000000069', now() + interval '79 days'),
  ('e0000000-0000-0000-0000-000000000062', 'a0000000-0000-0000-0000-000000000490', 'd0000000-0000-0000-0000-000000000056', now() + interval '42 days'),
  ('e0000000-0000-0000-0000-000000000063', 'a0000000-0000-0000-0000-000000000172', 'd0000000-0000-0000-0000-000000000035', now() + interval '97 days'),
  ('e0000000-0000-0000-0000-000000000064', 'a0000000-0000-0000-0000-000000000411', 'd0000000-0000-0000-0000-000000000013', now() + interval '128 days'),
  ('e0000000-0000-0000-0000-000000000065', 'a0000000-0000-0000-0000-000000000336', 'd0000000-0000-0000-0000-000000000075', now() - interval '137 days'),
  ('e0000000-0000-0000-0000-000000000066', 'a0000000-0000-0000-0000-000000000237', 'd0000000-0000-0000-0000-000000000099', now() + interval '81 days'),
  ('e0000000-0000-0000-0000-000000000067', 'a0000000-0000-0000-0000-000000000376', 'd0000000-0000-0000-0000-000000000087', now() - interval '69 days'),
  ('e0000000-0000-0000-0000-000000000068', 'a0000000-0000-0000-0000-000000000267', 'd0000000-0000-0000-0000-000000000044', now() - interval '19 days'),
  ('e0000000-0000-0000-0000-000000000069', 'a0000000-0000-0000-0000-000000000161', 'd0000000-0000-0000-0000-000000000071', now() - interval '38 days'),
  ('e0000000-0000-0000-0000-000000000070', 'a0000000-0000-0000-0000-000000000345', 'd0000000-0000-0000-0000-000000000002', now() + interval '121 days'),
  ('e0000000-0000-0000-0000-000000000071', 'a0000000-0000-0000-0000-000000000007', 'd0000000-0000-0000-0000-000000000053', now() + interval '177 days'),
  ('e0000000-0000-0000-0000-000000000072', 'a0000000-0000-0000-0000-000000000269', 'd0000000-0000-0000-0000-000000000014', now() + interval '35 days'),
  ('e0000000-0000-0000-0000-000000000073', 'a0000000-0000-0000-0000-000000000180', 'd0000000-0000-0000-0000-000000000029', now() - interval '36 days'),
  ('e0000000-0000-0000-0000-000000000074', 'a0000000-0000-0000-0000-000000000129', 'd0000000-0000-0000-0000-000000000025', now() + interval '85 days'),
  ('e0000000-0000-0000-0000-000000000075', 'a0000000-0000-0000-0000-000000000013', 'd0000000-0000-0000-0000-000000000080', now() - interval '106 days'),
  ('e0000000-0000-0000-0000-000000000076', 'a0000000-0000-0000-0000-000000000030', 'd0000000-0000-0000-0000-000000000077', now() - interval '73 days'),
  ('e0000000-0000-0000-0000-000000000077', 'a0000000-0000-0000-0000-000000000487', 'd0000000-0000-0000-0000-000000000077', now() + interval '98 days'),
  ('e0000000-0000-0000-0000-000000000078', 'a0000000-0000-0000-0000-000000000363', 'd0000000-0000-0000-0000-000000000016', now() + interval '9 days'),
  ('e0000000-0000-0000-0000-000000000079', 'a0000000-0000-0000-0000-000000000439', 'd0000000-0000-0000-0000-000000000078', now() + interval '90 days'),
  ('e0000000-0000-0000-0000-000000000080', 'a0000000-0000-0000-0000-000000000193', 'd0000000-0000-0000-0000-000000000085', now() + interval '63 days'),
  ('e0000000-0000-0000-0000-000000000081', 'a0000000-0000-0000-0000-000000000459', 'd0000000-0000-0000-0000-000000000015', now() - interval '107 days'),
  ('e0000000-0000-0000-0000-000000000082', 'a0000000-0000-0000-0000-000000000130', 'd0000000-0000-0000-0000-000000000038', now() + interval '11 days'),
  ('e0000000-0000-0000-0000-000000000083', 'a0000000-0000-0000-0000-000000000339', 'd0000000-0000-0000-0000-000000000010', now() - interval '48 days'),
  ('e0000000-0000-0000-0000-000000000084', 'a0000000-0000-0000-0000-000000000473', 'd0000000-0000-0000-0000-000000000036', now() - interval '30 days'),
  ('e0000000-0000-0000-0000-000000000085', 'a0000000-0000-0000-0000-000000000355', 'd0000000-0000-0000-0000-000000000086', now() + interval '139 days'),
  ('e0000000-0000-0000-0000-000000000086', 'a0000000-0000-0000-0000-000000000132', 'd0000000-0000-0000-0000-000000000021', now() + interval '178 days'),
  ('e0000000-0000-0000-0000-000000000087', 'a0000000-0000-0000-0000-000000000142', 'd0000000-0000-0000-0000-000000000100', now() - interval '65 days'),
  ('e0000000-0000-0000-0000-000000000088', 'a0000000-0000-0000-0000-000000000196', 'd0000000-0000-0000-0000-000000000050', now() + interval '62 days'),
  ('e0000000-0000-0000-0000-000000000089', 'a0000000-0000-0000-0000-000000000031', 'd0000000-0000-0000-0000-000000000034', now() + interval '69 days'),
  ('e0000000-0000-0000-0000-000000000090', 'a0000000-0000-0000-0000-000000000092', 'd0000000-0000-0000-0000-000000000057', now() - interval '78 days'),
  ('e0000000-0000-0000-0000-000000000091', 'a0000000-0000-0000-0000-000000000252', 'd0000000-0000-0000-0000-000000000026', now() + interval '115 days'),
  ('e0000000-0000-0000-0000-000000000092', 'a0000000-0000-0000-0000-000000000092', 'd0000000-0000-0000-0000-000000000083', now() - interval '77 days'),
  ('e0000000-0000-0000-0000-000000000093', 'a0000000-0000-0000-0000-000000000056', 'd0000000-0000-0000-0000-000000000019', now() + interval '29 days'),
  ('e0000000-0000-0000-0000-000000000094', 'a0000000-0000-0000-0000-000000000112', 'd0000000-0000-0000-0000-000000000079', now() + interval '141 days'),
  ('e0000000-0000-0000-0000-000000000095', 'a0000000-0000-0000-0000-000000000468', 'd0000000-0000-0000-0000-000000000057', now() - interval '59 days'),
  ('e0000000-0000-0000-0000-000000000096', 'a0000000-0000-0000-0000-000000000053', 'd0000000-0000-0000-0000-000000000005', now() + interval '58 days'),
  ('e0000000-0000-0000-0000-000000000097', 'a0000000-0000-0000-0000-000000000037', 'd0000000-0000-0000-0000-000000000074', now() + interval '106 days'),
  ('e0000000-0000-0000-0000-000000000098', 'a0000000-0000-0000-0000-000000000398', 'd0000000-0000-0000-0000-000000000058', now() + interval '162 days'),
  ('e0000000-0000-0000-0000-000000000099', 'a0000000-0000-0000-0000-000000000460', 'd0000000-0000-0000-0000-000000000064', now() + interval '14 days'),
  ('e0000000-0000-0000-0000-000000000100', 'a0000000-0000-0000-0000-000000000335', 'd0000000-0000-0000-0000-000000000082', now() + interval '135 days')
ON CONFLICT (id) DO NOTHING;

INSERT INTO post_likes (id, post_id, user_id, created_at) VALUES
  ('e0000000-0000-0000-0000-000000000101', 'a0000000-0000-0000-0000-000000000478', 'd0000000-0000-0000-0000-000000000005', now() - interval '118 days'),
  ('e0000000-0000-0000-0000-000000000102', 'a0000000-0000-0000-0000-000000000137', 'd0000000-0000-0000-0000-000000000020', now() + interval '152 days'),
  ('e0000000-0000-0000-0000-000000000103', 'a0000000-0000-0000-0000-000000000464', 'd0000000-0000-0000-0000-000000000051', now() + interval '140 days'),
  ('e0000000-0000-0000-0000-000000000104', 'a0000000-0000-0000-0000-000000000264', 'd0000000-0000-0000-0000-000000000091', now() - interval '144 days'),
  ('e0000000-0000-0000-0000-000000000105', 'a0000000-0000-0000-0000-000000000245', 'd0000000-0000-0000-0000-000000000056', now() - interval '173 days'),
  ('e0000000-0000-0000-0000-000000000106', 'a0000000-0000-0000-0000-000000000433', 'd0000000-0000-0000-0000-000000000094', now() + interval '114 days'),
  ('e0000000-0000-0000-0000-000000000107', 'a0000000-0000-0000-0000-000000000277', 'd0000000-0000-0000-0000-000000000029', now() - interval '74 days'),
  ('e0000000-0000-0000-0000-000000000108', 'a0000000-0000-0000-0000-000000000197', 'd0000000-0000-0000-0000-000000000089', now() - interval '167 days'),
  ('e0000000-0000-0000-0000-000000000109', 'a0000000-0000-0000-0000-000000000063', 'd0000000-0000-0000-0000-000000000073', now() + interval '86 days'),
  ('e0000000-0000-0000-0000-000000000110', 'a0000000-0000-0000-0000-000000000171', 'd0000000-0000-0000-0000-000000000088', now() + interval '104 days'),
  ('e0000000-0000-0000-0000-000000000111', 'a0000000-0000-0000-0000-000000000206', 'd0000000-0000-0000-0000-000000000008', now() - interval '73 days'),
  ('e0000000-0000-0000-0000-000000000112', 'a0000000-0000-0000-0000-000000000188', 'd0000000-0000-0000-0000-000000000069', now() + interval '46 days'),
  ('e0000000-0000-0000-0000-000000000113', 'a0000000-0000-0000-0000-000000000042', 'd0000000-0000-0000-0000-000000000059', now() + interval '73 days'),
  ('e0000000-0000-0000-0000-000000000114', 'a0000000-0000-0000-0000-000000000332', 'd0000000-0000-0000-0000-000000000026', now() + interval '61 days'),
  ('e0000000-0000-0000-0000-000000000115', 'a0000000-0000-0000-0000-000000000284', 'd0000000-0000-0000-0000-000000000006', now() + interval '108 days'),
  ('e0000000-0000-0000-0000-000000000116', 'a0000000-0000-0000-0000-000000000339', 'd0000000-0000-0000-0000-000000000025', now() - interval '48 days'),
  ('e0000000-0000-0000-0000-000000000117', 'a0000000-0000-0000-0000-000000000357', 'd0000000-0000-0000-0000-000000000050', now() + interval '91 days'),
  ('e0000000-0000-0000-0000-000000000118', 'a0000000-0000-0000-0000-000000000323', 'd0000000-0000-0000-0000-000000000089', now() + interval '167 days'),
  ('e0000000-0000-0000-0000-000000000119', 'a0000000-0000-0000-0000-000000000250', 'd0000000-0000-0000-0000-000000000011', now() + interval '32 days'),
  ('e0000000-0000-0000-0000-000000000120', 'a0000000-0000-0000-0000-000000000377', 'd0000000-0000-0000-0000-000000000025', now() - interval '77 days'),
  ('e0000000-0000-0000-0000-000000000121', 'a0000000-0000-0000-0000-000000000019', 'd0000000-0000-0000-0000-000000000025', now() - interval '179 days'),
  ('e0000000-0000-0000-0000-000000000122', 'a0000000-0000-0000-0000-000000000369', 'd0000000-0000-0000-0000-000000000076', now() + interval '111 days'),
  ('e0000000-0000-0000-0000-000000000123', 'a0000000-0000-0000-0000-000000000251', 'd0000000-0000-0000-0000-000000000050', now() + interval '74 days'),
  ('e0000000-0000-0000-0000-000000000124', 'a0000000-0000-0000-0000-000000000406', 'd0000000-0000-0000-0000-000000000070', now() + interval '179 days'),
  ('e0000000-0000-0000-0000-000000000125', 'a0000000-0000-0000-0000-000000000256', 'd0000000-0000-0000-0000-000000000069', now() + interval '143 days'),
  ('e0000000-0000-0000-0000-000000000126', 'a0000000-0000-0000-0000-000000000495', 'd0000000-0000-0000-0000-000000000003', now() - interval '155 days'),
  ('e0000000-0000-0000-0000-000000000127', 'a0000000-0000-0000-0000-000000000174', 'd0000000-0000-0000-0000-000000000008', now() + interval '152 days'),
  ('e0000000-0000-0000-0000-000000000128', 'a0000000-0000-0000-0000-000000000404', 'd0000000-0000-0000-0000-000000000093', now() - interval '62 days'),
  ('e0000000-0000-0000-0000-000000000129', 'a0000000-0000-0000-0000-000000000208', 'd0000000-0000-0000-0000-000000000016', now() - interval '65 days'),
  ('e0000000-0000-0000-0000-000000000130', 'a0000000-0000-0000-0000-000000000414', 'd0000000-0000-0000-0000-000000000084', now() - interval '8 days'),
  ('e0000000-0000-0000-0000-000000000131', 'a0000000-0000-0000-0000-000000000482', 'd0000000-0000-0000-0000-000000000087', now() - interval '147 days'),
  ('e0000000-0000-0000-0000-000000000132', 'a0000000-0000-0000-0000-000000000380', 'd0000000-0000-0000-0000-000000000075', now() + interval '35 days'),
  ('e0000000-0000-0000-0000-000000000133', 'a0000000-0000-0000-0000-000000000474', 'd0000000-0000-0000-0000-000000000010', now() - interval '68 days'),
  ('e0000000-0000-0000-0000-000000000134', 'a0000000-0000-0000-0000-000000000377', 'd0000000-0000-0000-0000-000000000019', now() - interval '76 days'),
  ('e0000000-0000-0000-0000-000000000135', 'a0000000-0000-0000-0000-000000000335', 'd0000000-0000-0000-0000-000000000003', now() + interval '136 days'),
  ('e0000000-0000-0000-0000-000000000136', 'a0000000-0000-0000-0000-000000000465', 'd0000000-0000-0000-0000-000000000080', now() + interval '163 days'),
  ('e0000000-0000-0000-0000-000000000137', 'a0000000-0000-0000-0000-000000000125', 'd0000000-0000-0000-0000-000000000090', now() + interval '98 days'),
  ('e0000000-0000-0000-0000-000000000138', 'a0000000-0000-0000-0000-000000000008', 'd0000000-0000-0000-0000-000000000023', now() - interval '133 days'),
  ('e0000000-0000-0000-0000-000000000139', 'a0000000-0000-0000-0000-000000000464', 'd0000000-0000-0000-0000-000000000040', now() + interval '140 days'),
  ('e0000000-0000-0000-0000-000000000140', 'a0000000-0000-0000-0000-000000000234', 'd0000000-0000-0000-0000-000000000079', now() - interval '91 days'),
  ('e0000000-0000-0000-0000-000000000141', 'a0000000-0000-0000-0000-000000000428', 'd0000000-0000-0000-0000-000000000076', now() - interval '41 days'),
  ('e0000000-0000-0000-0000-000000000142', 'a0000000-0000-0000-0000-000000000419', 'd0000000-0000-0000-0000-000000000014', now() + interval '174 days'),
  ('e0000000-0000-0000-0000-000000000143', 'a0000000-0000-0000-0000-000000000255', 'd0000000-0000-0000-0000-000000000077', now() + interval '61 days'),
  ('e0000000-0000-0000-0000-000000000144', 'a0000000-0000-0000-0000-000000000033', 'd0000000-0000-0000-0000-000000000026', now() + interval '69 days'),
  ('e0000000-0000-0000-0000-000000000145', 'a0000000-0000-0000-0000-000000000173', 'd0000000-0000-0000-0000-000000000095', now() + interval '25 days'),
  ('e0000000-0000-0000-0000-000000000146', 'a0000000-0000-0000-0000-000000000167', 'd0000000-0000-0000-0000-000000000016', now() - interval '21 days'),
  ('e0000000-0000-0000-0000-000000000147', 'a0000000-0000-0000-0000-000000000165', 'd0000000-0000-0000-0000-000000000028', now() + interval '12 days'),
  ('e0000000-0000-0000-0000-000000000148', 'a0000000-0000-0000-0000-000000000304', 'd0000000-0000-0000-0000-000000000023', now() - interval '74 days'),
  ('e0000000-0000-0000-0000-000000000149', 'a0000000-0000-0000-0000-000000000033', 'd0000000-0000-0000-0000-000000000016', now() + interval '69 days'),
  ('e0000000-0000-0000-0000-000000000150', 'a0000000-0000-0000-0000-000000000073', 'd0000000-0000-0000-0000-000000000097', now() + interval '161 days')
ON CONFLICT (id) DO NOTHING;

INSERT INTO post_likes (id, post_id, user_id, created_at) VALUES
  ('e0000000-0000-0000-0000-000000000151', 'a0000000-0000-0000-0000-000000000087', 'd0000000-0000-0000-0000-000000000090', now() - interval '56 days'),
  ('e0000000-0000-0000-0000-000000000152', 'a0000000-0000-0000-0000-000000000284', 'd0000000-0000-0000-0000-000000000022', now() + interval '108 days'),
  ('e0000000-0000-0000-0000-000000000153', 'a0000000-0000-0000-0000-000000000125', 'd0000000-0000-0000-0000-000000000075', now() + interval '98 days'),
  ('e0000000-0000-0000-0000-000000000154', 'a0000000-0000-0000-0000-000000000069', 'd0000000-0000-0000-0000-000000000013', now() + interval '120 days'),
  ('e0000000-0000-0000-0000-000000000155', 'a0000000-0000-0000-0000-000000000399', 'd0000000-0000-0000-0000-000000000021', now() + interval '51 days'),
  ('e0000000-0000-0000-0000-000000000156', 'a0000000-0000-0000-0000-000000000451', 'd0000000-0000-0000-0000-000000000063', now() - interval '169 days'),
  ('e0000000-0000-0000-0000-000000000157', 'a0000000-0000-0000-0000-000000000004', 'd0000000-0000-0000-0000-000000000001', now() + interval '79 days'),
  ('e0000000-0000-0000-0000-000000000158', 'a0000000-0000-0000-0000-000000000475', 'd0000000-0000-0000-0000-000000000012', now() - interval '178 days'),
  ('e0000000-0000-0000-0000-000000000159', 'a0000000-0000-0000-0000-000000000214', 'd0000000-0000-0000-0000-000000000089', now() - interval '86 days'),
  ('e0000000-0000-0000-0000-000000000160', 'a0000000-0000-0000-0000-000000000355', 'd0000000-0000-0000-0000-000000000017', now() + interval '138 days'),
  ('e0000000-0000-0000-0000-000000000161', 'a0000000-0000-0000-0000-000000000074', 'd0000000-0000-0000-0000-000000000082', now() + interval '57 days'),
  ('e0000000-0000-0000-0000-000000000162', 'a0000000-0000-0000-0000-000000000268', 'd0000000-0000-0000-0000-000000000058', now() - interval '36 days'),
  ('e0000000-0000-0000-0000-000000000163', 'a0000000-0000-0000-0000-000000000123', 'd0000000-0000-0000-0000-000000000023', now() + interval '140 days'),
  ('e0000000-0000-0000-0000-000000000164', 'a0000000-0000-0000-0000-000000000306', 'd0000000-0000-0000-0000-000000000024', now() + interval '36 days'),
  ('e0000000-0000-0000-0000-000000000165', 'a0000000-0000-0000-0000-000000000314', 'd0000000-0000-0000-0000-000000000012', now() + interval '118 days'),
  ('e0000000-0000-0000-0000-000000000166', 'a0000000-0000-0000-0000-000000000179', 'd0000000-0000-0000-0000-000000000054', now() - interval '70 days'),
  ('e0000000-0000-0000-0000-000000000167', 'a0000000-0000-0000-0000-000000000286', 'd0000000-0000-0000-0000-000000000031', now() + interval '44 days'),
  ('e0000000-0000-0000-0000-000000000168', 'a0000000-0000-0000-0000-000000000061', 'd0000000-0000-0000-0000-000000000068', now() - interval '74 days'),
  ('e0000000-0000-0000-0000-000000000169', 'a0000000-0000-0000-0000-000000000317', 'd0000000-0000-0000-0000-000000000047', now() + interval '52 days'),
  ('e0000000-0000-0000-0000-000000000170', 'a0000000-0000-0000-0000-000000000238', 'd0000000-0000-0000-0000-000000000099', now() + interval '10 days'),
  ('e0000000-0000-0000-0000-000000000171', 'a0000000-0000-0000-0000-000000000142', 'd0000000-0000-0000-0000-000000000007', now() - interval '65 days'),
  ('e0000000-0000-0000-0000-000000000172', 'a0000000-0000-0000-0000-000000000058', 'd0000000-0000-0000-0000-000000000020', now() + interval '145 days'),
  ('e0000000-0000-0000-0000-000000000173', 'a0000000-0000-0000-0000-000000000255', 'd0000000-0000-0000-0000-000000000023', now() + interval '61 days'),
  ('e0000000-0000-0000-0000-000000000174', 'a0000000-0000-0000-0000-000000000344', 'd0000000-0000-0000-0000-000000000006', now() - interval '67 days'),
  ('e0000000-0000-0000-0000-000000000175', 'a0000000-0000-0000-0000-000000000331', 'd0000000-0000-0000-0000-000000000047', now() - interval '74 days'),
  ('e0000000-0000-0000-0000-000000000176', 'a0000000-0000-0000-0000-000000000108', 'd0000000-0000-0000-0000-000000000056', now() + interval '7 days'),
  ('e0000000-0000-0000-0000-000000000177', 'a0000000-0000-0000-0000-000000000172', 'd0000000-0000-0000-0000-000000000079', now() + interval '97 days'),
  ('e0000000-0000-0000-0000-000000000178', 'a0000000-0000-0000-0000-000000000023', 'd0000000-0000-0000-0000-000000000014', now() - interval '153 days'),
  ('e0000000-0000-0000-0000-000000000179', 'a0000000-0000-0000-0000-000000000474', 'd0000000-0000-0000-0000-000000000069', now() - interval '68 days'),
  ('e0000000-0000-0000-0000-000000000180', 'a0000000-0000-0000-0000-000000000081', 'd0000000-0000-0000-0000-000000000004', now() - interval '137 days'),
  ('e0000000-0000-0000-0000-000000000181', 'a0000000-0000-0000-0000-000000000264', 'd0000000-0000-0000-0000-000000000015', now() - interval '145 days'),
  ('e0000000-0000-0000-0000-000000000182', 'a0000000-0000-0000-0000-000000000459', 'd0000000-0000-0000-0000-000000000031', now() - interval '106 days'),
  ('e0000000-0000-0000-0000-000000000183', 'a0000000-0000-0000-0000-000000000304', 'd0000000-0000-0000-0000-000000000075', now() - interval '74 days'),
  ('e0000000-0000-0000-0000-000000000184', 'a0000000-0000-0000-0000-000000000215', 'd0000000-0000-0000-0000-000000000026', now() + interval '161 days'),
  ('e0000000-0000-0000-0000-000000000185', 'a0000000-0000-0000-0000-000000000118', 'd0000000-0000-0000-0000-000000000100', now() + interval '128 days'),
  ('e0000000-0000-0000-0000-000000000186', 'a0000000-0000-0000-0000-000000000167', 'd0000000-0000-0000-0000-000000000030', now() - interval '21 days'),
  ('e0000000-0000-0000-0000-000000000187', 'a0000000-0000-0000-0000-000000000122', 'd0000000-0000-0000-0000-000000000095', now() + interval '170 days'),
  ('e0000000-0000-0000-0000-000000000188', 'a0000000-0000-0000-0000-000000000446', 'd0000000-0000-0000-0000-000000000026', now() + interval '103 days'),
  ('e0000000-0000-0000-0000-000000000189', 'a0000000-0000-0000-0000-000000000457', 'd0000000-0000-0000-0000-000000000029', now() - interval '4 days'),
  ('e0000000-0000-0000-0000-000000000190', 'a0000000-0000-0000-0000-000000000242', 'd0000000-0000-0000-0000-000000000075', now() + interval '84 days'),
  ('e0000000-0000-0000-0000-000000000191', 'a0000000-0000-0000-0000-000000000028', 'd0000000-0000-0000-0000-000000000056', now() + interval '157 days'),
  ('e0000000-0000-0000-0000-000000000192', 'a0000000-0000-0000-0000-000000000111', 'd0000000-0000-0000-0000-000000000079', now() + interval '43 days'),
  ('e0000000-0000-0000-0000-000000000193', 'a0000000-0000-0000-0000-000000000092', 'd0000000-0000-0000-0000-000000000050', now() - interval '77 days'),
  ('e0000000-0000-0000-0000-000000000194', 'a0000000-0000-0000-0000-000000000070', 'd0000000-0000-0000-0000-000000000059', now() - interval '98 days'),
  ('e0000000-0000-0000-0000-000000000195', 'a0000000-0000-0000-0000-000000000324', 'd0000000-0000-0000-0000-000000000046', now() + interval '98 days'),
  ('e0000000-0000-0000-0000-000000000196', 'a0000000-0000-0000-0000-000000000104', 'd0000000-0000-0000-0000-000000000043', now() + interval '37 days'),
  ('e0000000-0000-0000-0000-000000000197', 'a0000000-0000-0000-0000-000000000017', 'd0000000-0000-0000-0000-000000000089', now() + interval '61 days'),
  ('e0000000-0000-0000-0000-000000000198', 'a0000000-0000-0000-0000-000000000144', 'd0000000-0000-0000-0000-000000000018', now() - interval '34 days'),
  ('e0000000-0000-0000-0000-000000000199', 'a0000000-0000-0000-0000-000000000437', 'd0000000-0000-0000-0000-000000000060', now() + interval '114 days'),
  ('e0000000-0000-0000-0000-000000000200', 'a0000000-0000-0000-0000-000000000215', 'd0000000-0000-0000-0000-000000000022', now() + interval '161 days')
ON CONFLICT (id) DO NOTHING;

INSERT INTO post_likes (id, post_id, user_id, created_at) VALUES
  ('e0000000-0000-0000-0000-000000000201', 'a0000000-0000-0000-0000-000000000113', 'd0000000-0000-0000-0000-000000000038', now() + interval '104 days'),
  ('e0000000-0000-0000-0000-000000000202', 'a0000000-0000-0000-0000-000000000405', 'd0000000-0000-0000-0000-000000000082', now() - interval '153 days'),
  ('e0000000-0000-0000-0000-000000000203', 'a0000000-0000-0000-0000-000000000296', 'd0000000-0000-0000-0000-000000000071', now() - interval '21 days'),
  ('e0000000-0000-0000-0000-000000000204', 'a0000000-0000-0000-0000-000000000045', 'd0000000-0000-0000-0000-000000000053', now() + interval '31 days'),
  ('e0000000-0000-0000-0000-000000000205', 'a0000000-0000-0000-0000-000000000442', 'd0000000-0000-0000-0000-000000000028', now() - interval '13 days'),
  ('e0000000-0000-0000-0000-000000000206', 'a0000000-0000-0000-0000-000000000429', 'd0000000-0000-0000-0000-000000000060', now() - interval '176 days'),
  ('e0000000-0000-0000-0000-000000000207', 'a0000000-0000-0000-0000-000000000008', 'd0000000-0000-0000-0000-000000000094', now() - interval '132 days'),
  ('e0000000-0000-0000-0000-000000000208', 'a0000000-0000-0000-0000-000000000377', 'd0000000-0000-0000-0000-000000000032', now() - interval '77 days'),
  ('e0000000-0000-0000-0000-000000000209', 'a0000000-0000-0000-0000-000000000168', 'd0000000-0000-0000-0000-000000000056', now() + interval '150 days'),
  ('e0000000-0000-0000-0000-000000000210', 'a0000000-0000-0000-0000-000000000457', 'd0000000-0000-0000-0000-000000000076', now() - interval '4 days'),
  ('e0000000-0000-0000-0000-000000000211', 'a0000000-0000-0000-0000-000000000468', 'd0000000-0000-0000-0000-000000000074', now() - interval '60 days'),
  ('e0000000-0000-0000-0000-000000000212', 'a0000000-0000-0000-0000-000000000214', 'd0000000-0000-0000-0000-000000000006', now() - interval '87 days'),
  ('e0000000-0000-0000-0000-000000000213', 'a0000000-0000-0000-0000-000000000241', 'd0000000-0000-0000-0000-000000000094', now() - interval '22 days'),
  ('e0000000-0000-0000-0000-000000000214', 'a0000000-0000-0000-0000-000000000218', 'd0000000-0000-0000-0000-000000000068', now() + interval '120 days'),
  ('e0000000-0000-0000-0000-000000000215', 'a0000000-0000-0000-0000-000000000246', 'd0000000-0000-0000-0000-000000000090', now() + interval '9 days'),
  ('e0000000-0000-0000-0000-000000000216', 'a0000000-0000-0000-0000-000000000232', 'd0000000-0000-0000-0000-000000000064', now() + interval '96 days'),
  ('e0000000-0000-0000-0000-000000000217', 'a0000000-0000-0000-0000-000000000043', 'd0000000-0000-0000-0000-000000000072', now() - interval '8 days'),
  ('e0000000-0000-0000-0000-000000000218', 'a0000000-0000-0000-0000-000000000355', 'd0000000-0000-0000-0000-000000000094', now() + interval '139 days'),
  ('e0000000-0000-0000-0000-000000000219', 'a0000000-0000-0000-0000-000000000487', 'd0000000-0000-0000-0000-000000000028', now() + interval '98 days'),
  ('e0000000-0000-0000-0000-000000000220', 'a0000000-0000-0000-0000-000000000184', 'd0000000-0000-0000-0000-000000000038', now() + interval '114 days'),
  ('e0000000-0000-0000-0000-000000000221', 'a0000000-0000-0000-0000-000000000332', 'd0000000-0000-0000-0000-000000000012', now() + interval '61 days'),
  ('e0000000-0000-0000-0000-000000000222', 'a0000000-0000-0000-0000-000000000246', 'd0000000-0000-0000-0000-000000000086', now() + interval '10 days'),
  ('e0000000-0000-0000-0000-000000000223', 'a0000000-0000-0000-0000-000000000083', 'd0000000-0000-0000-0000-000000000091', now() + interval '99 days'),
  ('e0000000-0000-0000-0000-000000000224', 'a0000000-0000-0000-0000-000000000440', 'd0000000-0000-0000-0000-000000000074', now() + interval '64 days'),
  ('e0000000-0000-0000-0000-000000000225', 'a0000000-0000-0000-0000-000000000500', 'd0000000-0000-0000-0000-000000000059', now() - interval '143 days'),
  ('e0000000-0000-0000-0000-000000000226', 'a0000000-0000-0000-0000-000000000396', 'd0000000-0000-0000-0000-000000000018', now() - interval '87 days'),
  ('e0000000-0000-0000-0000-000000000227', 'a0000000-0000-0000-0000-000000000095', 'd0000000-0000-0000-0000-000000000048', now() + interval '66 days'),
  ('e0000000-0000-0000-0000-000000000228', 'a0000000-0000-0000-0000-000000000361', 'd0000000-0000-0000-0000-000000000082', now() + interval '145 days'),
  ('e0000000-0000-0000-0000-000000000229', 'a0000000-0000-0000-0000-000000000441', 'd0000000-0000-0000-0000-000000000081', now() + interval '169 days'),
  ('e0000000-0000-0000-0000-000000000230', 'a0000000-0000-0000-0000-000000000198', 'd0000000-0000-0000-0000-000000000089', now() + interval '146 days'),
  ('e0000000-0000-0000-0000-000000000231', 'a0000000-0000-0000-0000-000000000272', 'd0000000-0000-0000-0000-000000000005', now() + interval '50 days'),
  ('e0000000-0000-0000-0000-000000000232', 'a0000000-0000-0000-0000-000000000219', 'd0000000-0000-0000-0000-000000000097', now() + interval '53 days'),
  ('e0000000-0000-0000-0000-000000000233', 'a0000000-0000-0000-0000-000000000358', 'd0000000-0000-0000-0000-000000000079', now() + interval '63 days'),
  ('e0000000-0000-0000-0000-000000000234', 'a0000000-0000-0000-0000-000000000404', 'd0000000-0000-0000-0000-000000000088', now() - interval '62 days'),
  ('e0000000-0000-0000-0000-000000000235', 'a0000000-0000-0000-0000-000000000318', 'd0000000-0000-0000-0000-000000000043', now() + interval '175 days'),
  ('e0000000-0000-0000-0000-000000000236', 'a0000000-0000-0000-0000-000000000264', 'd0000000-0000-0000-0000-000000000087', now() - interval '144 days'),
  ('e0000000-0000-0000-0000-000000000237', 'a0000000-0000-0000-0000-000000000455', 'd0000000-0000-0000-0000-000000000007', now() + interval '131 days'),
  ('e0000000-0000-0000-0000-000000000238', 'a0000000-0000-0000-0000-000000000197', 'd0000000-0000-0000-0000-000000000047', now() - interval '167 days'),
  ('e0000000-0000-0000-0000-000000000239', 'a0000000-0000-0000-0000-000000000317', 'd0000000-0000-0000-0000-000000000006', now() + interval '53 days'),
  ('e0000000-0000-0000-0000-000000000240', 'a0000000-0000-0000-0000-000000000188', 'd0000000-0000-0000-0000-000000000023', now() + interval '45 days'),
  ('e0000000-0000-0000-0000-000000000241', 'a0000000-0000-0000-0000-000000000288', 'd0000000-0000-0000-0000-000000000091', now() - interval '81 days'),
  ('e0000000-0000-0000-0000-000000000242', 'a0000000-0000-0000-0000-000000000071', 'd0000000-0000-0000-0000-000000000043', now() + interval '121 days'),
  ('e0000000-0000-0000-0000-000000000243', 'a0000000-0000-0000-0000-000000000277', 'd0000000-0000-0000-0000-000000000015', now() - interval '73 days'),
  ('e0000000-0000-0000-0000-000000000244', 'a0000000-0000-0000-0000-000000000378', 'd0000000-0000-0000-0000-000000000097', now() + interval '127 days'),
  ('e0000000-0000-0000-0000-000000000245', 'a0000000-0000-0000-0000-000000000386', 'd0000000-0000-0000-0000-000000000096', now() - interval '109 days'),
  ('e0000000-0000-0000-0000-000000000246', 'a0000000-0000-0000-0000-000000000165', 'd0000000-0000-0000-0000-000000000046', now() + interval '13 days'),
  ('e0000000-0000-0000-0000-000000000247', 'a0000000-0000-0000-0000-000000000258', 'd0000000-0000-0000-0000-000000000088', now() + interval '176 days'),
  ('e0000000-0000-0000-0000-000000000248', 'a0000000-0000-0000-0000-000000000033', 'd0000000-0000-0000-0000-000000000048', now() + interval '69 days'),
  ('e0000000-0000-0000-0000-000000000249', 'a0000000-0000-0000-0000-000000000232', 'd0000000-0000-0000-0000-000000000063', now() + interval '96 days'),
  ('e0000000-0000-0000-0000-000000000250', 'a0000000-0000-0000-0000-000000000241', 'd0000000-0000-0000-0000-000000000091', now() - interval '21 days')
ON CONFLICT (id) DO NOTHING;

INSERT INTO post_likes (id, post_id, user_id, created_at) VALUES
  ('e0000000-0000-0000-0000-000000000251', 'a0000000-0000-0000-0000-000000000232', 'd0000000-0000-0000-0000-000000000080', now() + interval '97 days'),
  ('e0000000-0000-0000-0000-000000000252', 'a0000000-0000-0000-0000-000000000410', 'd0000000-0000-0000-0000-000000000087', now() - interval '71 days'),
  ('e0000000-0000-0000-0000-000000000253', 'a0000000-0000-0000-0000-000000000097', 'd0000000-0000-0000-0000-000000000059', now() - interval '107 days'),
  ('e0000000-0000-0000-0000-000000000254', 'a0000000-0000-0000-0000-000000000042', 'd0000000-0000-0000-0000-000000000051', now() + interval '72 days'),
  ('e0000000-0000-0000-0000-000000000255', 'a0000000-0000-0000-0000-000000000148', 'd0000000-0000-0000-0000-000000000010', now() - interval '102 days'),
  ('e0000000-0000-0000-0000-000000000256', 'a0000000-0000-0000-0000-000000000085', 'd0000000-0000-0000-0000-000000000036', now() + interval '133 days'),
  ('e0000000-0000-0000-0000-000000000257', 'a0000000-0000-0000-0000-000000000357', 'd0000000-0000-0000-0000-000000000019', now() + interval '92 days'),
  ('e0000000-0000-0000-0000-000000000258', 'a0000000-0000-0000-0000-000000000078', 'd0000000-0000-0000-0000-000000000027', now() + interval '89 days'),
  ('e0000000-0000-0000-0000-000000000259', 'a0000000-0000-0000-0000-000000000151', 'd0000000-0000-0000-0000-000000000054', now() + interval '57 days'),
  ('e0000000-0000-0000-0000-000000000260', 'a0000000-0000-0000-0000-000000000243', 'd0000000-0000-0000-0000-000000000045', now() + interval '111 days'),
  ('e0000000-0000-0000-0000-000000000261', 'a0000000-0000-0000-0000-000000000228', 'd0000000-0000-0000-0000-000000000095', now() + interval '29 days'),
  ('e0000000-0000-0000-0000-000000000262', 'a0000000-0000-0000-0000-000000000150', 'd0000000-0000-0000-0000-000000000025', now() - interval '60 days'),
  ('e0000000-0000-0000-0000-000000000263', 'a0000000-0000-0000-0000-000000000012', 'd0000000-0000-0000-0000-000000000030', now() + interval '64 days'),
  ('e0000000-0000-0000-0000-000000000264', 'a0000000-0000-0000-0000-000000000211', 'd0000000-0000-0000-0000-000000000075', now() + interval '25 days'),
  ('e0000000-0000-0000-0000-000000000265', 'a0000000-0000-0000-0000-000000000336', 'd0000000-0000-0000-0000-000000000083', now() - interval '137 days'),
  ('e0000000-0000-0000-0000-000000000266', 'a0000000-0000-0000-0000-000000000249', 'd0000000-0000-0000-0000-000000000076', now() - interval '29 days'),
  ('e0000000-0000-0000-0000-000000000267', 'a0000000-0000-0000-0000-000000000235', 'd0000000-0000-0000-0000-000000000039', now() + interval '179 days'),
  ('e0000000-0000-0000-0000-000000000268', 'a0000000-0000-0000-0000-000000000460', 'd0000000-0000-0000-0000-000000000040', now() + interval '14 days'),
  ('e0000000-0000-0000-0000-000000000269', 'a0000000-0000-0000-0000-000000000405', 'd0000000-0000-0000-0000-000000000034', now() - interval '153 days'),
  ('e0000000-0000-0000-0000-000000000270', 'a0000000-0000-0000-0000-000000000248', 'd0000000-0000-0000-0000-000000000048', now() - interval '19 days'),
  ('e0000000-0000-0000-0000-000000000271', 'a0000000-0000-0000-0000-000000000395', 'd0000000-0000-0000-0000-000000000007', now() + interval '116 days'),
  ('e0000000-0000-0000-0000-000000000272', 'a0000000-0000-0000-0000-000000000181', 'd0000000-0000-0000-0000-000000000037', now() - interval '135 days'),
  ('e0000000-0000-0000-0000-000000000273', 'a0000000-0000-0000-0000-000000000490', 'd0000000-0000-0000-0000-000000000022', now() + interval '41 days'),
  ('e0000000-0000-0000-0000-000000000274', 'a0000000-0000-0000-0000-000000000365', 'd0000000-0000-0000-0000-000000000069', now() + interval '101 days'),
  ('e0000000-0000-0000-0000-000000000275', 'a0000000-0000-0000-0000-000000000094', 'd0000000-0000-0000-0000-000000000023', now() + interval '147 days'),
  ('e0000000-0000-0000-0000-000000000276', 'a0000000-0000-0000-0000-000000000083', 'd0000000-0000-0000-0000-000000000031', now() + interval '98 days'),
  ('e0000000-0000-0000-0000-000000000277', 'a0000000-0000-0000-0000-000000000022', 'd0000000-0000-0000-0000-000000000041', now() - interval '18 days'),
  ('e0000000-0000-0000-0000-000000000278', 'a0000000-0000-0000-0000-000000000226', 'd0000000-0000-0000-0000-000000000034', now() - interval '55 days'),
  ('e0000000-0000-0000-0000-000000000279', 'a0000000-0000-0000-0000-000000000095', 'd0000000-0000-0000-0000-000000000027', now() + interval '65 days'),
  ('e0000000-0000-0000-0000-000000000280', 'a0000000-0000-0000-0000-000000000341', 'd0000000-0000-0000-0000-000000000041', now() - interval '53 days'),
  ('e0000000-0000-0000-0000-000000000281', 'a0000000-0000-0000-0000-000000000076', 'd0000000-0000-0000-0000-000000000048', now() + interval '98 days'),
  ('e0000000-0000-0000-0000-000000000282', 'a0000000-0000-0000-0000-000000000277', 'd0000000-0000-0000-0000-000000000021', now() - interval '73 days'),
  ('e0000000-0000-0000-0000-000000000283', 'a0000000-0000-0000-0000-000000000063', 'd0000000-0000-0000-0000-000000000004', now() + interval '86 days'),
  ('e0000000-0000-0000-0000-000000000284', 'a0000000-0000-0000-0000-000000000477', 'd0000000-0000-0000-0000-000000000064', now() + interval '45 days'),
  ('e0000000-0000-0000-0000-000000000285', 'a0000000-0000-0000-0000-000000000486', 'd0000000-0000-0000-0000-000000000059', now() + interval '166 days'),
  ('e0000000-0000-0000-0000-000000000286', 'a0000000-0000-0000-0000-000000000080', 'd0000000-0000-0000-0000-000000000001', now() + interval '119 days'),
  ('e0000000-0000-0000-0000-000000000287', 'a0000000-0000-0000-0000-000000000332', 'd0000000-0000-0000-0000-000000000091', now() + interval '62 days'),
  ('e0000000-0000-0000-0000-000000000288', 'a0000000-0000-0000-0000-000000000243', 'd0000000-0000-0000-0000-000000000038', now() + interval '110 days'),
  ('e0000000-0000-0000-0000-000000000289', 'a0000000-0000-0000-0000-000000000410', 'd0000000-0000-0000-0000-000000000073', now() - interval '70 days'),
  ('e0000000-0000-0000-0000-000000000290', 'a0000000-0000-0000-0000-000000000174', 'd0000000-0000-0000-0000-000000000089', now() + interval '151 days'),
  ('e0000000-0000-0000-0000-000000000291', 'a0000000-0000-0000-0000-000000000375', 'd0000000-0000-0000-0000-000000000062', now() + interval '144 days'),
  ('e0000000-0000-0000-0000-000000000292', 'a0000000-0000-0000-0000-000000000072', 'd0000000-0000-0000-0000-000000000087', now() - interval '18 days'),
  ('e0000000-0000-0000-0000-000000000293', 'a0000000-0000-0000-0000-000000000158', 'd0000000-0000-0000-0000-000000000004', now() - interval '54 days'),
  ('e0000000-0000-0000-0000-000000000294', 'a0000000-0000-0000-0000-000000000317', 'd0000000-0000-0000-0000-000000000029', now() + interval '53 days'),
  ('e0000000-0000-0000-0000-000000000295', 'a0000000-0000-0000-0000-000000000183', 'd0000000-0000-0000-0000-000000000012', now() + interval '14 days'),
  ('e0000000-0000-0000-0000-000000000296', 'a0000000-0000-0000-0000-000000000029', 'd0000000-0000-0000-0000-000000000078', now() + interval '27 days'),
  ('e0000000-0000-0000-0000-000000000297', 'a0000000-0000-0000-0000-000000000299', 'd0000000-0000-0000-0000-000000000068', now() + interval '14 days'),
  ('e0000000-0000-0000-0000-000000000298', 'a0000000-0000-0000-0000-000000000401', 'd0000000-0000-0000-0000-000000000099', now() + interval '69 days'),
  ('e0000000-0000-0000-0000-000000000299', 'a0000000-0000-0000-0000-000000000101', 'd0000000-0000-0000-0000-000000000003', now() + interval '121 days'),
  ('e0000000-0000-0000-0000-000000000300', 'a0000000-0000-0000-0000-000000000276', 'd0000000-0000-0000-0000-000000000058', now() + interval '104 days')
ON CONFLICT (id) DO NOTHING;

INSERT INTO post_likes (id, post_id, user_id, created_at) VALUES
  ('e0000000-0000-0000-0000-000000000301', 'a0000000-0000-0000-0000-000000000500', 'd0000000-0000-0000-0000-000000000066', now() - interval '143 days'),
  ('e0000000-0000-0000-0000-000000000302', 'a0000000-0000-0000-0000-000000000100', 'd0000000-0000-0000-0000-000000000063', now() - interval '44 days'),
  ('e0000000-0000-0000-0000-000000000303', 'a0000000-0000-0000-0000-000000000309', 'd0000000-0000-0000-0000-000000000078', now() + interval '132 days'),
  ('e0000000-0000-0000-0000-000000000304', 'a0000000-0000-0000-0000-000000000466', 'd0000000-0000-0000-0000-000000000086', now() - interval '168 days'),
  ('e0000000-0000-0000-0000-000000000305', 'a0000000-0000-0000-0000-000000000204', 'd0000000-0000-0000-0000-000000000019', now() + interval '117 days'),
  ('e0000000-0000-0000-0000-000000000306', 'a0000000-0000-0000-0000-000000000190', 'd0000000-0000-0000-0000-000000000050', now() - interval '19 days'),
  ('e0000000-0000-0000-0000-000000000307', 'a0000000-0000-0000-0000-000000000007', 'd0000000-0000-0000-0000-000000000037', now() + interval '178 days'),
  ('e0000000-0000-0000-0000-000000000308', 'a0000000-0000-0000-0000-000000000180', 'd0000000-0000-0000-0000-000000000040', now() - interval '36 days'),
  ('e0000000-0000-0000-0000-000000000309', 'a0000000-0000-0000-0000-000000000448', 'd0000000-0000-0000-0000-000000000072', now() - interval '21 days'),
  ('e0000000-0000-0000-0000-000000000310', 'a0000000-0000-0000-0000-000000000111', 'd0000000-0000-0000-0000-000000000094', now() + interval '43 days'),
  ('e0000000-0000-0000-0000-000000000311', 'a0000000-0000-0000-0000-000000000380', 'd0000000-0000-0000-0000-000000000054', now() + interval '36 days'),
  ('e0000000-0000-0000-0000-000000000312', 'a0000000-0000-0000-0000-000000000148', 'd0000000-0000-0000-0000-000000000021', now() - interval '101 days'),
  ('e0000000-0000-0000-0000-000000000313', 'a0000000-0000-0000-0000-000000000374', 'd0000000-0000-0000-0000-000000000054', now() - interval '154 days'),
  ('e0000000-0000-0000-0000-000000000314', 'a0000000-0000-0000-0000-000000000307', 'd0000000-0000-0000-0000-000000000012', now() - interval '118 days'),
  ('e0000000-0000-0000-0000-000000000315', 'a0000000-0000-0000-0000-000000000107', 'd0000000-0000-0000-0000-000000000039', now() + interval '156 days'),
  ('e0000000-0000-0000-0000-000000000316', 'a0000000-0000-0000-0000-000000000445', 'd0000000-0000-0000-0000-000000000068', now() + interval '20 days'),
  ('e0000000-0000-0000-0000-000000000317', 'a0000000-0000-0000-0000-000000000034', 'd0000000-0000-0000-0000-000000000076', now() + interval '30 days'),
  ('e0000000-0000-0000-0000-000000000318', 'a0000000-0000-0000-0000-000000000046', 'd0000000-0000-0000-0000-000000000001', now() - interval '137 days'),
  ('e0000000-0000-0000-0000-000000000319', 'a0000000-0000-0000-0000-000000000328', 'd0000000-0000-0000-0000-000000000035', now() - interval '169 days'),
  ('e0000000-0000-0000-0000-000000000320', 'a0000000-0000-0000-0000-000000000090', 'd0000000-0000-0000-0000-000000000072', now() + interval '178 days'),
  ('e0000000-0000-0000-0000-000000000321', 'a0000000-0000-0000-0000-000000000364', 'd0000000-0000-0000-0000-000000000073', now() - interval '102 days'),
  ('e0000000-0000-0000-0000-000000000322', 'a0000000-0000-0000-0000-000000000103', 'd0000000-0000-0000-0000-000000000024', now() + interval '52 days'),
  ('e0000000-0000-0000-0000-000000000323', 'a0000000-0000-0000-0000-000000000149', 'd0000000-0000-0000-0000-000000000071', now() + interval '174 days'),
  ('e0000000-0000-0000-0000-000000000324', 'a0000000-0000-0000-0000-000000000022', 'd0000000-0000-0000-0000-000000000039', now() - interval '17 days'),
  ('e0000000-0000-0000-0000-000000000325', 'a0000000-0000-0000-0000-000000000253', 'd0000000-0000-0000-0000-000000000072', now() - interval '16 days'),
  ('e0000000-0000-0000-0000-000000000326', 'a0000000-0000-0000-0000-000000000115', 'd0000000-0000-0000-0000-000000000004', now() + interval '53 days'),
  ('e0000000-0000-0000-0000-000000000327', 'a0000000-0000-0000-0000-000000000079', 'd0000000-0000-0000-0000-000000000034', now() - interval '107 days'),
  ('e0000000-0000-0000-0000-000000000328', 'a0000000-0000-0000-0000-000000000490', 'd0000000-0000-0000-0000-000000000082', now() + interval '42 days'),
  ('e0000000-0000-0000-0000-000000000329', 'a0000000-0000-0000-0000-000000000064', 'd0000000-0000-0000-0000-000000000084', now() - interval '149 days'),
  ('e0000000-0000-0000-0000-000000000330', 'a0000000-0000-0000-0000-000000000214', 'd0000000-0000-0000-0000-000000000023', now() - interval '86 days'),
  ('e0000000-0000-0000-0000-000000000331', 'a0000000-0000-0000-0000-000000000465', 'd0000000-0000-0000-0000-000000000089', now() + interval '163 days'),
  ('e0000000-0000-0000-0000-000000000332', 'a0000000-0000-0000-0000-000000000015', 'd0000000-0000-0000-0000-000000000016', now() + interval '110 days'),
  ('e0000000-0000-0000-0000-000000000333', 'a0000000-0000-0000-0000-000000000253', 'd0000000-0000-0000-0000-000000000009', now() - interval '16 days'),
  ('e0000000-0000-0000-0000-000000000334', 'a0000000-0000-0000-0000-000000000290', 'd0000000-0000-0000-0000-000000000056', now() - interval '83 days'),
  ('e0000000-0000-0000-0000-000000000335', 'a0000000-0000-0000-0000-000000000322', 'd0000000-0000-0000-0000-000000000088', now() + interval '17 days'),
  ('e0000000-0000-0000-0000-000000000336', 'a0000000-0000-0000-0000-000000000499', 'd0000000-0000-0000-0000-000000000089', now() - interval '41 days'),
  ('e0000000-0000-0000-0000-000000000337', 'a0000000-0000-0000-0000-000000000192', 'd0000000-0000-0000-0000-000000000066', now() + interval '159 days'),
  ('e0000000-0000-0000-0000-000000000338', 'a0000000-0000-0000-0000-000000000433', 'd0000000-0000-0000-0000-000000000034', now() + interval '114 days'),
  ('e0000000-0000-0000-0000-000000000339', 'a0000000-0000-0000-0000-000000000298', 'd0000000-0000-0000-0000-000000000008', now() + interval '151 days'),
  ('e0000000-0000-0000-0000-000000000340', 'a0000000-0000-0000-0000-000000000164', 'd0000000-0000-0000-0000-000000000060', now() + interval '93 days'),
  ('e0000000-0000-0000-0000-000000000341', 'a0000000-0000-0000-0000-000000000183', 'd0000000-0000-0000-0000-000000000021', now() + interval '13 days'),
  ('e0000000-0000-0000-0000-000000000342', 'a0000000-0000-0000-0000-000000000140', 'd0000000-0000-0000-0000-000000000047', now() - interval '144 days'),
  ('e0000000-0000-0000-0000-000000000343', 'a0000000-0000-0000-0000-000000000326', 'd0000000-0000-0000-0000-000000000046', now() + interval '6 days'),
  ('e0000000-0000-0000-0000-000000000344', 'a0000000-0000-0000-0000-000000000149', 'd0000000-0000-0000-0000-000000000038', now() + interval '173 days'),
  ('e0000000-0000-0000-0000-000000000345', 'a0000000-0000-0000-0000-000000000264', 'd0000000-0000-0000-0000-000000000025', now() - interval '145 days'),
  ('e0000000-0000-0000-0000-000000000346', 'a0000000-0000-0000-0000-000000000392', 'd0000000-0000-0000-0000-000000000013', now() + interval '129 days'),
  ('e0000000-0000-0000-0000-000000000347', 'a0000000-0000-0000-0000-000000000279', 'd0000000-0000-0000-0000-000000000042', now() - interval '86 days'),
  ('e0000000-0000-0000-0000-000000000348', 'a0000000-0000-0000-0000-000000000424', 'd0000000-0000-0000-0000-000000000088', now() - interval '23 days'),
  ('e0000000-0000-0000-0000-000000000349', 'a0000000-0000-0000-0000-000000000139', 'd0000000-0000-0000-0000-000000000088', now() - interval '179 days'),
  ('e0000000-0000-0000-0000-000000000350', 'a0000000-0000-0000-0000-000000000297', 'd0000000-0000-0000-0000-000000000046', now() - interval '138 days')
ON CONFLICT (id) DO NOTHING;


-- ────────────────────────────────────────────────
-- 4. 중고거래 (market_items) — 100개
-- ────────────────────────────────────────────────
INSERT INTO market_items (id, user_id, title, description, price, category, baby_age_months, region, photos, status, chat_count, created_at) VALUES
  ('ab000000-0000-0000-0000-000000000001', 'd0000000-0000-0000-0000-000000000002', '봉봉 겨울 패딩 (90사이즈)', '세탁 완료했어요! 깨끗한 상태예요.', 19487, 'clothes', '12+', '고양', '["https://picsum.photos/seed/dodam-market-001-0/400/400","https://picsum.photos/seed/dodam-market-001-1/400/400"]', 'active', 7, now() + interval '42 days'),
  ('ab000000-0000-0000-0000-000000000002', 'd0000000-0000-0000-0000-000000000014', '아벤트 젖병 세트 (미개봉)', '출산 선물로 받았는데 겹쳐서 내놔요. 미개봉이에요!', 27139, 'feeding', '0~6', '김해', '["https://picsum.photos/seed/dodam-market-002-0/400/400","https://picsum.photos/seed/dodam-market-002-1/400/400","https://picsum.photos/seed/dodam-market-002-2/400/400"]', 'active', 3, now() + interval '135 days'),
  ('ab000000-0000-0000-0000-000000000003', 'd0000000-0000-0000-0000-000000000069', '보행기 (사용감 약간 있음)', '세탁 완료했어요! 깨끗한 상태예요.', 53348, 'toys', '0~3', '인천', '["https://picsum.photos/seed/dodam-market-003-0/400/400"]', 'active', 7, now() + interval '5 days'),
  ('ab000000-0000-0000-0000-000000000004', 'd0000000-0000-0000-0000-000000000062', '스토케 트립트랩 하이체어', '1년 사용, 전체적으로 깨끗해요. 직거래 희망!', 172820, 'furniture', '0~6', '창원', '["https://picsum.photos/seed/dodam-market-004-0/400/400","https://picsum.photos/seed/dodam-market-004-1/400/400","https://picsum.photos/seed/dodam-market-004-2/400/400"]', 'active', 7, now() + interval '88 days'),
  ('ab000000-0000-0000-0000-000000000005', 'd0000000-0000-0000-0000-000000000023', '요요 유모차 (경량형)', '상태 매우 좋아요! 거의 새 것이에요. 세 번 정도 사용했어요.', 179871, 'stroller', '3~6', '인천', '["https://picsum.photos/seed/dodam-market-005-0/400/400","https://picsum.photos/seed/dodam-market-005-1/400/400","https://picsum.photos/seed/dodam-market-005-2/400/400"]', 'active', 2, now() - interval '33 days'),
  ('ab000000-0000-0000-0000-000000000006', 'd0000000-0000-0000-0000-000000000027', '아기 내복 세트 (60)', '아기가 커서 안 쓰게 됐어요 ㅠ 잘 쓰실 분 연락주세요!', 10133, 'clothes', '0~3', '천안', '["https://picsum.photos/seed/dodam-market-006-0/400/400"]', 'done', 1, now() + interval '111 days'),
  ('ab000000-0000-0000-0000-000000000007', 'd0000000-0000-0000-0000-000000000006', '이유식 도구 세트 나눔', '6개월 사용했어요. 사용감 있지만 기능 이상 없어요.', 0, 'feeding', '0~6', '인천', '["https://picsum.photos/seed/dodam-market-007-0/400/400","https://picsum.photos/seed/dodam-market-007-1/400/400","https://picsum.photos/seed/dodam-market-007-2/400/400"]', 'active', 10, now() - interval '31 days'),
  ('ab000000-0000-0000-0000-000000000008', 'd0000000-0000-0000-0000-000000000033', '피셔프라이스 점퍼루', '아기가 커서 안 쓰게 됐어요 ㅠ 잘 쓰실 분 연락주세요!', 31418, 'toys', '0~3', '고양', '["https://picsum.photos/seed/dodam-market-008-0/400/400"]', 'done', 0, now() + interval '53 days'),
  ('ab000000-0000-0000-0000-000000000009', 'd0000000-0000-0000-0000-000000000076', '범보 의자 + 트레이', '출산 선물로 받았는데 겹쳐서 내놔요. 미개봉이에요!', 31554, 'furniture', '3~6', '창원', '["https://picsum.photos/seed/dodam-market-009-0/400/400","https://picsum.photos/seed/dodam-market-009-1/400/400","https://picsum.photos/seed/dodam-market-009-2/400/400"]', 'active', 1, now() + interval '149 days'),
  ('ab000000-0000-0000-0000-000000000010', 'd0000000-0000-0000-0000-000000000045', '영유아 카시트 (조이)', '출산 선물로 받았는데 겹쳐서 내놔요. 미개봉이에요!', 126163, 'stroller', '3~6', '김해', '["https://picsum.photos/seed/dodam-market-010-0/400/400","https://picsum.photos/seed/dodam-market-010-1/400/400","https://picsum.photos/seed/dodam-market-010-2/400/400"]', 'done', 9, now() + interval '26 days'),
  ('ab000000-0000-0000-0000-000000000011', 'd0000000-0000-0000-0000-000000000075', '아기 봄옷 모음 (80)', '세탁 완료했어요! 깨끗한 상태예요.', 10458, 'clothes', '6~12', '울산', '["https://picsum.photos/seed/dodam-market-011-0/400/400"]', 'done', 3, now() + interval '138 days'),
  ('ab000000-0000-0000-0000-000000000012', 'd0000000-0000-0000-0000-000000000001', '닥터브라운 젖병 5개 나눔', '새 상품이에요! 선물 받았는데 이미 있어서요.', 0, 'feeding', '12+', '인천', '["https://picsum.photos/seed/dodam-market-012-0/400/400","https://picsum.photos/seed/dodam-market-012-1/400/400"]', 'active', 8, now() + interval '48 days'),
  ('ab000000-0000-0000-0000-000000000013', 'd0000000-0000-0000-0000-000000000057', '레고 듀플로 기차세트', '아기가 커서 안 쓰게 됐어요 ㅠ 잘 쓰실 분 연락주세요!', 47070, 'toys', '12+', '대전', '["https://picsum.photos/seed/dodam-market-013-0/400/400"]', 'active', 6, now() + interval '105 days'),
  ('ab000000-0000-0000-0000-000000000014', 'd0000000-0000-0000-0000-000000000015', '아기 매트 (폴더형)', '아기가 커서 안 쓰게 됐어요 ㅠ 잘 쓰실 분 연락주세요!', 55596, 'furniture', '3~6', '전주', '["https://picsum.photos/seed/dodam-market-014-0/400/400","https://picsum.photos/seed/dodam-market-014-1/400/400"]', 'active', 8, now() + interval '74 days'),
  ('ab000000-0000-0000-0000-000000000015', 'd0000000-0000-0000-0000-000000000072', '부가부 비6 유모차', '아기가 커서 안 쓰게 됐어요 ㅠ 잘 쓰실 분 연락주세요!', 210645, 'stroller', '12+', '용인', '["https://picsum.photos/seed/dodam-market-015-0/400/400","https://picsum.photos/seed/dodam-market-015-1/400/400"]', 'active', 1, now() + interval '80 days'),
  ('ab000000-0000-0000-0000-000000000016', 'd0000000-0000-0000-0000-000000000088', '겨울 방한 우주복 (70)', '6개월 사용했어요. 사용감 있지만 기능 이상 없어요.', 29547, 'clothes', '12+', '포항', '["https://picsum.photos/seed/dodam-market-016-0/400/400"]', 'active', 4, now() + interval '122 days'),
  ('ab000000-0000-0000-0000-000000000017', 'd0000000-0000-0000-0000-000000000087', '수유쿠션 (마이브레스트)', '출산 선물로 받았는데 겹쳐서 내놔요. 미개봉이에요!', 21020, 'feeding', '0~3', '서울', '["https://picsum.photos/seed/dodam-market-017-0/400/400","https://picsum.photos/seed/dodam-market-017-1/400/400"]', 'done', 7, now() + interval '169 days'),
  ('ab000000-0000-0000-0000-000000000018', 'd0000000-0000-0000-0000-000000000087', '백색소음기 나눔', '아기가 커서 안 쓰게 됐어요 ㅠ 잘 쓰실 분 연락주세요!', 0, 'toys', '12+', '인천', '["https://picsum.photos/seed/dodam-market-018-0/400/400","https://picsum.photos/seed/dodam-market-018-1/400/400","https://picsum.photos/seed/dodam-market-018-2/400/400"]', 'active', 6, now() + interval '27 days'),
  ('ab000000-0000-0000-0000-000000000019', 'd0000000-0000-0000-0000-000000000095', '보니치킨 아기 의자', '아기가 커서 안 쓰게 됐어요 ㅠ 잘 쓰실 분 연락주세요!', 35528, 'furniture', '3~6', '창원', '["https://picsum.photos/seed/dodam-market-019-0/400/400","https://picsum.photos/seed/dodam-market-019-1/400/400","https://picsum.photos/seed/dodam-market-019-2/400/400"]', 'active', 5, now() + interval '104 days'),
  ('ab000000-0000-0000-0000-000000000020', 'd0000000-0000-0000-0000-000000000016', '유모차 발싸개 (컴비)', '우리 아기가 좋아했어요! 추천합니다 ㅎㅎ', 13815, 'stroller', '6~12', '천안', '["https://picsum.photos/seed/dodam-market-020-0/400/400","https://picsum.photos/seed/dodam-market-020-1/400/400","https://picsum.photos/seed/dodam-market-020-2/400/400"]', 'done', 7, now() + interval '152 days'),
  ('ab000000-0000-0000-0000-000000000021', 'd0000000-0000-0000-0000-000000000035', '아기 여름옷 세트 (90)', '사용감 약간 있지만 기능은 완벽해요!', 22391, 'clothes', '0~6', '제주', '["https://picsum.photos/seed/dodam-market-021-0/400/400","https://picsum.photos/seed/dodam-market-021-1/400/400"]', 'active', 7, now() + interval '131 days'),
  ('ab000000-0000-0000-0000-000000000022', 'd0000000-0000-0000-0000-000000000036', '이유식 보온도시락', '사용감 약간 있지만 기능은 완벽해요!', 12414, 'feeding', '6~12', '전주', '["https://picsum.photos/seed/dodam-market-022-0/400/400","https://picsum.photos/seed/dodam-market-022-1/400/400"]', 'active', 1, now() + interval '161 days'),
  ('ab000000-0000-0000-0000-000000000023', 'd0000000-0000-0000-0000-000000000018', '아기 그림책 30권 세트', '아기가 커서 안 쓰게 됐어요 ㅠ 잘 쓰실 분 연락주세요!', 30973, 'toys', '0~3', '부산', '["https://picsum.photos/seed/dodam-market-023-0/400/400"]', 'active', 7, now() - interval '174 days'),
  ('ab000000-0000-0000-0000-000000000024', 'd0000000-0000-0000-0000-000000000042', '아기 바운서 나눔', '출산 선물로 받았는데 겹쳐서 내놔요. 미개봉이에요!', 0, 'furniture', '0~3', '고양', '["https://picsum.photos/seed/dodam-market-024-0/400/400"]', 'reserved', 9, now() + interval '134 days'),
  ('ab000000-0000-0000-0000-000000000025', 'd0000000-0000-0000-0000-000000000099', '절충형 유모차 (콤비)', '사용감 약간 있지만 기능은 완벽해요!', 144512, 'stroller', '12+', '전주', '["https://picsum.photos/seed/dodam-market-025-0/400/400","https://picsum.photos/seed/dodam-market-025-1/400/400"]', 'active', 4, now() + interval '139 days'),
  ('ab000000-0000-0000-0000-000000000026', 'd0000000-0000-0000-0000-000000000044', '신생아 턱받이 10장 세트', '우리 아기가 좋아했어요! 추천합니다 ㅎㅎ', 11631, 'clothes', '0~3', '포항', '["https://picsum.photos/seed/dodam-market-026-0/400/400","https://picsum.photos/seed/dodam-market-026-1/400/400"]', 'reserved', 0, now() + interval '31 days'),
  ('ab000000-0000-0000-0000-000000000027', 'd0000000-0000-0000-0000-000000000050', '아기 식기 세트 (에디슨)', '포장 그대로 있어요. 선물용으로도 좋아요!', 15374, 'feeding', '0~3', '제주', '["https://picsum.photos/seed/dodam-market-027-0/400/400"]', 'active', 7, now() - interval '169 days'),
  ('ab000000-0000-0000-0000-000000000028', 'd0000000-0000-0000-0000-000000000100', '목욕 장난감 세트', '3개월 정도 사용. 깨끗하게 관리했어요.', 9965, 'toys', '3~6', '대전', '["https://picsum.photos/seed/dodam-market-028-0/400/400","https://picsum.photos/seed/dodam-market-028-1/400/400"]', 'active', 6, now() + interval '125 days'),
  ('ab000000-0000-0000-0000-000000000029', 'd0000000-0000-0000-0000-000000000098', '접이식 아기 욕조', '박스 포함, 부품 다 있어요. 설명서도 드려요!', 16792, 'furniture', '0~6', '청주', '["https://picsum.photos/seed/dodam-market-029-0/400/400","https://picsum.photos/seed/dodam-market-029-1/400/400","https://picsum.photos/seed/dodam-market-029-2/400/400"]', 'done', 8, now() + interval '144 days'),
  ('ab000000-0000-0000-0000-000000000030', 'd0000000-0000-0000-0000-000000000021', '디럭스 유모차 (시크)', '상태 매우 좋아요! 거의 새 것이에요. 세 번 정도 사용했어요.', 216412, 'stroller', '0~6', '제주', '["https://picsum.photos/seed/dodam-market-030-0/400/400","https://picsum.photos/seed/dodam-market-030-1/400/400"]', 'active', 7, now() + interval '91 days'),
  ('ab000000-0000-0000-0000-000000000031', 'd0000000-0000-0000-0000-000000000099', '아기 수면조끼 (겨울)', '포장 그대로 있어요. 선물용으로도 좋아요!', 12660, 'clothes', '0~3', '부산', '["https://picsum.photos/seed/dodam-market-031-0/400/400"]', 'active', 9, now() + interval '90 days'),
  ('ab000000-0000-0000-0000-000000000032', 'd0000000-0000-0000-0000-000000000095', '전동 유축기 (스펙트라)', '상태 매우 좋아요! 거의 새 것이에요. 세 번 정도 사용했어요.', 88270, 'feeding', '12+', '용인', '["https://picsum.photos/seed/dodam-market-032-0/400/400","https://picsum.photos/seed/dodam-market-032-1/400/400"]', 'active', 1, now() + interval '106 days'),
  ('ab000000-0000-0000-0000-000000000033', 'd0000000-0000-0000-0000-000000000045', '오볼 장난감 모음', '2년 사용했지만 상태 좋아요. 사진 참고해주세요.', 5924, 'toys', '6~12', '수원', '["https://picsum.photos/seed/dodam-market-033-0/400/400","https://picsum.photos/seed/dodam-market-033-1/400/400","https://picsum.photos/seed/dodam-market-033-2/400/400"]', 'active', 3, now() - interval '177 days'),
  ('ab000000-0000-0000-0000-000000000034', 'd0000000-0000-0000-0000-000000000009', '아기 식탁의자 (꼬마)', '아기가 커서 안 쓰게 됐어요 ㅠ 잘 쓰실 분 연락주세요!', 59982, 'furniture', '0~6', '용인', '["https://picsum.photos/seed/dodam-market-034-0/400/400","https://picsum.photos/seed/dodam-market-034-1/400/400"]', 'active', 0, now() - interval '169 days'),
  ('ab000000-0000-0000-0000-000000000035', 'd0000000-0000-0000-0000-000000000055', '유모차 모기장 + 방한커버', '세탁 완료했어요! 깨끗한 상태예요.', 19306, 'stroller', '12+', '천안', '["https://picsum.photos/seed/dodam-market-035-0/400/400","https://picsum.photos/seed/dodam-market-035-1/400/400","https://picsum.photos/seed/dodam-market-035-2/400/400"]', 'active', 0, now() - interval '82 days'),
  ('ab000000-0000-0000-0000-000000000036', 'd0000000-0000-0000-0000-000000000049', '아기 한복 (돌잔치용)', '잘 소독해서 보내드릴게요 💕 무료 나눔이에요!', 38689, 'clothes', '12+', '용인', '["https://picsum.photos/seed/dodam-market-036-0/400/400"]', 'reserved', 1, now() + interval '53 days'),
  ('ab000000-0000-0000-0000-000000000037', 'd0000000-0000-0000-0000-000000000044', '분유 포트 (보만)', '세탁 완료했어요! 깨끗한 상태예요.', 36276, 'feeding', '6~12', '용인', '["https://picsum.photos/seed/dodam-market-037-0/400/400","https://picsum.photos/seed/dodam-market-037-1/400/400"]', 'active', 9, now() + interval '52 days'),
  ('ab000000-0000-0000-0000-000000000038', 'd0000000-0000-0000-0000-000000000064', '소근육 발달 장난감 세트', '우리 아기가 좋아했어요! 추천합니다 ㅎㅎ', 25411, 'toys', '6~12', '대구', '["https://picsum.photos/seed/dodam-market-038-0/400/400","https://picsum.photos/seed/dodam-market-038-1/400/400"]', 'reserved', 3, now() - interval '147 days'),
  ('ab000000-0000-0000-0000-000000000039', 'd0000000-0000-0000-0000-000000000052', '아기 침대 가드', '박스 포함, 부품 다 있어요. 설명서도 드려요!', 27401, 'furniture', '0~3', '대구', '["https://picsum.photos/seed/dodam-market-039-0/400/400","https://picsum.photos/seed/dodam-market-039-1/400/400","https://picsum.photos/seed/dodam-market-039-2/400/400"]', 'done', 9, now() - interval '18 days'),
  ('ab000000-0000-0000-0000-000000000040', 'd0000000-0000-0000-0000-000000000073', '힙시트 캐리어 (아이엔젤)', '아기가 좋아했던 제품이에요. 다른 분도 잘 쓰시길!', 64803, 'stroller', '0~3', '천안', '["https://picsum.photos/seed/dodam-market-040-0/400/400","https://picsum.photos/seed/dodam-market-040-1/400/400","https://picsum.photos/seed/dodam-market-040-2/400/400"]', 'active', 5, now() + interval '130 days'),
  ('ab000000-0000-0000-0000-000000000041', 'd0000000-0000-0000-0000-000000000039', '아기 양말 10켤레 세트', '2년 사용했지만 상태 좋아요. 사진 참고해주세요.', 8546, 'clothes', '12+', '포항', '["https://picsum.photos/seed/dodam-market-041-0/400/400","https://picsum.photos/seed/dodam-market-041-1/400/400"]', 'active', 3, now() - interval '132 days'),
  ('ab000000-0000-0000-0000-000000000042', 'd0000000-0000-0000-0000-000000000059', '이유식 냉동 소분 용기', '사용감 약간 있지만 기능은 완벽해요!', 10501, 'feeding', '0~6', '포항', '["https://picsum.photos/seed/dodam-market-042-0/400/400"]', 'active', 0, now() + interval '55 days'),
  ('ab000000-0000-0000-0000-000000000043', 'd0000000-0000-0000-0000-000000000085', '치발기 모음 3개', '1년 사용, 전체적으로 깨끗해요. 직거래 희망!', 12656, 'toys', '0~6', '포항', '["https://picsum.photos/seed/dodam-market-043-0/400/400","https://picsum.photos/seed/dodam-market-043-1/400/400","https://picsum.photos/seed/dodam-market-043-2/400/400"]', 'reserved', 6, now() + interval '134 days'),
  ('ab000000-0000-0000-0000-000000000044', 'd0000000-0000-0000-0000-000000000026', '아기 옷장 (3단)', '아기가 좋아했던 제품이에요. 다른 분도 잘 쓰시길!', 73873, 'furniture', '6~12', '광주', '["https://picsum.photos/seed/dodam-market-044-0/400/400","https://picsum.photos/seed/dodam-market-044-1/400/400"]', 'active', 2, now() + interval '17 days'),
  ('ab000000-0000-0000-0000-000000000045', 'd0000000-0000-0000-0000-000000000082', '경량 휴대용 유모차', '우리 아기가 좋아했어요! 추천합니다 ㅎㅎ', 86680, 'stroller', '3~6', '천안', '["https://picsum.photos/seed/dodam-market-045-0/400/400","https://picsum.photos/seed/dodam-market-045-1/400/400"]', 'active', 4, now() + interval '61 days'),
  ('ab000000-0000-0000-0000-000000000046', 'd0000000-0000-0000-0000-000000000052', '아기 수영복 + 기저귀', '아기가 커서 안 쓰게 됐어요 ㅠ 잘 쓰실 분 연락주세요!', 11907, 'clothes', '3~6', '광주', '["https://picsum.photos/seed/dodam-market-046-0/400/400","https://picsum.photos/seed/dodam-market-046-1/400/400"]', 'active', 0, now() + interval '144 days'),
  ('ab000000-0000-0000-0000-000000000047', 'd0000000-0000-0000-0000-000000000056', '보틀워머 (수유용)', '2년 사용했지만 상태 좋아요. 사진 참고해주세요.', 21914, 'feeding', '6~12', '부산', '["https://picsum.photos/seed/dodam-market-047-0/400/400"]', 'active', 2, now() - interval '72 days'),
  ('ab000000-0000-0000-0000-000000000048', 'd0000000-0000-0000-0000-000000000085', '먼치킨 모빌', '출산 선물로 받았는데 겹쳐서 내놔요. 미개봉이에요!', 19022, 'toys', '0~3', '부산', '["https://picsum.photos/seed/dodam-market-048-0/400/400"]', 'done', 7, now() + interval '22 days'),
  ('ab000000-0000-0000-0000-000000000049', 'd0000000-0000-0000-0000-000000000041', '폴더형 아기 침대', '우리 아기가 좋아했어요! 추천합니다 ㅎㅎ', 119056, 'furniture', '0~3', '대구', '["https://picsum.photos/seed/dodam-market-049-0/400/400","https://picsum.photos/seed/dodam-market-049-1/400/400"]', 'active', 5, now() + interval '36 days'),
  ('ab000000-0000-0000-0000-000000000050', 'd0000000-0000-0000-0000-000000000031', '유모차 정리함 (수납)', '박스 포함, 부품 다 있어요. 설명서도 드려요!', 9833, 'stroller', '0~6', '김해', '["https://picsum.photos/seed/dodam-market-050-0/400/400","https://picsum.photos/seed/dodam-market-050-1/400/400","https://picsum.photos/seed/dodam-market-050-2/400/400"]', 'active', 8, now() - interval '24 days')
ON CONFLICT (id) DO NOTHING;

INSERT INTO market_items (id, user_id, title, description, price, category, baby_age_months, region, photos, status, chat_count, created_at) VALUES
  ('ab000000-0000-0000-0000-000000000051', 'd0000000-0000-0000-0000-000000000031', '봉봉 겨울 패딩 (90사이즈)', '아기가 커서 안 쓰게 됐어요 ㅠ 잘 쓰실 분 연락주세요!', 34654, 'clothes', '12+', '용인', '["https://picsum.photos/seed/dodam-market-051-0/400/400","https://picsum.photos/seed/dodam-market-051-1/400/400","https://picsum.photos/seed/dodam-market-051-2/400/400"]', 'active', 9, now() + interval '109 days'),
  ('ab000000-0000-0000-0000-000000000052', 'd0000000-0000-0000-0000-000000000028', '아벤트 젖병 세트 (미개봉)', '아기가 커서 안 쓰게 됐어요 ㅠ 잘 쓰실 분 연락주세요!', 24727, 'feeding', '12+', '대전', '["https://picsum.photos/seed/dodam-market-052-0/400/400","https://picsum.photos/seed/dodam-market-052-1/400/400"]', 'active', 4, now() - interval '151 days'),
  ('ab000000-0000-0000-0000-000000000053', 'd0000000-0000-0000-0000-000000000008', '보행기 (사용감 약간 있음)', '세탁 완료했어요! 깨끗한 상태예요.', 46068, 'toys', '6~12', '창원', '["https://picsum.photos/seed/dodam-market-053-0/400/400","https://picsum.photos/seed/dodam-market-053-1/400/400","https://picsum.photos/seed/dodam-market-053-2/400/400"]', 'done', 1, now() + interval '175 days'),
  ('ab000000-0000-0000-0000-000000000054', 'd0000000-0000-0000-0000-000000000032', '스토케 트립트랩 하이체어', '3개월 정도 사용. 깨끗하게 관리했어요.', 168201, 'furniture', '6~12', '광주', '["https://picsum.photos/seed/dodam-market-054-0/400/400","https://picsum.photos/seed/dodam-market-054-1/400/400"]', 'active', 7, now() - interval '156 days'),
  ('ab000000-0000-0000-0000-000000000055', 'd0000000-0000-0000-0000-000000000005', '요요 유모차 (경량형)', '새 상품이에요! 선물 받았는데 이미 있어서요.', 114332, 'stroller', '12+', '수원', '["https://picsum.photos/seed/dodam-market-055-0/400/400","https://picsum.photos/seed/dodam-market-055-1/400/400"]', 'active', 8, now() + interval '180 days'),
  ('ab000000-0000-0000-0000-000000000056', 'd0000000-0000-0000-0000-000000000047', '아기 내복 세트 (60)', '아기가 커서 안 쓰게 됐어요 ㅠ 잘 쓰실 분 연락주세요!', 19227, 'clothes', '12+', '포항', '["https://picsum.photos/seed/dodam-market-056-0/400/400"]', 'active', 7, now() + interval '101 days'),
  ('ab000000-0000-0000-0000-000000000057', 'd0000000-0000-0000-0000-000000000033', '이유식 도구 세트 나눔', '1년 사용, 전체적으로 깨끗해요. 직거래 희망!', 0, 'feeding', '3~6', '대구', '["https://picsum.photos/seed/dodam-market-057-0/400/400"]', 'active', 4, now() + interval '162 days'),
  ('ab000000-0000-0000-0000-000000000058', 'd0000000-0000-0000-0000-000000000041', '피셔프라이스 점퍼루', '사용감 약간 있지만 기능은 완벽해요!', 58818, 'toys', '0~3', '천안', '["https://picsum.photos/seed/dodam-market-058-0/400/400","https://picsum.photos/seed/dodam-market-058-1/400/400"]', 'active', 4, now() + interval '106 days'),
  ('ab000000-0000-0000-0000-000000000059', 'd0000000-0000-0000-0000-000000000043', '범보 의자 + 트레이', '3개월 정도 사용. 깨끗하게 관리했어요.', 38840, 'furniture', '0~6', '인천', '["https://picsum.photos/seed/dodam-market-059-0/400/400"]', 'active', 4, now() - interval '155 days'),
  ('ab000000-0000-0000-0000-000000000060', 'd0000000-0000-0000-0000-000000000094', '영유아 카시트 (조이)', '아기가 좋아했던 제품이에요. 다른 분도 잘 쓰시길!', 122830, 'stroller', '3~6', '서울', '["https://picsum.photos/seed/dodam-market-060-0/400/400","https://picsum.photos/seed/dodam-market-060-1/400/400","https://picsum.photos/seed/dodam-market-060-2/400/400"]', 'active', 10, now() + interval '165 days'),
  ('ab000000-0000-0000-0000-000000000061', 'd0000000-0000-0000-0000-000000000018', '아기 봄옷 모음 (80)', '잘 소독해서 보내드릴게요 💕 무료 나눔이에요!', 10100, 'clothes', '6~12', '울산', '["https://picsum.photos/seed/dodam-market-061-0/400/400","https://picsum.photos/seed/dodam-market-061-1/400/400","https://picsum.photos/seed/dodam-market-061-2/400/400"]', 'done', 4, now() - interval '41 days'),
  ('ab000000-0000-0000-0000-000000000062', 'd0000000-0000-0000-0000-000000000032', '닥터브라운 젖병 5개 나눔', '세탁 완료했어요! 깨끗한 상태예요.', 0, 'feeding', '12+', '광주', '["https://picsum.photos/seed/dodam-market-062-0/400/400","https://picsum.photos/seed/dodam-market-062-1/400/400"]', 'reserved', 10, now() + interval '35 days'),
  ('ab000000-0000-0000-0000-000000000063', 'd0000000-0000-0000-0000-000000000034', '레고 듀플로 기차세트', '2년 사용했지만 상태 좋아요. 사진 참고해주세요.', 30684, 'toys', '3~6', '세종', '["https://picsum.photos/seed/dodam-market-063-0/400/400"]', 'active', 4, now() + interval '47 days'),
  ('ab000000-0000-0000-0000-000000000064', 'd0000000-0000-0000-0000-000000000051', '아기 매트 (폴더형)', '우리 아기가 좋아했어요! 추천합니다 ㅎㅎ', 59728, 'furniture', '0~3', '세종', '["https://picsum.photos/seed/dodam-market-064-0/400/400","https://picsum.photos/seed/dodam-market-064-1/400/400","https://picsum.photos/seed/dodam-market-064-2/400/400"]', 'active', 0, now() + interval '161 days'),
  ('ab000000-0000-0000-0000-000000000065', 'd0000000-0000-0000-0000-000000000030', '부가부 비6 유모차', '아기가 좋아했던 제품이에요. 다른 분도 잘 쓰시길!', 223324, 'stroller', '0~3', '울산', '["https://picsum.photos/seed/dodam-market-065-0/400/400","https://picsum.photos/seed/dodam-market-065-1/400/400"]', 'active', 2, now() + interval '154 days'),
  ('ab000000-0000-0000-0000-000000000066', 'd0000000-0000-0000-0000-000000000034', '겨울 방한 우주복 (70)', '아기가 커서 안 쓰게 됐어요 ㅠ 잘 쓰실 분 연락주세요!', 19890, 'clothes', '0~3', '창원', '["https://picsum.photos/seed/dodam-market-066-0/400/400"]', 'active', 9, now() + interval '112 days'),
  ('ab000000-0000-0000-0000-000000000067', 'd0000000-0000-0000-0000-000000000099', '수유쿠션 (마이브레스트)', '우리 아기가 좋아했어요! 추천합니다 ㅎㅎ', 22433, 'feeding', '3~6', '청주', '["https://picsum.photos/seed/dodam-market-067-0/400/400"]', 'active', 3, now() + interval '69 days'),
  ('ab000000-0000-0000-0000-000000000068', 'd0000000-0000-0000-0000-000000000037', '백색소음기 나눔', '새 상품이에요! 선물 받았는데 이미 있어서요.', 0, 'toys', '12+', '청주', '["https://picsum.photos/seed/dodam-market-068-0/400/400"]', 'active', 2, now() + interval '73 days'),
  ('ab000000-0000-0000-0000-000000000069', 'd0000000-0000-0000-0000-000000000094', '보니치킨 아기 의자', '잘 소독해서 보내드릴게요 💕 무료 나눔이에요!', 36205, 'furniture', '0~3', '대전', '["https://picsum.photos/seed/dodam-market-069-0/400/400","https://picsum.photos/seed/dodam-market-069-1/400/400"]', 'active', 2, now() + interval '61 days'),
  ('ab000000-0000-0000-0000-000000000070', 'd0000000-0000-0000-0000-000000000080', '유모차 발싸개 (컴비)', '3개월 정도 사용. 깨끗하게 관리했어요.', 17388, 'stroller', '12+', '수원', '["https://picsum.photos/seed/dodam-market-070-0/400/400"]', 'active', 9, now() - interval '35 days'),
  ('ab000000-0000-0000-0000-000000000071', 'd0000000-0000-0000-0000-000000000042', '아기 여름옷 세트 (90)', '잘 소독해서 보내드릴게요 💕 무료 나눔이에요!', 21354, 'clothes', '12+', '울산', '["https://picsum.photos/seed/dodam-market-071-0/400/400","https://picsum.photos/seed/dodam-market-071-1/400/400","https://picsum.photos/seed/dodam-market-071-2/400/400"]', 'done', 6, now() + interval '19 days'),
  ('ab000000-0000-0000-0000-000000000072', 'd0000000-0000-0000-0000-000000000013', '이유식 보온도시락', '상태 매우 좋아요! 거의 새 것이에요. 세 번 정도 사용했어요.', 19125, 'feeding', '12+', '부산', '["https://picsum.photos/seed/dodam-market-072-0/400/400","https://picsum.photos/seed/dodam-market-072-1/400/400"]', 'active', 3, now() + interval '172 days'),
  ('ab000000-0000-0000-0000-000000000073', 'd0000000-0000-0000-0000-000000000077', '아기 그림책 30권 세트', '상태 매우 좋아요! 거의 새 것이에요. 세 번 정도 사용했어요.', 31491, 'toys', '12+', '성남', '["https://picsum.photos/seed/dodam-market-073-0/400/400","https://picsum.photos/seed/dodam-market-073-1/400/400"]', 'reserved', 9, now() + interval '172 days'),
  ('ab000000-0000-0000-0000-000000000074', 'd0000000-0000-0000-0000-000000000048', '아기 바운서 나눔', '출산 선물로 받았는데 겹쳐서 내놔요. 미개봉이에요!', 0, 'furniture', '3~6', '포항', '["https://picsum.photos/seed/dodam-market-074-0/400/400","https://picsum.photos/seed/dodam-market-074-1/400/400"]', 'active', 9, now() - interval '127 days'),
  ('ab000000-0000-0000-0000-000000000075', 'd0000000-0000-0000-0000-000000000044', '절충형 유모차 (콤비)', '출산 선물로 받았는데 겹쳐서 내놔요. 미개봉이에요!', 141352, 'stroller', '12+', '대구', '["https://picsum.photos/seed/dodam-market-075-0/400/400"]', 'active', 8, now() - interval '81 days'),
  ('ab000000-0000-0000-0000-000000000076', 'd0000000-0000-0000-0000-000000000006', '신생아 턱받이 10장 세트', '아기가 좋아했던 제품이에요. 다른 분도 잘 쓰시길!', 6047, 'clothes', '12+', '성남', '["https://picsum.photos/seed/dodam-market-076-0/400/400","https://picsum.photos/seed/dodam-market-076-1/400/400"]', 'done', 5, now() + interval '68 days'),
  ('ab000000-0000-0000-0000-000000000077', 'd0000000-0000-0000-0000-000000000079', '아기 식기 세트 (에디슨)', '세탁 완료했어요! 깨끗한 상태예요.', 12321, 'feeding', '6~12', '용인', '["https://picsum.photos/seed/dodam-market-077-0/400/400","https://picsum.photos/seed/dodam-market-077-1/400/400","https://picsum.photos/seed/dodam-market-077-2/400/400"]', 'active', 2, now() + interval '39 days'),
  ('ab000000-0000-0000-0000-000000000078', 'd0000000-0000-0000-0000-000000000072', '목욕 장난감 세트', '상태 매우 좋아요! 거의 새 것이에요. 세 번 정도 사용했어요.', 12208, 'toys', '3~6', '울산', '["https://picsum.photos/seed/dodam-market-078-0/400/400"]', 'active', 0, now() - interval '67 days'),
  ('ab000000-0000-0000-0000-000000000079', 'd0000000-0000-0000-0000-000000000021', '접이식 아기 욕조', '아기가 좋아했던 제품이에요. 다른 분도 잘 쓰시길!', 26566, 'furniture', '0~3', '천안', '["https://picsum.photos/seed/dodam-market-079-0/400/400","https://picsum.photos/seed/dodam-market-079-1/400/400"]', 'active', 7, now() - interval '144 days'),
  ('ab000000-0000-0000-0000-000000000080', 'd0000000-0000-0000-0000-000000000063', '디럭스 유모차 (시크)', '아기가 좋아했던 제품이에요. 다른 분도 잘 쓰시길!', 209999, 'stroller', '0~3', '인천', '["https://picsum.photos/seed/dodam-market-080-0/400/400","https://picsum.photos/seed/dodam-market-080-1/400/400"]', 'done', 2, now() - interval '73 days'),
  ('ab000000-0000-0000-0000-000000000081', 'd0000000-0000-0000-0000-000000000024', '아기 수면조끼 (겨울)', '새 상품이에요! 선물 받았는데 이미 있어서요.', 10757, 'clothes', '0~6', '김해', '["https://picsum.photos/seed/dodam-market-081-0/400/400"]', 'active', 9, now() + interval '2 days'),
  ('ab000000-0000-0000-0000-000000000082', 'd0000000-0000-0000-0000-000000000068', '전동 유축기 (스펙트라)', '출산 선물로 받았는데 겹쳐서 내놔요. 미개봉이에요!', 87407, 'feeding', '12+', '천안', '["https://picsum.photos/seed/dodam-market-082-0/400/400","https://picsum.photos/seed/dodam-market-082-1/400/400","https://picsum.photos/seed/dodam-market-082-2/400/400"]', 'active', 3, now() - interval '85 days'),
  ('ab000000-0000-0000-0000-000000000083', 'd0000000-0000-0000-0000-000000000004', '오볼 장난감 모음', '2년 사용했지만 상태 좋아요. 사진 참고해주세요.', 9657, 'toys', '0~6', '인천', '["https://picsum.photos/seed/dodam-market-083-0/400/400"]', 'active', 5, now() + interval '40 days'),
  ('ab000000-0000-0000-0000-000000000084', 'd0000000-0000-0000-0000-000000000004', '아기 식탁의자 (꼬마)', '아기가 좋아했던 제품이에요. 다른 분도 잘 쓰시길!', 45312, 'furniture', '6~12', '청주', '["https://picsum.photos/seed/dodam-market-084-0/400/400","https://picsum.photos/seed/dodam-market-084-1/400/400","https://picsum.photos/seed/dodam-market-084-2/400/400"]', 'active', 10, now() + interval '85 days'),
  ('ab000000-0000-0000-0000-000000000085', 'd0000000-0000-0000-0000-000000000006', '유모차 모기장 + 방한커버', '박스 포함, 부품 다 있어요. 설명서도 드려요!', 20750, 'stroller', '3~6', '전주', '["https://picsum.photos/seed/dodam-market-085-0/400/400"]', 'active', 9, now() + interval '165 days'),
  ('ab000000-0000-0000-0000-000000000086', 'd0000000-0000-0000-0000-000000000037', '아기 한복 (돌잔치용)', '사용감 약간 있지만 기능은 완벽해요!', 30589, 'clothes', '0~6', '부산', '["https://picsum.photos/seed/dodam-market-086-0/400/400","https://picsum.photos/seed/dodam-market-086-1/400/400","https://picsum.photos/seed/dodam-market-086-2/400/400"]', 'done', 1, now() - interval '103 days'),
  ('ab000000-0000-0000-0000-000000000087', 'd0000000-0000-0000-0000-000000000033', '분유 포트 (보만)', '6개월 사용했어요. 사용감 있지만 기능 이상 없어요.', 25833, 'feeding', '3~6', '제주', '["https://picsum.photos/seed/dodam-market-087-0/400/400"]', 'active', 0, now() - interval '104 days'),
  ('ab000000-0000-0000-0000-000000000088', 'd0000000-0000-0000-0000-000000000037', '소근육 발달 장난감 세트', '사용감 약간 있지만 기능은 완벽해요!', 25603, 'toys', '12+', '광주', '["https://picsum.photos/seed/dodam-market-088-0/400/400","https://picsum.photos/seed/dodam-market-088-1/400/400"]', 'active', 4, now() + interval '80 days'),
  ('ab000000-0000-0000-0000-000000000089', 'd0000000-0000-0000-0000-000000000088', '아기 침대 가드', '출산 선물로 받았는데 겹쳐서 내놔요. 미개봉이에요!', 39775, 'furniture', '6~12', '창원', '["https://picsum.photos/seed/dodam-market-089-0/400/400","https://picsum.photos/seed/dodam-market-089-1/400/400","https://picsum.photos/seed/dodam-market-089-2/400/400"]', 'done', 1, now() - interval '115 days'),
  ('ab000000-0000-0000-0000-000000000090', 'd0000000-0000-0000-0000-000000000050', '힙시트 캐리어 (아이엔젤)', '1년 사용, 전체적으로 깨끗해요. 직거래 희망!', 61223, 'stroller', '0~3', '세종', '["https://picsum.photos/seed/dodam-market-090-0/400/400","https://picsum.photos/seed/dodam-market-090-1/400/400"]', 'reserved', 6, now() + interval '158 days'),
  ('ab000000-0000-0000-0000-000000000091', 'd0000000-0000-0000-0000-000000000024', '아기 양말 10켤레 세트', '2년 사용했지만 상태 좋아요. 사진 참고해주세요.', 8556, 'clothes', '0~6', '천안', '["https://picsum.photos/seed/dodam-market-091-0/400/400","https://picsum.photos/seed/dodam-market-091-1/400/400"]', 'active', 0, now() + interval '174 days'),
  ('ab000000-0000-0000-0000-000000000092', 'd0000000-0000-0000-0000-000000000029', '이유식 냉동 소분 용기', '2년 사용했지만 상태 좋아요. 사진 참고해주세요.', 10305, 'feeding', '0~6', '광주', '["https://picsum.photos/seed/dodam-market-092-0/400/400"]', 'active', 8, now() - interval '112 days'),
  ('ab000000-0000-0000-0000-000000000093', 'd0000000-0000-0000-0000-000000000011', '치발기 모음 3개', '1년 사용, 전체적으로 깨끗해요. 직거래 희망!', 12825, 'toys', '6~12', '광주', '["https://picsum.photos/seed/dodam-market-093-0/400/400"]', 'active', 10, now() + interval '76 days'),
  ('ab000000-0000-0000-0000-000000000094', 'd0000000-0000-0000-0000-000000000073', '아기 옷장 (3단)', '세탁 완료했어요! 깨끗한 상태예요.', 53127, 'furniture', '0~3', '대구', '["https://picsum.photos/seed/dodam-market-094-0/400/400","https://picsum.photos/seed/dodam-market-094-1/400/400","https://picsum.photos/seed/dodam-market-094-2/400/400"]', 'active', 8, now() + interval '25 days'),
  ('ab000000-0000-0000-0000-000000000095', 'd0000000-0000-0000-0000-000000000060', '경량 휴대용 유모차', '새 상품이에요! 선물 받았는데 이미 있어서요.', 146619, 'stroller', '6~12', '세종', '["https://picsum.photos/seed/dodam-market-095-0/400/400","https://picsum.photos/seed/dodam-market-095-1/400/400","https://picsum.photos/seed/dodam-market-095-2/400/400"]', 'active', 5, now() - interval '129 days'),
  ('ab000000-0000-0000-0000-000000000096', 'd0000000-0000-0000-0000-000000000003', '아기 수영복 + 기저귀', '새 상품이에요! 선물 받았는데 이미 있어서요.', 9866, 'clothes', '12+', '전주', '["https://picsum.photos/seed/dodam-market-096-0/400/400"]', 'active', 2, now() - interval '77 days'),
  ('ab000000-0000-0000-0000-000000000097', 'd0000000-0000-0000-0000-000000000041', '보틀워머 (수유용)', '새 상품이에요! 선물 받았는데 이미 있어서요.', 24620, 'feeding', '0~6', '전주', '["https://picsum.photos/seed/dodam-market-097-0/400/400","https://picsum.photos/seed/dodam-market-097-1/400/400"]', 'done', 7, now() - interval '48 days'),
  ('ab000000-0000-0000-0000-000000000098', 'd0000000-0000-0000-0000-000000000028', '먼치킨 모빌', '아기가 커서 안 쓰게 됐어요 ㅠ 잘 쓰실 분 연락주세요!', 13032, 'toys', '12+', '성남', '["https://picsum.photos/seed/dodam-market-098-0/400/400","https://picsum.photos/seed/dodam-market-098-1/400/400","https://picsum.photos/seed/dodam-market-098-2/400/400"]', 'done', 1, now() - interval '102 days'),
  ('ab000000-0000-0000-0000-000000000099', 'd0000000-0000-0000-0000-000000000015', '폴더형 아기 침대', '출산 선물로 받았는데 겹쳐서 내놔요. 미개봉이에요!', 81743, 'furniture', '0~6', '청주', '["https://picsum.photos/seed/dodam-market-099-0/400/400","https://picsum.photos/seed/dodam-market-099-1/400/400","https://picsum.photos/seed/dodam-market-099-2/400/400"]', 'active', 6, now() + interval '159 days'),
  ('ab000000-0000-0000-0000-000000000100', 'd0000000-0000-0000-0000-000000000079', '유모차 정리함 (수납)', '새 상품이에요! 선물 받았는데 이미 있어서요.', 13910, 'stroller', '3~6', '제주', '["https://picsum.photos/seed/dodam-market-100-0/400/400"]', 'active', 1, now() - interval '29 days')
ON CONFLICT (id) DO NOTHING;


-- ────────────────────────────────────────────────
-- 5. 동네 피드 (town_feed) — 75개
-- ────────────────────────────────────────────────
INSERT INTO town_feed (id, user_id, user_name, content, lat, lng, range_meters, expires_at, created_at) VALUES
  ('f0000000-0000-0000-0000-000000000001', 'd0000000-0000-0000-0000-000000000003', '꽃길만걷자', '울산 호수공원 벚꽃 예뻐요~ 유모차 산책 오세요!', 35.5528, 129.2998, 2000, now() + interval '161 days' + interval '24 hours', now() + interval '161 days'),
  ('f0000000-0000-0000-0000-000000000002', 'd0000000-0000-0000-0000-000000000069', '빵빵이맘', '울산 호수공원 벚꽃 예뻐요~ 유모차 산책 오세요!', 35.5218, 129.3222, 5000, now() + interval '30 days' + interval '24 hours', now() + interval '30 days'),
  ('f0000000-0000-0000-0000-000000000003', 'd0000000-0000-0000-0000-000000000022', '아기고양이', '광주 도서관 아기 프로그램 접수 시작! 서둘러요~', 35.1691, 126.8504, 5000, now() - interval '116 days' + interval '24 hours', now() - interval '116 days'),
  ('f0000000-0000-0000-0000-000000000004', 'd0000000-0000-0000-0000-000000000075', '라벤더맘', '수원 카페에서 아기 맘 모임 중! 아직 자리 있어요~ 오실 분?', 37.2517, 127.0314, 1000, now() - interval '27 days' + interval '24 hours', now() - interval '27 days'),
  ('f0000000-0000-0000-0000-000000000005', 'd0000000-0000-0000-0000-000000000081', '강아지맘', '천안 예방접종 할인 이벤트 소아과에서 해요! 이번 주까지~', 36.8343, 127.1278, 3000, now() - interval '103 days' + interval '24 hours', now() - interval '103 days'),
  ('f0000000-0000-0000-0000-000000000006', 'd0000000-0000-0000-0000-000000000063', '아기곰맘', '김해 도서관 아기 프로그램 접수 시작! 서둘러요~', 35.2321, 128.8937, 2000, now() + interval '136 days' + interval '24 hours', now() + interval '136 days'),
  ('f0000000-0000-0000-0000-000000000007', 'd0000000-0000-0000-0000-000000000003', '꽃길만걷자', '천안 기저귀 교환대 새로 생겼어요! 깨끗하고 넓어요', 36.8182, 127.1160, 5000, now() + interval '30 days' + interval '24 hours', now() + interval '30 days'),
  ('f0000000-0000-0000-0000-000000000008', 'd0000000-0000-0000-0000-000000000064', '참새엄마', '창원 아기 박람회 오늘까지! 기저귀 샘플 많이 줘요 ☺️', 35.2249, 128.6785, 3000, now() + interval '121 days' + interval '24 hours', now() + interval '121 days'),
  ('f0000000-0000-0000-0000-000000000009', 'd0000000-0000-0000-0000-000000000045', '장미엄마', '전주 소아과 오늘 대기 없어요! 예방접종하실 분 지금이 기회!', 35.8135, 127.1368, 5000, now() - interval '76 days' + interval '24 hours', now() - interval '76 days'),
  ('f0000000-0000-0000-0000-000000000010', 'd0000000-0000-0000-0000-000000000093', '분홍이맘', '제주 놀이터 새로 리모델링했어요! 바닥 폭신하고 시설 깨끗해요~', 33.5180, 126.5445, 5000, now() + interval '42 days' + interval '24 hours', now() + interval '42 days'),
  ('f0000000-0000-0000-0000-000000000011', 'd0000000-0000-0000-0000-000000000080', '소나기맘', '울산 도서관 아기 프로그램 접수 시작! 서둘러요~', 35.5297, 129.3214, 2000, now() - interval '41 days' + interval '24 hours', now() - interval '41 days'),
  ('f0000000-0000-0000-0000-000000000012', 'd0000000-0000-0000-0000-000000000078', '국화엄마', '청주 도서관 아기 프로그램 접수 시작! 서둘러요~', 36.6264, 127.4856, 3000, now() - interval '143 days' + interval '24 hours', now() - interval '143 days'),
  ('f0000000-0000-0000-0000-000000000013', 'd0000000-0000-0000-0000-000000000007', '봄날의햇살', '서울 아기 박람회 오늘까지! 기저귀 샘플 많이 줘요 ☺️', 37.5609, 126.9684, 2000, now() + interval '129 days' + interval '24 hours', now() + interval '129 days'),
  ('f0000000-0000-0000-0000-000000000014', 'd0000000-0000-0000-0000-000000000005', '초코파이맘', '대구 산책 모임 매주 수요일 오전 10시에 해요!', 35.8649, 128.5860, 1000, now() + interval '125 days' + interval '24 hours', now() + interval '125 days'),
  ('f0000000-0000-0000-0000-000000000015', 'd0000000-0000-0000-0000-000000000034', '초록잎새', '용인 키즈카페 새로 오픈! 0~2세 전용 공간 있대요', 37.2525, 127.1884, 3000, now() + interval '177 days' + interval '24 hours', now() + interval '177 days'),
  ('f0000000-0000-0000-0000-000000000016', 'd0000000-0000-0000-0000-000000000066', '진주엄마', '인천 아기 용품점 세일 중! 기저귀 1+1이래요 🎉', 37.4646, 126.7223, 5000, now() + interval '29 days' + interval '24 hours', now() + interval '29 days'),
  ('f0000000-0000-0000-0000-000000000017', 'd0000000-0000-0000-0000-000000000014', '하루하루', '인천 아기옷 교환 모임 이번 토요일에 해요! 참여하실 분?', 37.4692, 126.6869, 2000, now() + interval '53 days' + interval '24 hours', now() + interval '53 days'),
  ('f0000000-0000-0000-0000-000000000018', 'd0000000-0000-0000-0000-000000000047', '나비엄마', '대전 맘 카페 오늘 할인 이벤트! 아기 음료 무료예요 ☕', 36.3595, 127.3928, 5000, now() + interval '26 days' + interval '24 hours', now() + interval '26 days'),
  ('f0000000-0000-0000-0000-000000000019', 'd0000000-0000-0000-0000-000000000020', '라떼맘', '창원 유기농 마트 발견! 이유식 재료 신선해요 🥕', 35.2204, 128.6666, 5000, now() + interval '2 days' + interval '24 hours', now() + interval '2 days'),
  ('f0000000-0000-0000-0000-000000000020', 'd0000000-0000-0000-0000-000000000032', '햇살가득', '청주 문화센터 무료 아기 수업 접수 시작했어요! 선착순이라 서두르세요~', 36.6361, 127.4892, 3000, now() - interval '107 days' + interval '24 hours', now() - interval '107 days'),
  ('f0000000-0000-0000-0000-000000000021', 'd0000000-0000-0000-0000-000000000047', '나비엄마', '수원 이유식 클래스 다음 주 수요일 오픈! 선착순 8명이래요', 37.2497, 127.0387, 2000, now() - interval '110 days' + interval '24 hours', now() - interval '110 days'),
  ('f0000000-0000-0000-0000-000000000022', 'd0000000-0000-0000-0000-000000000053', '연꽃엄마', '천안 맘 카페 오늘 할인 이벤트! 아기 음료 무료예요 ☕', 36.8310, 127.1320, 3000, now() + interval '114 days' + interval '24 hours', now() + interval '114 days'),
  ('f0000000-0000-0000-0000-000000000023', 'd0000000-0000-0000-0000-000000000019', '해바라기', '서울 문화센터 무료 아기 수업 접수 시작했어요! 선착순이라 서두르세요~', 37.5752, 126.9787, 1000, now() - interval '103 days' + interval '24 hours', now() - interval '103 days'),
  ('f0000000-0000-0000-0000-000000000024', 'd0000000-0000-0000-0000-000000000099', '샤인머스캣맘', '대전 놀이터 오늘 날씨 좋아서 아기들 많아요! 같이 놀 맘 있으면 오세요~ 🏖️', 36.3478, 127.3802, 2000, now() + interval '15 days' + interval '24 hours', now() + interval '15 days'),
  ('f0000000-0000-0000-0000-000000000025', 'd0000000-0000-0000-0000-000000000081', '강아지맘', '김해 키즈카페 새로 오픈! 0~2세 전용 공간 있대요', 35.2474, 128.8860, 3000, now() + interval '81 days' + interval '24 hours', now() + interval '81 days'),
  ('f0000000-0000-0000-0000-000000000026', 'd0000000-0000-0000-0000-000000000045', '장미엄마', '서울 아기 사진관 50% 할인! 100일 사진 찍으러 가세요 📸', 37.5796, 126.9940, 2000, now() + interval '115 days' + interval '24 hours', now() + interval '115 days'),
  ('f0000000-0000-0000-0000-000000000027', 'd0000000-0000-0000-0000-000000000083', '단호박맘', '울산 아기 사진관 50% 할인! 100일 사진 찍으러 가세요 📸', 35.5539, 129.3164, 5000, now() + interval '167 days' + interval '24 hours', now() + interval '167 days'),
  ('f0000000-0000-0000-0000-000000000028', 'd0000000-0000-0000-0000-000000000052', '오렌지맘', '울산 키즈카페 새로 오픈! 0~2세 전용 공간 있대요', 35.5536, 129.2948, 3000, now() - interval '33 days' + interval '24 hours', now() - interval '33 days'),
  ('f0000000-0000-0000-0000-000000000029', 'd0000000-0000-0000-0000-000000000067', '다람쥐맘', '포항 키즈카페 새로 오픈! 0~2세 전용 공간 있대요', 36.0104, 129.3272, 3000, now() + interval '163 days' + interval '24 hours', now() + interval '163 days'),
  ('f0000000-0000-0000-0000-000000000030', 'd0000000-0000-0000-0000-000000000021', '솜사탕맘', '서울 예방접종 할인 이벤트 소아과에서 해요! 이번 주까지~', 37.5476, 126.9899, 3000, now() - interval '78 days' + interval '24 hours', now() - interval '78 days'),
  ('f0000000-0000-0000-0000-000000000031', 'd0000000-0000-0000-0000-000000000093', '분홍이맘', '천안 놀이터 오늘 날씨 좋아서 아기들 많아요! 같이 놀 맘 있으면 오세요~ 🏖️', 36.8346, 127.0983, 3000, now() - interval '130 days' + interval '24 hours', now() - interval '130 days'),
  ('f0000000-0000-0000-0000-000000000032', 'd0000000-0000-0000-0000-000000000046', '별빛맘', '인천 아기옷 교환 모임 이번 토요일에 해요! 참여하실 분?', 37.4382, 126.7112, 5000, now() - interval '2 days' + interval '24 hours', now() - interval '2 days'),
  ('f0000000-0000-0000-0000-000000000033', 'd0000000-0000-0000-0000-000000000059', '달콤이맘', '용인 예방접종 할인 이벤트 소아과에서 해요! 이번 주까지~', 37.2604, 127.1898, 2000, now() - interval '73 days' + interval '24 hours', now() - interval '73 days'),
  ('f0000000-0000-0000-0000-000000000034', 'd0000000-0000-0000-0000-000000000086', '감자맘', '세종 맘 카페 오늘 할인 이벤트! 아기 음료 무료예요 ☕', 36.4870, 127.2678, 2000, now() - interval '133 days' + interval '24 hours', now() - interval '133 days'),
  ('f0000000-0000-0000-0000-000000000035', 'd0000000-0000-0000-0000-000000000075', '라벤더맘', '울산 아기옷 교환 모임 이번 토요일에 해요! 참여하실 분?', 35.5513, 129.3059, 2000, now() + interval '106 days' + interval '24 hours', now() + interval '106 days'),
  ('f0000000-0000-0000-0000-000000000036', 'd0000000-0000-0000-0000-000000000011', '포근한이불', '대구 도서관 아기 프로그램 접수 시작! 서둘러요~', 35.8539, 128.6169, 2000, now() + interval '95 days' + interval '24 hours', now() + interval '95 days'),
  ('f0000000-0000-0000-0000-000000000037', 'd0000000-0000-0000-0000-000000000087', '매화엄마', '김해 카페에서 아기 맘 모임 중! 아직 자리 있어요~ 오실 분?', 35.2246, 128.8916, 3000, now() + interval '163 days' + interval '24 hours', now() + interval '163 days'),
  ('f0000000-0000-0000-0000-000000000038', 'd0000000-0000-0000-0000-000000000055', '풍선맘', '전주 이유식 클래스 다음 주 수요일 오픈! 선착순 8명이래요', 35.8318, 127.1659, 2000, now() - interval '33 days' + interval '24 hours', now() - interval '33 days'),
  ('f0000000-0000-0000-0000-000000000039', 'd0000000-0000-0000-0000-000000000063', '아기곰맘', '전주 맘 카페 오늘 할인 이벤트! 아기 음료 무료예요 ☕', 35.8094, 127.1562, 1000, now() + interval '117 days' + interval '24 hours', now() + interval '117 days'),
  ('f0000000-0000-0000-0000-000000000040', 'd0000000-0000-0000-0000-000000000061', '뚝딱이맘', '부산 놀이터 새로 리모델링했어요! 바닥 폭신하고 시설 깨끗해요~', 35.1895, 129.0934, 1000, now() + interval '105 days' + interval '24 hours', now() + interval '105 days'),
  ('f0000000-0000-0000-0000-000000000041', 'd0000000-0000-0000-0000-000000000015', '사랑이네', '인천 맘 카페 오늘 할인 이벤트! 아기 음료 무료예요 ☕', 37.4511, 126.6968, 2000, now() - interval '79 days' + interval '24 hours', now() - interval '79 days'),
  ('f0000000-0000-0000-0000-000000000042', 'd0000000-0000-0000-0000-000000000048', '달팽이맘', '고양 호수공원 벚꽃 예뻐요~ 유모차 산책 오세요!', 37.6502, 126.8131, 2000, now() + interval '108 days' + interval '24 hours', now() + interval '108 days'),
  ('f0000000-0000-0000-0000-000000000043', 'd0000000-0000-0000-0000-000000000007', '봄날의햇살', '고양 도서관 아기 프로그램 접수 시작! 서둘러요~', 37.6740, 126.8206, 1000, now() - interval '90 days' + interval '24 hours', now() - interval '90 days'),
  ('f0000000-0000-0000-0000-000000000044', 'd0000000-0000-0000-0000-000000000009', '달빛엄마', '부산 예방접종 할인 이벤트 소아과에서 해요! 이번 주까지~', 35.1763, 129.0785, 5000, now() + interval '97 days' + interval '24 hours', now() + interval '97 days'),
  ('f0000000-0000-0000-0000-000000000045', 'd0000000-0000-0000-0000-000000000061', '뚝딱이맘', '광주 아기 용품점 세일 중! 기저귀 1+1이래요 🎉', 35.1700, 126.8528, 5000, now() + interval '39 days' + interval '24 hours', now() + interval '39 days'),
  ('f0000000-0000-0000-0000-000000000046', 'd0000000-0000-0000-0000-000000000094', '옥수수맘', '용인 아기 사진관 50% 할인! 100일 사진 찍으러 가세요 📸', 37.2247, 127.1826, 5000, now() - interval '102 days' + interval '24 hours', now() - interval '102 days'),
  ('f0000000-0000-0000-0000-000000000047', 'd0000000-0000-0000-0000-000000000044', '파랑새맘', '포항 아기 용품점 세일 중! 기저귀 1+1이래요 🎉', 36.0008, 129.3503, 3000, now() + interval '43 days' + interval '24 hours', now() + interval '43 days'),
  ('f0000000-0000-0000-0000-000000000048', 'd0000000-0000-0000-0000-000000000091', '클로버맘', '서울 아기 수영장 오픈했대요! 6개월부터 가능하고 수온 32도래요 🏊', 37.5694, 126.9898, 1000, now() + interval '22 days' + interval '24 hours', now() + interval '22 days'),
  ('f0000000-0000-0000-0000-000000000049', 'd0000000-0000-0000-0000-000000000025', '행복한오리', '포항 예방접종 할인 이벤트 소아과에서 해요! 이번 주까지~', 36.0221, 129.3256, 2000, now() + interval '129 days' + interval '24 hours', now() + interval '129 days'),
  ('f0000000-0000-0000-0000-000000000050', 'd0000000-0000-0000-0000-000000000003', '꽃길만걷자', '인천 소아과 오늘 5시까지 야간 연장 진료한대요! 급한 분들 참고하세요~', 37.4626, 126.7065, 3000, now() + interval '63 days' + interval '24 hours', now() + interval '63 days')
ON CONFLICT (id) DO NOTHING;

INSERT INTO town_feed (id, user_id, user_name, content, lat, lng, range_meters, expires_at, created_at) VALUES
  ('f0000000-0000-0000-0000-000000000051', 'd0000000-0000-0000-0000-000000000091', '클로버맘', '세종 아기 사진관 50% 할인! 100일 사진 찍으러 가세요 📸', 36.4779, 127.2715, 3000, now() + interval '12 days' + interval '24 hours', now() + interval '12 days'),
  ('f0000000-0000-0000-0000-000000000052', 'd0000000-0000-0000-0000-000000000063', '아기곰맘', '서울 소아과 오늘 5시까지 야간 연장 진료한대요! 급한 분들 참고하세요~', 37.5601, 126.9652, 3000, now() - interval '24 days' + interval '24 hours', now() - interval '24 days'),
  ('f0000000-0000-0000-0000-000000000053', 'd0000000-0000-0000-0000-000000000015', '사랑이네', '인천 아기 박람회 오늘까지! 기저귀 샘플 많이 줘요 ☺️', 37.4580, 126.6966, 3000, now() + interval '40 days' + interval '24 hours', now() + interval '40 days'),
  ('f0000000-0000-0000-0000-000000000054', 'd0000000-0000-0000-0000-000000000040', '미소천사', '천안 소아과 오늘 대기 없어요! 예방접종하실 분 지금이 기회!', 36.8222, 127.0963, 2000, now() - interval '15 days' + interval '24 hours', now() - interval '15 days'),
  ('f0000000-0000-0000-0000-000000000055', 'd0000000-0000-0000-0000-000000000039', '튤립엄마', '제주 소아과 오늘 대기 없어요! 예방접종하실 분 지금이 기회!', 33.4835, 126.5169, 3000, now() - interval '31 days' + interval '24 hours', now() - interval '31 days'),
  ('f0000000-0000-0000-0000-000000000056', 'd0000000-0000-0000-0000-000000000007', '봄날의햇살', '울산 산책 모임 매주 수요일 오전 10시에 해요!', 35.5280, 129.3153, 5000, now() + interval '130 days' + interval '24 hours', now() + interval '130 days'),
  ('f0000000-0000-0000-0000-000000000057', 'd0000000-0000-0000-0000-000000000050', '찬바람맘', '인천 키즈카페 새로 오픈! 0~2세 전용 공간 있대요', 37.4471, 126.6979, 5000, now() - interval '8 days' + interval '24 hours', now() - interval '8 days'),
  ('f0000000-0000-0000-0000-000000000058', 'd0000000-0000-0000-0000-000000000053', '연꽃엄마', '수원 키즈카페 새로 오픈! 0~2세 전용 공간 있대요', 37.2801, 127.0093, 1000, now() - interval '143 days' + interval '24 hours', now() - interval '143 days'),
  ('f0000000-0000-0000-0000-000000000059', 'd0000000-0000-0000-0000-000000000084', '붕어빵맘', '광주 문화센터 무료 아기 수업 접수 시작했어요! 선착순이라 서두르세요~', 35.1517, 126.8489, 2000, now() + interval '37 days' + interval '24 hours', now() + interval '37 days'),
  ('f0000000-0000-0000-0000-000000000060', 'd0000000-0000-0000-0000-000000000048', '달팽이맘', '포항 키즈카페 새로 오픈! 0~2세 전용 공간 있대요', 36.0384, 129.3548, 5000, now() + interval '143 days' + interval '24 hours', now() + interval '143 days'),
  ('f0000000-0000-0000-0000-000000000061', 'd0000000-0000-0000-0000-000000000058', '젤리엄마', '부산 아기 사진관 50% 할인! 100일 사진 찍으러 가세요 📸', 35.1596, 129.0742, 3000, now() + interval '43 days' + interval '24 hours', now() + interval '43 days'),
  ('f0000000-0000-0000-0000-000000000062', 'd0000000-0000-0000-0000-000000000001', '하늘맘', '부산 아기 사진관 50% 할인! 100일 사진 찍으러 가세요 📸', 35.1969, 129.0749, 3000, now() + interval '98 days' + interval '24 hours', now() + interval '98 days'),
  ('f0000000-0000-0000-0000-000000000063', 'd0000000-0000-0000-0000-000000000045', '장미엄마', '울산 놀이터 오늘 날씨 좋아서 아기들 많아요! 같이 놀 맘 있으면 오세요~ 🏖️', 35.5418, 129.3118, 2000, now() + interval '145 days' + interval '24 hours', now() + interval '145 days'),
  ('f0000000-0000-0000-0000-000000000064', 'd0000000-0000-0000-0000-000000000009', '달빛엄마', '고양 호수공원 벚꽃 예뻐요~ 유모차 산책 오세요!', 37.6420, 126.8399, 3000, now() + interval '54 days' + interval '24 hours', now() + interval '54 days'),
  ('f0000000-0000-0000-0000-000000000065', 'd0000000-0000-0000-0000-000000000079', '호박맘', '김해 소아과 오늘 대기 없어요! 예방접종하실 분 지금이 기회!', 35.2468, 128.8819, 3000, now() + interval '116 days' + interval '24 hours', now() + interval '116 days'),
  ('f0000000-0000-0000-0000-000000000066', 'd0000000-0000-0000-0000-000000000035', '딸기우유맘', '수원 유기농 마트 발견! 이유식 재료 신선해요 🥕', 37.2701, 127.0215, 5000, now() + interval '85 days' + interval '24 hours', now() + interval '85 days'),
  ('f0000000-0000-0000-0000-000000000067', 'd0000000-0000-0000-0000-000000000003', '꽃길만걷자', '광주 도서관 아기 프로그램 접수 시작! 서둘러요~', 35.1654, 126.8327, 1000, now() + interval '173 days' + interval '24 hours', now() + interval '173 days'),
  ('f0000000-0000-0000-0000-000000000068', 'd0000000-0000-0000-0000-000000000023', '달콤한꿈', '천안 도서관 아기 프로그램 접수 시작! 서둘러요~', 36.8173, 127.1218, 5000, now() + interval '167 days' + interval '24 hours', now() + interval '167 days'),
  ('f0000000-0000-0000-0000-000000000069', 'd0000000-0000-0000-0000-000000000084', '붕어빵맘', '대구 아기 용품점 세일 중! 기저귀 1+1이래요 🎉', 35.8729, 128.6171, 1000, now() - interval '97 days' + interval '24 hours', now() - interval '97 days'),
  ('f0000000-0000-0000-0000-000000000070', 'd0000000-0000-0000-0000-000000000077', '사탕맘', '창원 소아과 오늘 5시까지 야간 연장 진료한대요! 급한 분들 참고하세요~', 35.2225, 128.6947, 1000, now() + interval '50 days' + interval '24 hours', now() + interval '50 days'),
  ('f0000000-0000-0000-0000-000000000071', 'd0000000-0000-0000-0000-000000000057', '바람꽃맘', '서울 기저귀 교환대 새로 생겼어요! 깨끗하고 넓어요', 37.5554, 126.9588, 3000, now() - interval '158 days' + interval '24 hours', now() - interval '158 days'),
  ('f0000000-0000-0000-0000-000000000072', 'd0000000-0000-0000-0000-000000000081', '강아지맘', '고양 도서관 아기 프로그램 접수 시작! 서둘러요~', 37.6707, 126.8208, 3000, now() - interval '127 days' + interval '24 hours', now() - interval '127 days'),
  ('f0000000-0000-0000-0000-000000000073', 'd0000000-0000-0000-0000-000000000091', '클로버맘', '울산 카페에서 아기 맘 모임 중! 아직 자리 있어요~ 오실 분?', 35.5187, 129.3308, 1000, now() + interval '146 days' + interval '24 hours', now() + interval '146 days'),
  ('f0000000-0000-0000-0000-000000000074', 'd0000000-0000-0000-0000-000000000065', '노을맘', '청주 예방접종 할인 이벤트 소아과에서 해요! 이번 주까지~', 36.6292, 127.4768, 2000, now() - interval '33 days' + interval '24 hours', now() - interval '33 days'),
  ('f0000000-0000-0000-0000-000000000075', 'd0000000-0000-0000-0000-000000000096', '코스모스맘', '대구 산책 모임 매주 수요일 오전 10시에 해요!', 35.8565, 128.6187, 3000, now() - interval '174 days' + interval '24 hours', now() - interval '174 days')
ON CONFLICT (id) DO NOTHING;


-- ────────────────────────────────────────────────
-- 6. 리뷰 (reviews) — 125개
-- ────────────────────────────────────────────────
INSERT INTO reviews (id, place_id, user_id, rating, content, tags, child_age_months, created_at) VALUES
  ('ac000000-0000-0000-0000-000000000001', 'place_성남_restaurant_001', 'd0000000-0000-0000-0000-000000000003', 5, '선생님이 아이들을 정말 사랑하시는 게 느껴져요. 프로그램도 다양하고 좋아요!', ARRAY['친절해요','야간진료','깨끗해요'], 20, now() + interval '105 days'),
  ('ac000000-0000-0000-0000-000000000002', 'place_김해_hospital_002', 'd0000000-0000-0000-0000-000000000036', 4, '유모차 접근성 좋고 넓어서 편해요. 주차도 무료이고 시설이 깨끗해요!', ARRAY['깨끗해요','맛있어요','안전해요','가성비좋아요'], 34, now() + interval '2 days'),
  ('ac000000-0000-0000-0000-000000000003', 'place_용인_cafe_003', 'd0000000-0000-0000-0000-000000000051', 3, '수영 프로그램 최고! 강사님이 아기를 정말 잘 다루셔요. 아기가 물을 좋아하게 됐어요!', ARRAY['맛있어요','야간진료'], 15, now() - interval '85 days'),
  ('ac000000-0000-0000-0000-000000000004', 'place_인천_hospital_004', 'd0000000-0000-0000-0000-000000000040', 2, '가성비 최고에요! 가격 대비 퀄리티가 정말 좋아요. 다음에도 올 거예요.', ARRAY['가격합리적','놀이공간있음'], 15, now() - interval '62 days'),
  ('ac000000-0000-0000-0000-000000000005', 'place_용인_hospital_005', 'd0000000-0000-0000-0000-000000000044', 5, '프로그램이 정말 알차요! 선생님이 잘 이끌어주시고 아기가 좋아해요.', ARRAY['안전해요','프로그램좋아요'], 40, now() + interval '32 days'),
  ('ac000000-0000-0000-0000-000000000006', 'place_부산_hospital_006', 'd0000000-0000-0000-0000-000000000011', 4, '선생님이 아이들을 정말 사랑하시는 게 느껴져요. 프로그램도 다양하고 좋아요!', ARRAY['주차편리','아기의자있음','깨끗해요','프로그램좋아요'], NULL, now() + interval '111 days'),
  ('ac000000-0000-0000-0000-000000000007', 'place_부산_hospital_007', 'd0000000-0000-0000-0000-000000000009', 5, '음식이 맛있고 아기 메뉴도 있어요! 아기 의자도 깨끗하고 직원분들이 친절해요.', ARRAY['유모차OK','대기짧아요','야간진료'], 38, now() + interval '160 days'),
  ('ac000000-0000-0000-0000-000000000008', 'place_제주_academy_008', 'd0000000-0000-0000-0000-000000000002', 4, '가성비 최고에요! 가격 대비 퀄리티가 정말 좋아요. 다음에도 올 거예요.', ARRAY['안전해요','대기짧아요','놀이공간있음','친절해요'], 21, now() + interval '28 days'),
  ('ac000000-0000-0000-0000-000000000009', 'place_대구_hospital_009', 'd0000000-0000-0000-0000-000000000014', 5, '분위기가 좋고 조용해서 아기와 오기 좋아요. 커피도 맛있어요 ☕', ARRAY['가격합리적','아기의자있음'], 16, now() - interval '124 days'),
  ('ac000000-0000-0000-0000-000000000010', 'place_전주_restaurant_010', 'd0000000-0000-0000-0000-000000000093', 4, '바닥이 폭신해서 아기가 넘어져도 안전해요! 시설도 깨끗하고 관리가 잘 돼요.', ARRAY['깨끗해요','아기의자있음'], 27, now() + interval '167 days'),
  ('ac000000-0000-0000-0000-000000000011', 'place_고양_playground_011', 'd0000000-0000-0000-0000-000000000097', 5, '야간 진료 돼서 정말 편해요. 밤에 아기가 아플 때 든든합니다.', ARRAY['아기의자있음','선생님친절'], 21, now() - interval '3 days'),
  ('ac000000-0000-0000-0000-000000000012', 'place_광주_restaurant_012', 'd0000000-0000-0000-0000-000000000067', 3, '야간 진료 돼서 정말 편해요. 밤에 아기가 아플 때 든든합니다.', ARRAY['깨끗해요','야간진료','기저귀교환대','키즈존넓어요'], 40, now() + interval '18 days'),
  ('ac000000-0000-0000-0000-000000000013', 'place_청주_cafe_013', 'd0000000-0000-0000-0000-000000000044', 5, '아기 전용 공간이 따로 있어서 안전해요. 큰 아이들과 분리돼서 좋아요!', ARRAY['놀이공간있음','가격합리적','안전해요','시설좋아요'], 10, now() - interval '11 days'),
  ('ac000000-0000-0000-0000-000000000014', 'place_서울_cafe_014', 'd0000000-0000-0000-0000-000000000064', 5, '예약 시스템이 잘 돼있어서 대기 없이 이용했어요. 시간 절약!', ARRAY['프로그램좋아요','키즈존넓어요'], 47, now() + interval '85 days'),
  ('ac000000-0000-0000-0000-000000000015', 'place_울산_academy_015', 'd0000000-0000-0000-0000-000000000095', 4, '분위기가 좋고 조용해서 아기와 오기 좋아요. 커피도 맛있어요 ☕', ARRAY['기저귀교환대','친절해요'], NULL, now() - interval '30 days'),
  ('ac000000-0000-0000-0000-000000000016', 'place_전주_playground_016', 'd0000000-0000-0000-0000-000000000019', 4, '수영 프로그램 최고! 강사님이 아기를 정말 잘 다루셔요. 아기가 물을 좋아하게 됐어요!', ARRAY['깨끗해요','친절해요','키즈존넓어요'], 11, now() - interval '68 days'),
  ('ac000000-0000-0000-0000-000000000017', 'place_용인_cafe_017', 'd0000000-0000-0000-0000-000000000093', 5, '프로그램이 정말 알차요! 선생님이 잘 이끌어주시고 아기가 좋아해요.', ARRAY['키즈존넓어요','친절해요'], 16, now() + interval '6 days'),
  ('ac000000-0000-0000-0000-000000000018', 'place_제주_cafe_018', 'd0000000-0000-0000-0000-000000000087', 5, '선생님이 아이들을 정말 사랑하시는 게 느껴져요. 프로그램도 다양하고 좋아요!', ARRAY['놀이공간있음','키즈존넓어요'], 15, now() - interval '96 days'),
  ('ac000000-0000-0000-0000-000000000019', 'place_김해_cafe_019', 'd0000000-0000-0000-0000-000000000085', 5, '수영 프로그램 최고! 강사님이 아기를 정말 잘 다루셔요. 아기가 물을 좋아하게 됐어요!', ARRAY['주차편리','대기짧아요','아기의자있음'], 8, now() + interval '50 days'),
  ('ac000000-0000-0000-0000-000000000020', 'place_창원_academy_020', 'd0000000-0000-0000-0000-000000000069', 4, '가성비 최고에요! 가격 대비 퀄리티가 정말 좋아요. 다음에도 올 거예요.', ARRAY['맛있어요','깨끗해요','키즈존넓어요','시설좋아요'], 20, now() - interval '162 days'),
  ('ac000000-0000-0000-0000-000000000021', 'place_김해_cafe_021', 'd0000000-0000-0000-0000-000000000036', 5, '선생님이 아이들을 정말 사랑하시는 게 느껴져요. 프로그램도 다양하고 좋아요!', ARRAY['키즈존넓어요','주차편리','선생님친절'], 39, now() - interval '131 days'),
  ('ac000000-0000-0000-0000-000000000022', 'place_창원_restaurant_022', 'd0000000-0000-0000-0000-000000000050', 4, '아기 전용 공간이 따로 있어서 안전해요. 큰 아이들과 분리돼서 좋아요!', ARRAY['놀이공간있음','기저귀교환대'], 30, now() + interval '127 days'),
  ('ac000000-0000-0000-0000-000000000023', 'place_세종_playground_023', 'd0000000-0000-0000-0000-000000000061', 4, '선생님이 아이들을 정말 사랑하시는 게 느껴져요. 프로그램도 다양하고 좋아요!', ARRAY['깨끗해요','키즈존넓어요','맛있어요','가격합리적'], 15, now() - interval '79 days'),
  ('ac000000-0000-0000-0000-000000000024', 'place_세종_academy_024', 'd0000000-0000-0000-0000-000000000055', 4, '분위기가 좋고 조용해서 아기와 오기 좋아요. 커피도 맛있어요 ☕', ARRAY['가성비좋아요','접근성좋아요','주차편리'], NULL, now() - interval '114 days'),
  ('ac000000-0000-0000-0000-000000000025', 'place_수원_playground_025', 'd0000000-0000-0000-0000-000000000067', 5, '아기 전용 공간이 따로 있어서 안전해요. 큰 아이들과 분리돼서 좋아요!', ARRAY['안전해요','놀이공간있음','야간진료','프로그램좋아요'], 26, now() - interval '128 days'),
  ('ac000000-0000-0000-0000-000000000026', 'place_제주_playground_026', 'd0000000-0000-0000-0000-000000000041', 2, '아기 전용 공간이 따로 있어서 안전해요. 큰 아이들과 분리돼서 좋아요!', ARRAY['가성비좋아요','주차편리'], 5, now() - interval '129 days'),
  ('ac000000-0000-0000-0000-000000000027', 'place_대구_restaurant_027', 'd0000000-0000-0000-0000-000000000066', 5, '선생님이 아이들을 정말 사랑하시는 게 느껴져요. 프로그램도 다양하고 좋아요!', ARRAY['대기짧아요','안전해요'], NULL, now() - interval '52 days'),
  ('ac000000-0000-0000-0000-000000000028', 'place_용인_cafe_028', 'd0000000-0000-0000-0000-000000000043', 4, '예약 시스템이 잘 돼있어서 대기 없이 이용했어요. 시간 절약!', ARRAY['가성비좋아요','키즈존넓어요','아기의자있음','안전해요'], NULL, now() - interval '89 days'),
  ('ac000000-0000-0000-0000-000000000029', 'place_세종_academy_029', 'd0000000-0000-0000-0000-000000000052', 5, '원장님이 정말 친절하시고 설명을 자세히 해주세요. 아기가 울어도 끝까지 잘 봐주시고, 대기 시간도 짧아요.', ARRAY['분위기좋아요','아기의자있음','유모차OK'], 46, now() + interval '122 days'),
  ('ac000000-0000-0000-0000-000000000030', 'place_세종_restaurant_030', 'd0000000-0000-0000-0000-000000000030', 5, '이유식 재료가 신선하고 유기농이에요. 아기가 잘 먹어서 만족해요!', ARRAY['프로그램좋아요','놀이공간있음','주차편리'], 12, now() + interval '179 days'),
  ('ac000000-0000-0000-0000-000000000031', 'place_전주_cafe_031', 'd0000000-0000-0000-0000-000000000054', 4, '야간 진료 돼서 정말 편해요. 밤에 아기가 아플 때 든든합니다.', ARRAY['기저귀교환대','아기의자있음'], 8, now() - interval '3 days'),
  ('ac000000-0000-0000-0000-000000000032', 'place_용인_playground_032', 'd0000000-0000-0000-0000-000000000064', 4, '가성비 최고에요! 가격 대비 퀄리티가 정말 좋아요. 다음에도 올 거예요.', ARRAY['유모차OK','접근성좋아요','시설좋아요','놀이공간있음'], 36, now() + interval '36 days'),
  ('ac000000-0000-0000-0000-000000000033', 'place_세종_playground_033', 'd0000000-0000-0000-0000-000000000020', 5, '수영 프로그램 최고! 강사님이 아기를 정말 잘 다루셔요. 아기가 물을 좋아하게 됐어요!', ARRAY['가격합리적','유모차OK','안전해요','키즈존넓어요'], 4, now() + interval '49 days'),
  ('ac000000-0000-0000-0000-000000000034', 'place_용인_hospital_034', 'd0000000-0000-0000-0000-000000000061', 5, '아기 전용 공간이 따로 있어서 안전해요. 큰 아이들과 분리돼서 좋아요!', ARRAY['시설좋아요','주차편리','수유실있음','대기짧아요'], 11, now() - interval '177 days'),
  ('ac000000-0000-0000-0000-000000000035', 'place_서울_academy_035', 'd0000000-0000-0000-0000-000000000078', 4, '시설 깨끗하고 넓어요! 아기가 신나했어요. 수유실도 있고 이유식 데워주셔서 좋았어요.', ARRAY['시설좋아요','키즈존넓어요','맛있어요'], 33, now() - interval '15 days'),
  ('ac000000-0000-0000-0000-000000000036', 'place_서울_restaurant_036', 'd0000000-0000-0000-0000-000000000048', 4, '분위기가 좋고 조용해서 아기와 오기 좋아요. 커피도 맛있어요 ☕', ARRAY['유모차OK','수유실있음','대기짧아요'], NULL, now() + interval '18 days'),
  ('ac000000-0000-0000-0000-000000000037', 'place_광주_cafe_037', 'd0000000-0000-0000-0000-000000000050', 5, '음식이 맛있고 아기 메뉴도 있어요! 아기 의자도 깨끗하고 직원분들이 친절해요.', ARRAY['선생님친절','수유실있음','시설좋아요'], 32, now() + interval '118 days'),
  ('ac000000-0000-0000-0000-000000000038', 'place_서울_cafe_038', 'd0000000-0000-0000-0000-000000000036', 5, '아기 전용 공간이 따로 있어서 안전해요. 큰 아이들과 분리돼서 좋아요!', ARRAY['유모차OK','맛있어요'], 36, now() + interval '118 days'),
  ('ac000000-0000-0000-0000-000000000039', 'place_부산_restaurant_039', 'd0000000-0000-0000-0000-000000000060', 5, '음식이 맛있고 아기 메뉴도 있어요! 아기 의자도 깨끗하고 직원분들이 친절해요.', ARRAY['프로그램좋아요','기저귀교환대','시설좋아요','유모차OK'], 11, now() + interval '46 days'),
  ('ac000000-0000-0000-0000-000000000040', 'place_전주_academy_040', 'd0000000-0000-0000-0000-000000000080', 4, '키즈존이 넓고 장난감이 많아요. 아기가 신나서 안 나가려고 해요 ㅋㅋ', ARRAY['가격합리적','대기짧아요'], 2, now() - interval '41 days'),
  ('ac000000-0000-0000-0000-000000000041', 'place_고양_restaurant_041', 'd0000000-0000-0000-0000-000000000036', 5, '시설 깨끗하고 넓어요! 아기가 신나했어요. 수유실도 있고 이유식 데워주셔서 좋았어요.', ARRAY['키즈존넓어요','선생님친절','야간진료','대기짧아요'], 4, now() + interval '130 days'),
  ('ac000000-0000-0000-0000-000000000042', 'place_천안_playground_042', 'd0000000-0000-0000-0000-000000000099', 4, '음식이 맛있고 아기 메뉴도 있어요! 아기 의자도 깨끗하고 직원분들이 친절해요.', ARRAY['분위기좋아요','깨끗해요'], 4, now() + interval '173 days'),
  ('ac000000-0000-0000-0000-000000000043', 'place_제주_academy_043', 'd0000000-0000-0000-0000-000000000096', 4, '가성비 최고에요! 가격 대비 퀄리티가 정말 좋아요. 다음에도 올 거예요.', ARRAY['유모차OK','깨끗해요'], NULL, now() - interval '35 days'),
  ('ac000000-0000-0000-0000-000000000044', 'place_청주_academy_044', 'd0000000-0000-0000-0000-000000000042', 4, '시설 깨끗하고 넓어요! 아기가 신나했어요. 수유실도 있고 이유식 데워주셔서 좋았어요.', ARRAY['맛있어요','프로그램좋아요','아기의자있음','선생님친절'], 10, now() - interval '5 days'),
  ('ac000000-0000-0000-0000-000000000045', 'place_대전_hospital_045', 'd0000000-0000-0000-0000-000000000078', 4, '야간 진료 돼서 정말 편해요. 밤에 아기가 아플 때 든든합니다.', ARRAY['유모차OK','수유실있음','주차편리','친절해요'], 9, now() + interval '46 days'),
  ('ac000000-0000-0000-0000-000000000046', 'place_포항_hospital_046', 'd0000000-0000-0000-0000-000000000028', 4, '예약 시스템이 잘 돼있어서 대기 없이 이용했어요. 시간 절약!', ARRAY['분위기좋아요','대기짧아요'], 19, now() + interval '154 days'),
  ('ac000000-0000-0000-0000-000000000047', 'place_제주_hospital_047', 'd0000000-0000-0000-0000-000000000001', 5, '선생님이 아이들을 정말 사랑하시는 게 느껴져요. 프로그램도 다양하고 좋아요!', ARRAY['기저귀교환대','맛있어요'], 1, now() + interval '4 days'),
  ('ac000000-0000-0000-0000-000000000048', 'place_대구_cafe_048', 'd0000000-0000-0000-0000-000000000044', 4, '선생님이 아이들을 정말 사랑하시는 게 느껴져요. 프로그램도 다양하고 좋아요!', ARRAY['수유실있음','안전해요'], NULL, now() + interval '84 days'),
  ('ac000000-0000-0000-0000-000000000049', 'place_울산_restaurant_049', 'd0000000-0000-0000-0000-000000000042', 5, '선생님이 아이들을 정말 사랑하시는 게 느껴져요. 프로그램도 다양하고 좋아요!', ARRAY['유모차OK','야간진료','대기짧아요','맛있어요'], 22, now() - interval '4 days'),
  ('ac000000-0000-0000-0000-000000000050', 'place_서울_playground_050', 'd0000000-0000-0000-0000-000000000052', 4, '아기 전용 공간이 따로 있어서 안전해요. 큰 아이들과 분리돼서 좋아요!', ARRAY['주차편리','가성비좋아요'], 23, now() - interval '56 days')
ON CONFLICT (id) DO NOTHING;

INSERT INTO reviews (id, place_id, user_id, rating, content, tags, child_age_months, created_at) VALUES
  ('ac000000-0000-0000-0000-000000000051', 'place_청주_playground_051', 'd0000000-0000-0000-0000-000000000053', 5, '시설 깨끗하고 넓어요! 아기가 신나했어요. 수유실도 있고 이유식 데워주셔서 좋았어요.', ARRAY['접근성좋아요','가격합리적','수유실있음','가성비좋아요'], 38, now() - interval '162 days'),
  ('ac000000-0000-0000-0000-000000000052', 'place_광주_academy_052', 'd0000000-0000-0000-0000-000000000090', 4, '키즈존이 넓고 장난감이 많아요. 아기가 신나서 안 나가려고 해요 ㅋㅋ', ARRAY['놀이공간있음','선생님친절','주차편리','안전해요'], NULL, now() + interval '115 days'),
  ('ac000000-0000-0000-0000-000000000053', 'place_수원_restaurant_053', 'd0000000-0000-0000-0000-000000000049', 5, '예약 시스템이 잘 돼있어서 대기 없이 이용했어요. 시간 절약!', ARRAY['맛있어요','친절해요'], 7, now() - interval '110 days'),
  ('ac000000-0000-0000-0000-000000000054', 'place_대구_cafe_054', 'd0000000-0000-0000-0000-000000000097', 3, '유모차 접근성 좋고 넓어서 편해요. 주차도 무료이고 시설이 깨끗해요!', ARRAY['시설좋아요','키즈존넓어요','아기의자있음'], 41, now() - interval '154 days'),
  ('ac000000-0000-0000-0000-000000000055', 'place_광주_playground_055', 'd0000000-0000-0000-0000-000000000057', 4, '키즈존이 넓고 장난감이 많아요. 아기가 신나서 안 나가려고 해요 ㅋㅋ', ARRAY['분위기좋아요','야간진료'], 18, now() + interval '59 days'),
  ('ac000000-0000-0000-0000-000000000056', 'place_용인_playground_056', 'd0000000-0000-0000-0000-000000000094', 4, '야간 진료 돼서 정말 편해요. 밤에 아기가 아플 때 든든합니다.', ARRAY['맛있어요','안전해요'], 24, now() + interval '47 days'),
  ('ac000000-0000-0000-0000-000000000057', 'place_대구_hospital_057', 'd0000000-0000-0000-0000-000000000057', 5, '시설 깨끗하고 넓어요! 아기가 신나했어요. 수유실도 있고 이유식 데워주셔서 좋았어요.', ARRAY['깨끗해요','아기의자있음'], 8, now() - interval '152 days'),
  ('ac000000-0000-0000-0000-000000000058', 'place_수원_cafe_058', 'd0000000-0000-0000-0000-000000000071', 5, '가성비 최고에요! 가격 대비 퀄리티가 정말 좋아요. 다음에도 올 거예요.', ARRAY['프로그램좋아요','시설좋아요','수유실있음','키즈존넓어요'], 11, now() + interval '78 days'),
  ('ac000000-0000-0000-0000-000000000059', 'place_전주_restaurant_059', 'd0000000-0000-0000-0000-000000000037', 5, '프로그램이 정말 알차요! 선생님이 잘 이끌어주시고 아기가 좋아해요.', ARRAY['선생님친절','주차편리','기저귀교환대'], 10, now() + interval '109 days'),
  ('ac000000-0000-0000-0000-000000000060', 'place_천안_restaurant_060', 'd0000000-0000-0000-0000-000000000065', 5, '분위기가 좋고 조용해서 아기와 오기 좋아요. 커피도 맛있어요 ☕', ARRAY['친절해요','유모차OK','야간진료'], 48, now() + interval '77 days'),
  ('ac000000-0000-0000-0000-000000000061', 'place_광주_restaurant_061', 'd0000000-0000-0000-0000-000000000077', 5, '바닥이 폭신해서 아기가 넘어져도 안전해요! 시설도 깨끗하고 관리가 잘 돼요.', ARRAY['유모차OK','프로그램좋아요','시설좋아요'], 24, now() + interval '124 days'),
  ('ac000000-0000-0000-0000-000000000062', 'place_광주_playground_062', 'd0000000-0000-0000-0000-000000000010', 5, '프로그램이 정말 알차요! 선생님이 잘 이끌어주시고 아기가 좋아해요.', ARRAY['키즈존넓어요','친절해요'], NULL, now() + interval '96 days'),
  ('ac000000-0000-0000-0000-000000000063', 'place_천안_academy_063', 'd0000000-0000-0000-0000-000000000063', 5, '예약 시스템이 잘 돼있어서 대기 없이 이용했어요. 시간 절약!', ARRAY['유모차OK','선생님친절','시설좋아요'], 37, now() - interval '10 days'),
  ('ac000000-0000-0000-0000-000000000064', 'place_세종_academy_064', 'd0000000-0000-0000-0000-000000000016', 4, '이유식 재료가 신선하고 유기농이에요. 아기가 잘 먹어서 만족해요!', ARRAY['가성비좋아요','기저귀교환대','분위기좋아요'], 40, now() + interval '179 days'),
  ('ac000000-0000-0000-0000-000000000065', 'place_천안_academy_065', 'd0000000-0000-0000-0000-000000000008', 5, '프로그램이 정말 알차요! 선생님이 잘 이끌어주시고 아기가 좋아해요.', ARRAY['깨끗해요','기저귀교환대','친절해요'], 41, now() - interval '155 days'),
  ('ac000000-0000-0000-0000-000000000066', 'place_성남_cafe_066', 'd0000000-0000-0000-0000-000000000059', 4, '수영 프로그램 최고! 강사님이 아기를 정말 잘 다루셔요. 아기가 물을 좋아하게 됐어요!', ARRAY['수유실있음','친절해요','대기짧아요','주차편리'], 24, now() - interval '151 days'),
  ('ac000000-0000-0000-0000-000000000067', 'place_울산_restaurant_067', 'd0000000-0000-0000-0000-000000000011', 5, '바닥이 폭신해서 아기가 넘어져도 안전해요! 시설도 깨끗하고 관리가 잘 돼요.', ARRAY['가성비좋아요','시설좋아요','분위기좋아요'], 42, now() + interval '151 days'),
  ('ac000000-0000-0000-0000-000000000068', 'place_대구_academy_068', 'd0000000-0000-0000-0000-000000000040', 3, '수영 프로그램 최고! 강사님이 아기를 정말 잘 다루셔요. 아기가 물을 좋아하게 됐어요!', ARRAY['아기의자있음','가성비좋아요','키즈존넓어요'], 25, now() + interval '2 days'),
  ('ac000000-0000-0000-0000-000000000069', 'place_서울_academy_069', 'd0000000-0000-0000-0000-000000000022', 3, '이유식 재료가 신선하고 유기농이에요. 아기가 잘 먹어서 만족해요!', ARRAY['야간진료','분위기좋아요','안전해요','시설좋아요'], 10, now() - interval '48 days'),
  ('ac000000-0000-0000-0000-000000000070', 'place_울산_cafe_070', 'd0000000-0000-0000-0000-000000000091', 4, '야간 진료 돼서 정말 편해요. 밤에 아기가 아플 때 든든합니다.', ARRAY['프로그램좋아요','가격합리적'], 11, now() - interval '47 days'),
  ('ac000000-0000-0000-0000-000000000071', 'place_성남_cafe_071', 'd0000000-0000-0000-0000-000000000098', 5, '분위기가 좋고 조용해서 아기와 오기 좋아요. 커피도 맛있어요 ☕', ARRAY['프로그램좋아요','대기짧아요','수유실있음'], NULL, now() - interval '32 days'),
  ('ac000000-0000-0000-0000-000000000072', 'place_용인_hospital_072', 'd0000000-0000-0000-0000-000000000036', 2, '프로그램이 정말 알차요! 선생님이 잘 이끌어주시고 아기가 좋아해요.', ARRAY['선생님친절','대기짧아요','친절해요'], NULL, now() + interval '2 days'),
  ('ac000000-0000-0000-0000-000000000073', 'place_부산_restaurant_073', 'd0000000-0000-0000-0000-000000000086', 3, '야간 진료 돼서 정말 편해요. 밤에 아기가 아플 때 든든합니다.', ARRAY['유모차OK','분위기좋아요'], 48, now() - interval '125 days'),
  ('ac000000-0000-0000-0000-000000000074', 'place_천안_playground_074', 'd0000000-0000-0000-0000-000000000061', 4, '키즈존이 넓고 장난감이 많아요. 아기가 신나서 안 나가려고 해요 ㅋㅋ', ARRAY['놀이공간있음','맛있어요','기저귀교환대'], 24, now() + interval '92 days'),
  ('ac000000-0000-0000-0000-000000000075', 'place_서울_hospital_075', 'd0000000-0000-0000-0000-000000000043', 4, '예약 시스템이 잘 돼있어서 대기 없이 이용했어요. 시간 절약!', ARRAY['아기의자있음','친절해요','대기짧아요'], 17, now() + interval '64 days'),
  ('ac000000-0000-0000-0000-000000000076', 'place_청주_academy_076', 'd0000000-0000-0000-0000-000000000048', 5, '키즈존이 넓고 장난감이 많아요. 아기가 신나서 안 나가려고 해요 ㅋㅋ', ARRAY['친절해요','놀이공간있음'], NULL, now() - interval '12 days'),
  ('ac000000-0000-0000-0000-000000000077', 'place_전주_playground_077', 'd0000000-0000-0000-0000-000000000095', 4, '아기 전용 공간이 따로 있어서 안전해요. 큰 아이들과 분리돼서 좋아요!', ARRAY['안전해요','주차편리','기저귀교환대'], 30, now() + interval '180 days'),
  ('ac000000-0000-0000-0000-000000000078', 'place_고양_academy_078', 'd0000000-0000-0000-0000-000000000013', 5, '예약 시스템이 잘 돼있어서 대기 없이 이용했어요. 시간 절약!', ARRAY['분위기좋아요','가격합리적'], 45, now() + interval '33 days'),
  ('ac000000-0000-0000-0000-000000000079', 'place_고양_hospital_079', 'd0000000-0000-0000-0000-000000000064', 5, '야간 진료 돼서 정말 편해요. 밤에 아기가 아플 때 든든합니다.', ARRAY['수유실있음','프로그램좋아요','대기짧아요'], 34, now() - interval '55 days'),
  ('ac000000-0000-0000-0000-000000000080', 'place_인천_hospital_080', 'd0000000-0000-0000-0000-000000000022', 4, '예약 시스템이 잘 돼있어서 대기 없이 이용했어요. 시간 절약!', ARRAY['수유실있음','놀이공간있음'], 17, now() - interval '66 days'),
  ('ac000000-0000-0000-0000-000000000081', 'place_인천_academy_081', 'd0000000-0000-0000-0000-000000000086', 5, '선생님이 아이들을 정말 사랑하시는 게 느껴져요. 프로그램도 다양하고 좋아요!', ARRAY['선생님친절','주차편리','놀이공간있음','맛있어요'], 38, now() - interval '88 days'),
  ('ac000000-0000-0000-0000-000000000082', 'place_포항_academy_082', 'd0000000-0000-0000-0000-000000000049', 5, '가성비 최고에요! 가격 대비 퀄리티가 정말 좋아요. 다음에도 올 거예요.', ARRAY['맛있어요','가성비좋아요'], NULL, now() - interval '23 days'),
  ('ac000000-0000-0000-0000-000000000083', 'place_울산_restaurant_083', 'd0000000-0000-0000-0000-000000000044', 5, '시설 깨끗하고 넓어요! 아기가 신나했어요. 수유실도 있고 이유식 데워주셔서 좋았어요.', ARRAY['기저귀교환대','아기의자있음','놀이공간있음','유모차OK'], 0, now() - interval '152 days'),
  ('ac000000-0000-0000-0000-000000000084', 'place_제주_cafe_084', 'd0000000-0000-0000-0000-000000000069', 5, '유모차 접근성 좋고 넓어서 편해요. 주차도 무료이고 시설이 깨끗해요!', ARRAY['아기의자있음','분위기좋아요','맛있어요'], NULL, now() - interval '118 days'),
  ('ac000000-0000-0000-0000-000000000085', 'place_고양_cafe_085', 'd0000000-0000-0000-0000-000000000041', 5, '아기 전용 공간이 따로 있어서 안전해요. 큰 아이들과 분리돼서 좋아요!', ARRAY['프로그램좋아요','아기의자있음','시설좋아요','가격합리적'], 44, now() - interval '82 days'),
  ('ac000000-0000-0000-0000-000000000086', 'place_인천_restaurant_086', 'd0000000-0000-0000-0000-000000000040', 4, '분위기가 좋고 조용해서 아기와 오기 좋아요. 커피도 맛있어요 ☕', ARRAY['가격합리적','선생님친절','키즈존넓어요','안전해요'], 24, now() - interval '86 days'),
  ('ac000000-0000-0000-0000-000000000087', 'place_수원_cafe_087', 'd0000000-0000-0000-0000-000000000020', 5, '원장님이 정말 친절하시고 설명을 자세히 해주세요. 아기가 울어도 끝까지 잘 봐주시고, 대기 시간도 짧아요.', ARRAY['선생님친절','유모차OK'], 42, now() + interval '41 days'),
  ('ac000000-0000-0000-0000-000000000088', 'place_제주_restaurant_088', 'd0000000-0000-0000-0000-000000000003', 4, '키즈존이 넓고 장난감이 많아요. 아기가 신나서 안 나가려고 해요 ㅋㅋ', ARRAY['기저귀교환대','유모차OK','가격합리적'], NULL, now() + interval '73 days'),
  ('ac000000-0000-0000-0000-000000000089', 'place_포항_cafe_089', 'd0000000-0000-0000-0000-000000000090', 4, '바닥이 폭신해서 아기가 넘어져도 안전해요! 시설도 깨끗하고 관리가 잘 돼요.', ARRAY['가격합리적','깨끗해요','시설좋아요'], 10, now() + interval '114 days'),
  ('ac000000-0000-0000-0000-000000000090', 'place_고양_academy_090', 'd0000000-0000-0000-0000-000000000090', 5, '프로그램이 정말 알차요! 선생님이 잘 이끌어주시고 아기가 좋아해요.', ARRAY['키즈존넓어요','친절해요'], 36, now() - interval '38 days'),
  ('ac000000-0000-0000-0000-000000000091', 'place_대전_academy_091', 'd0000000-0000-0000-0000-000000000049', 5, '시설 깨끗하고 넓어요! 아기가 신나했어요. 수유실도 있고 이유식 데워주셔서 좋았어요.', ARRAY['선생님친절','수유실있음','깨끗해요'], NULL, now() + interval '87 days'),
  ('ac000000-0000-0000-0000-000000000092', 'place_광주_academy_092', 'd0000000-0000-0000-0000-000000000076', 5, '가성비 최고에요! 가격 대비 퀄리티가 정말 좋아요. 다음에도 올 거예요.', ARRAY['깨끗해요','대기짧아요'], 31, now() - interval '153 days'),
  ('ac000000-0000-0000-0000-000000000093', 'place_대구_academy_093', 'd0000000-0000-0000-0000-000000000023', 5, '분위기가 좋고 조용해서 아기와 오기 좋아요. 커피도 맛있어요 ☕', ARRAY['유모차OK','가성비좋아요','프로그램좋아요','기저귀교환대'], NULL, now() - interval '32 days'),
  ('ac000000-0000-0000-0000-000000000094', 'place_수원_restaurant_094', 'd0000000-0000-0000-0000-000000000063', 2, '수영 프로그램 최고! 강사님이 아기를 정말 잘 다루셔요. 아기가 물을 좋아하게 됐어요!', ARRAY['선생님친절','가성비좋아요','대기짧아요','수유실있음'], 41, now() + interval '77 days'),
  ('ac000000-0000-0000-0000-000000000095', 'place_인천_cafe_095', 'd0000000-0000-0000-0000-000000000074', 4, '예약 시스템이 잘 돼있어서 대기 없이 이용했어요. 시간 절약!', ARRAY['수유실있음','유모차OK','친절해요','가격합리적'], 34, now() + interval '136 days'),
  ('ac000000-0000-0000-0000-000000000096', 'place_김해_hospital_096', 'd0000000-0000-0000-0000-000000000063', 5, '야간 진료 돼서 정말 편해요. 밤에 아기가 아플 때 든든합니다.', ARRAY['대기짧아요','키즈존넓어요','안전해요','수유실있음'], 44, now() - interval '143 days'),
  ('ac000000-0000-0000-0000-000000000097', 'place_인천_playground_097', 'd0000000-0000-0000-0000-000000000058', 2, '수영 프로그램 최고! 강사님이 아기를 정말 잘 다루셔요. 아기가 물을 좋아하게 됐어요!', ARRAY['수유실있음','주차편리'], 48, now() - interval '32 days'),
  ('ac000000-0000-0000-0000-000000000098', 'place_창원_playground_098', 'd0000000-0000-0000-0000-000000000065', 5, '바닥이 폭신해서 아기가 넘어져도 안전해요! 시설도 깨끗하고 관리가 잘 돼요.', ARRAY['친절해요','맛있어요','시설좋아요'], NULL, now() + interval '76 days'),
  ('ac000000-0000-0000-0000-000000000099', 'place_전주_restaurant_099', 'd0000000-0000-0000-0000-000000000085', 3, '아기 전용 공간이 따로 있어서 안전해요. 큰 아이들과 분리돼서 좋아요!', ARRAY['놀이공간있음','분위기좋아요','기저귀교환대','가격합리적'], 6, now() + interval '12 days'),
  ('ac000000-0000-0000-0000-000000000100', 'place_울산_hospital_100', 'd0000000-0000-0000-0000-000000000031', 3, '분위기가 좋고 조용해서 아기와 오기 좋아요. 커피도 맛있어요 ☕', ARRAY['아기의자있음','접근성좋아요'], 22, now() - interval '160 days')
ON CONFLICT (id) DO NOTHING;

INSERT INTO reviews (id, place_id, user_id, rating, content, tags, child_age_months, created_at) VALUES
  ('ac000000-0000-0000-0000-000000000101', 'place_포항_hospital_101', 'd0000000-0000-0000-0000-000000000055', 4, '가성비 최고에요! 가격 대비 퀄리티가 정말 좋아요. 다음에도 올 거예요.', ARRAY['수유실있음','유모차OK','프로그램좋아요','주차편리'], 43, now() + interval '178 days'),
  ('ac000000-0000-0000-0000-000000000102', 'place_울산_restaurant_102', 'd0000000-0000-0000-0000-000000000019', 3, '예약 시스템이 잘 돼있어서 대기 없이 이용했어요. 시간 절약!', ARRAY['키즈존넓어요','기저귀교환대','분위기좋아요'], 26, now() + interval '81 days'),
  ('ac000000-0000-0000-0000-000000000103', 'place_서울_academy_103', 'd0000000-0000-0000-0000-000000000056', 5, '프로그램이 정말 알차요! 선생님이 잘 이끌어주시고 아기가 좋아해요.', ARRAY['가성비좋아요','대기짧아요'], 43, now() + interval '17 days'),
  ('ac000000-0000-0000-0000-000000000104', 'place_창원_hospital_104', 'd0000000-0000-0000-0000-000000000043', 5, '이유식 재료가 신선하고 유기농이에요. 아기가 잘 먹어서 만족해요!', ARRAY['아기의자있음','맛있어요','가성비좋아요'], NULL, now() - interval '57 days'),
  ('ac000000-0000-0000-0000-000000000105', 'place_인천_hospital_105', 'd0000000-0000-0000-0000-000000000049', 4, '예약 시스템이 잘 돼있어서 대기 없이 이용했어요. 시간 절약!', ARRAY['가격합리적','선생님친절','대기짧아요'], 44, now() + interval '73 days'),
  ('ac000000-0000-0000-0000-000000000106', 'place_인천_playground_106', 'd0000000-0000-0000-0000-000000000071', 5, '바닥이 폭신해서 아기가 넘어져도 안전해요! 시설도 깨끗하고 관리가 잘 돼요.', ARRAY['유모차OK','수유실있음','기저귀교환대'], 43, now() + interval '137 days'),
  ('ac000000-0000-0000-0000-000000000107', 'place_제주_restaurant_107', 'd0000000-0000-0000-0000-000000000071', 4, '바닥이 폭신해서 아기가 넘어져도 안전해요! 시설도 깨끗하고 관리가 잘 돼요.', ARRAY['친절해요','분위기좋아요','아기의자있음'], 9, now() - interval '69 days'),
  ('ac000000-0000-0000-0000-000000000108', 'place_수원_playground_108', 'd0000000-0000-0000-0000-000000000007', 5, '가성비 최고에요! 가격 대비 퀄리티가 정말 좋아요. 다음에도 올 거예요.', ARRAY['프로그램좋아요','수유실있음','안전해요','기저귀교환대'], 32, now() - interval '110 days'),
  ('ac000000-0000-0000-0000-000000000109', 'place_고양_cafe_109', 'd0000000-0000-0000-0000-000000000067', 5, '시설 깨끗하고 넓어요! 아기가 신나했어요. 수유실도 있고 이유식 데워주셔서 좋았어요.', ARRAY['야간진료','놀이공간있음','주차편리'], 4, now() + interval '24 days'),
  ('ac000000-0000-0000-0000-000000000110', 'place_부산_restaurant_110', 'd0000000-0000-0000-0000-000000000022', 3, '음식이 맛있고 아기 메뉴도 있어요! 아기 의자도 깨끗하고 직원분들이 친절해요.', ARRAY['선생님친절','친절해요','야간진료','분위기좋아요'], 8, now() + interval '132 days'),
  ('ac000000-0000-0000-0000-000000000111', 'place_인천_restaurant_111', 'd0000000-0000-0000-0000-000000000088', 4, '수영 프로그램 최고! 강사님이 아기를 정말 잘 다루셔요. 아기가 물을 좋아하게 됐어요!', ARRAY['친절해요','야간진료'], 47, now() - interval '170 days'),
  ('ac000000-0000-0000-0000-000000000112', 'place_부산_restaurant_112', 'd0000000-0000-0000-0000-000000000068', 5, '바닥이 폭신해서 아기가 넘어져도 안전해요! 시설도 깨끗하고 관리가 잘 돼요.', ARRAY['분위기좋아요','맛있어요','수유실있음','주차편리'], 8, now() + interval '14 days'),
  ('ac000000-0000-0000-0000-000000000113', 'place_제주_academy_113', 'd0000000-0000-0000-0000-000000000055', 4, '시설 깨끗하고 넓어요! 아기가 신나했어요. 수유실도 있고 이유식 데워주셔서 좋았어요.', ARRAY['맛있어요','접근성좋아요','대기짧아요'], 30, now() - interval '55 days'),
  ('ac000000-0000-0000-0000-000000000114', 'place_제주_restaurant_114', 'd0000000-0000-0000-0000-000000000001', 4, '음식이 맛있고 아기 메뉴도 있어요! 아기 의자도 깨끗하고 직원분들이 친절해요.', ARRAY['분위기좋아요','깨끗해요','프로그램좋아요','선생님친절'], NULL, now() - interval '118 days'),
  ('ac000000-0000-0000-0000-000000000115', 'place_창원_playground_115', 'd0000000-0000-0000-0000-000000000043', 3, '유모차 접근성 좋고 넓어서 편해요. 주차도 무료이고 시설이 깨끗해요!', ARRAY['수유실있음','유모차OK','기저귀교환대','친절해요'], NULL, now() + interval '22 days'),
  ('ac000000-0000-0000-0000-000000000116', 'place_광주_restaurant_116', 'd0000000-0000-0000-0000-000000000068', 4, '선생님이 아이들을 정말 사랑하시는 게 느껴져요. 프로그램도 다양하고 좋아요!', ARRAY['친절해요','아기의자있음','가성비좋아요'], 25, now() - interval '94 days'),
  ('ac000000-0000-0000-0000-000000000117', 'place_포항_cafe_117', 'd0000000-0000-0000-0000-000000000055', 5, '시설 깨끗하고 넓어요! 아기가 신나했어요. 수유실도 있고 이유식 데워주셔서 좋았어요.', ARRAY['프로그램좋아요','수유실있음','아기의자있음'], 27, now() - interval '51 days'),
  ('ac000000-0000-0000-0000-000000000118', 'place_고양_cafe_118', 'd0000000-0000-0000-0000-000000000015', 2, '가성비 최고에요! 가격 대비 퀄리티가 정말 좋아요. 다음에도 올 거예요.', ARRAY['놀이공간있음','깨끗해요','수유실있음'], 30, now() + interval '69 days'),
  ('ac000000-0000-0000-0000-000000000119', 'place_청주_academy_119', 'd0000000-0000-0000-0000-000000000016', 5, '이유식 재료가 신선하고 유기농이에요. 아기가 잘 먹어서 만족해요!', ARRAY['아기의자있음','놀이공간있음','유모차OK','분위기좋아요'], 47, now() + interval '100 days'),
  ('ac000000-0000-0000-0000-000000000120', 'place_인천_hospital_120', 'd0000000-0000-0000-0000-000000000017', 5, '바닥이 폭신해서 아기가 넘어져도 안전해요! 시설도 깨끗하고 관리가 잘 돼요.', ARRAY['기저귀교환대','분위기좋아요'], NULL, now() + interval '14 days'),
  ('ac000000-0000-0000-0000-000000000121', 'place_천안_playground_121', 'd0000000-0000-0000-0000-000000000087', 5, '예약 시스템이 잘 돼있어서 대기 없이 이용했어요. 시간 절약!', ARRAY['야간진료','선생님친절'], 31, now() - interval '110 days'),
  ('ac000000-0000-0000-0000-000000000122', 'place_광주_restaurant_122', 'd0000000-0000-0000-0000-000000000032', 5, '바닥이 폭신해서 아기가 넘어져도 안전해요! 시설도 깨끗하고 관리가 잘 돼요.', ARRAY['가성비좋아요','대기짧아요'], 44, now() - interval '110 days'),
  ('ac000000-0000-0000-0000-000000000123', 'place_인천_academy_123', 'd0000000-0000-0000-0000-000000000026', 5, '야간 진료 돼서 정말 편해요. 밤에 아기가 아플 때 든든합니다.', ARRAY['수유실있음','키즈존넓어요','아기의자있음','맛있어요'], NULL, now() + interval '71 days'),
  ('ac000000-0000-0000-0000-000000000124', 'place_천안_cafe_124', 'd0000000-0000-0000-0000-000000000025', 1, '프로그램이 정말 알차요! 선생님이 잘 이끌어주시고 아기가 좋아해요.', ARRAY['깨끗해요','유모차OK'], 19, now() + interval '60 days'),
  ('ac000000-0000-0000-0000-000000000125', 'place_천안_playground_125', 'd0000000-0000-0000-0000-000000000029', 4, '야간 진료 돼서 정말 편해요. 밤에 아기가 아플 때 든든합니다.', ARRAY['깨끗해요','시설좋아요','대기짧아요'], 17, now() + interval '108 days')
ON CONFLICT (id) DO NOTHING;


-- ────────────────────────────────────────────────
-- 7. 동네 모임 (town_gatherings) — 60개
-- ────────────────────────────────────────────────
INSERT INTO town_gatherings (id, creator_id, title, description, place_name, place_id, lat, lng, scheduled_at, max_participants, min_child_age_months, max_child_age_months, status, category, meeting_frequency, created_at) VALUES
  ('b0000000-0000-0000-0000-000000000001', 'd0000000-0000-0000-0000-000000000032', '용인 맘 네트워크', '아기와 함께하는 운동! 초보도 OK!', '용인 문화센터', NULL, 37.2490, 127.1712, now() + interval '42 days', 10, 8, 24, 'open', 'playgroup', 'weekly', now() + interval '26 days'),
  ('b0000000-0000-0000-0000-000000000002', 'd0000000-0000-0000-0000-000000000063', '창원 엄마 요가', '아기와 함께하는 운동! 초보도 OK!', '창원 도서관', NULL, 35.2237, 128.6733, now() + interval '75 days', 10, 6, 18, 'open', 'playgroup', 'biweekly', now() + interval '54 days'),
  ('b0000000-0000-0000-0000-000000000003', 'd0000000-0000-0000-0000-000000000014', '광주 맘 산책 모임', '매주 새로운 그림책과 놀이 활동! 📚', '광주 카페', NULL, 35.1621, 126.8546, now() + interval '72 days', 6, 6, 24, 'open', 'playgroup', 'biweekly', now() + interval '52 days'),
  ('b0000000-0000-0000-0000-000000000004', 'd0000000-0000-0000-0000-000000000006', '광주 아기 음악교실', '아기와 함께하는 운동! 초보도 OK!', '광주 육아센터', NULL, 35.1533, 126.8536, now() + interval '157 days', 6, 0, 24, 'open', 'hobby', 'monthly', now() + interval '129 days'),
  ('b0000000-0000-0000-0000-000000000005', 'd0000000-0000-0000-0000-000000000077', '성남 베이비 마사지', '유모차 가능한 코스만 갈 거예요! 🌿', '성남 도서관', NULL, 37.4239, 127.1193, now() - interval '116 days', 12, 8, 12, 'open', 'playgroup', 'weekly', now() - interval '131 days'),
  ('b0000000-0000-0000-0000-000000000006', 'd0000000-0000-0000-0000-000000000050', '제주 운동 모임', '유모차 가능한 코스만 갈 거예요! 🌿', '제주 요가센터', NULL, 33.5017, 126.5253, now() - interval '45 days', 6, 8, 24, 'open', 'playgroup', 'biweekly', now() - interval '57 days'),
  ('b0000000-0000-0000-0000-000000000007', 'd0000000-0000-0000-0000-000000000071', '인천 맘모임 ☕', '레시피 공유하고 같이 만들어봐요! 초보 맘 환영!', '인천 공원', NULL, 37.4497, 126.6961, now() + interval '175 days', 8, NULL, NULL, 'closed', 'study', 'monthly', now() + interval '165 days'),
  ('b0000000-0000-0000-0000-000000000008', 'd0000000-0000-0000-0000-000000000027', '포항 엄마 요가', '아기들과 함께하는 모임! 전문 강사님 계셔요.', '포항 도서관', NULL, 36.0113, 129.3465, now() + interval '169 days', 15, 6, 18, 'open', 'outdoor', 'monthly', now() + interval '157 days'),
  ('b0000000-0000-0000-0000-000000000009', 'd0000000-0000-0000-0000-000000000008', '서울 놀이 모임', '육아 수다 떨어요! 아기 데리고 와도 되는 곳에서 만나요~', '서울 요가센터', NULL, 37.5730, 126.9724, now() + interval '121 days', 15, NULL, NULL, 'open', 'hobby', 'biweekly', now() + interval '98 days'),
  ('b0000000-0000-0000-0000-000000000010', 'd0000000-0000-0000-0000-000000000081', '포항 맘 산책 모임', '매주 같이 운동하면서 건강도 챙기고 친구도 만들어요!', '포항 도서관', NULL, 36.0131, 129.3423, now() - interval '98 days', 12, NULL, NULL, 'open', 'hobby', 'monthly', now() - interval '112 days'),
  ('b0000000-0000-0000-0000-000000000011', 'd0000000-0000-0000-0000-000000000062', '대구 운동 모임', '매주 새로운 그림책과 놀이 활동! 📚', '대구 도서관', NULL, 35.8713, 128.6006, now() - interval '17 days', 8, 0, 24, 'open', 'study', 'biweekly', now() - interval '46 days'),
  ('b0000000-0000-0000-0000-000000000012', 'd0000000-0000-0000-0000-000000000078', '울산 아기 음악교실', '정보 공유하고 서로 응원해요! 💪', '울산 카페', NULL, 35.5298, 129.3028, now() + interval '26 days', 15, NULL, NULL, 'open', 'study', 'once', now() + interval '4 days'),
  ('b0000000-0000-0000-0000-000000000013', 'd0000000-0000-0000-0000-000000000050', '서울 맘 산책 모임', '아기들과 함께하는 모임! 전문 강사님 계셔요.', '서울 공원', NULL, 37.5587, 126.9683, now() + interval '48 days', 8, 0, 12, 'open', 'playgroup', 'biweekly', now() + interval '28 days'),
  ('b0000000-0000-0000-0000-000000000014', 'd0000000-0000-0000-0000-000000000044', '대구 맘카페 모임', '레시피 공유하고 같이 만들어봐요! 초보 맘 환영!', '대구 공원', NULL, 35.8654, 128.6010, now() - interval '115 days', 10, 8, 18, 'open', 'outdoor', 'once', now() - interval '140 days'),
  ('b0000000-0000-0000-0000-000000000015', 'd0000000-0000-0000-0000-000000000070', '인천 아기 수영 모임', '아기 재우고 엄마들끼리 책 읽는 모임이에요!', '인천 육아센터', NULL, 37.4467, 126.6961, now() - interval '95 days', 8, 0, 18, 'open', 'outdoor', 'monthly', now() - interval '110 days'),
  ('b0000000-0000-0000-0000-000000000016', 'd0000000-0000-0000-0000-000000000084', '고양 그림책 모임', '레시피 공유하고 같이 만들어봐요! 초보 맘 환영!', '고양 카페', NULL, 37.6529, 126.8396, now() + interval '97 days', 8, NULL, NULL, 'open', 'support', 'weekly', now() + interval '92 days'),
  ('b0000000-0000-0000-0000-000000000017', 'd0000000-0000-0000-0000-000000000016', '창원 이유식 스터디', '정보 공유하고 서로 응원해요! 💪', '창원 요가센터', NULL, 35.2355, 128.6895, now() - interval '147 days', 10, 3, 36, 'open', 'playgroup', 'biweekly', now() - interval '171 days'),
  ('b0000000-0000-0000-0000-000000000018', 'd0000000-0000-0000-0000-000000000037', '창원 아기 음악교실', '또래 아기들 모여서 놀아요! 감각 놀이, 그림책 읽기 등', '창원 도서관', NULL, 35.2345, 128.6765, now() - interval '23 days', 6, 0, 36, 'open', 'support', 'monthly', now() - interval '38 days'),
  ('b0000000-0000-0000-0000-000000000019', 'd0000000-0000-0000-0000-000000000062', '대구 아기 수영 모임', '아기와 함께하는 운동! 초보도 OK!', '대구 문화센터', NULL, 35.8637, 128.5999, now() + interval '149 days', 8, 3, 24, 'closed', 'hobby', 'biweekly', now() + interval '124 days'),
  ('b0000000-0000-0000-0000-000000000020', 'd0000000-0000-0000-0000-000000000078', '용인 임산부 모임', '아기 재우고 엄마들끼리 책 읽는 모임이에요!', '용인 육아센터', NULL, 37.2339, 127.1865, now() + interval '104 days', 15, 6, 36, 'open', 'study', 'once', now() + interval '99 days'),
  ('b0000000-0000-0000-0000-000000000021', 'd0000000-0000-0000-0000-000000000054', '김해 맘 산책 모임', '아기와 함께하는 운동! 초보도 OK!', '김해 카페', NULL, 35.2301, 128.8931, now() + interval '41 days', 8, 0, 24, 'open', 'study', 'weekly', now() + interval '35 days'),
  ('b0000000-0000-0000-0000-000000000022', 'd0000000-0000-0000-0000-000000000045', '창원 그림책 모임', '레시피 공유하고 같이 만들어봐요! 초보 맘 환영!', '창원 요가센터', NULL, 35.2340, 128.6884, now() + interval '41 days', 12, NULL, NULL, 'open', 'study', 'monthly', now() + interval '15 days'),
  ('b0000000-0000-0000-0000-000000000023', 'd0000000-0000-0000-0000-000000000090', '광주 맘모임 ☕', '아기들과 함께하는 모임! 전문 강사님 계셔요.', '광주 도서관', NULL, 35.1570, 126.8431, now() + interval '44 days', 15, NULL, NULL, 'open', 'support', 'monthly', now() + interval '41 days'),
  ('b0000000-0000-0000-0000-000000000024', 'd0000000-0000-0000-0000-000000000019', '대구 베이비 마사지', '레시피 공유하고 같이 만들어봐요! 초보 맘 환영!', '대구 육아센터', NULL, 35.8663, 128.5916, now() + interval '104 days', 8, 6, 24, 'open', 'support', 'biweekly', now() + interval '87 days'),
  ('b0000000-0000-0000-0000-000000000025', 'd0000000-0000-0000-0000-000000000089', '서울 맘 독서 모임', '레시피 공유하고 같이 만들어봐요! 초보 맘 환영!', '서울 카페', NULL, 37.5622, 126.9711, now() + interval '88 days', 12, 8, 36, 'open', 'playgroup', 'biweekly', now() + interval '67 days'),
  ('b0000000-0000-0000-0000-000000000026', 'd0000000-0000-0000-0000-000000000091', '수원 이유식 스터디', '유모차 가능한 코스만 갈 거예요! 🌿', '수원 육아센터', NULL, 37.2621, 127.0217, now() - interval '122 days', 15, 0, 18, 'open', 'playgroup', 'once', now() - interval '144 days'),
  ('b0000000-0000-0000-0000-000000000027', 'd0000000-0000-0000-0000-000000000089', '전주 이유식 스터디', '육아 수다 떨어요! 아기 데리고 와도 되는 곳에서 만나요~', '전주 공원', NULL, 35.8237, 127.1511, now() - interval '6 days', 12, NULL, NULL, 'open', 'support', 'once', now() - interval '20 days'),
  ('b0000000-0000-0000-0000-000000000028', 'd0000000-0000-0000-0000-000000000043', '서울 맘 산책 모임', '매주 같이 운동하면서 건강도 챙기고 친구도 만들어요!', '서울 카페', NULL, 37.5613, 126.9713, now() + interval '19 days', 10, 3, 18, 'open', 'playgroup', 'weekly', now() + interval '9 days'),
  ('b0000000-0000-0000-0000-000000000029', 'd0000000-0000-0000-0000-000000000073', '세종 맘모임 ☕', '아기와 함께하는 운동! 초보도 OK!', '세종 카페', NULL, 36.4710, 127.2689, now() - interval '58 days', 10, NULL, NULL, 'open', 'support', 'weekly', now() - interval '73 days'),
  ('b0000000-0000-0000-0000-000000000030', 'd0000000-0000-0000-0000-000000000041', '제주 임산부 모임', '아기 재우고 엄마들끼리 책 읽는 모임이에요!', '제주 카페', NULL, 33.5041, 126.5407, now() + interval '116 days', 15, 3, 12, 'open', 'playgroup', 'monthly', now() + interval '98 days'),
  ('b0000000-0000-0000-0000-000000000031', 'd0000000-0000-0000-0000-000000000005', '고양 아기 미술 놀이', '유모차 가능한 코스만 갈 거예요! 🌿', '고양 문화센터', NULL, 37.6516, 126.8356, now() + interval '47 days', 8, 3, 24, 'open', 'playgroup', 'weekly', now() + interval '34 days'),
  ('b0000000-0000-0000-0000-000000000032', 'd0000000-0000-0000-0000-000000000080', '천안 맘 산책 모임', '매주 같이 운동하면서 건강도 챙기고 친구도 만들어요!', '천안 요가센터', NULL, 36.8059, 127.1182, now() + interval '53 days', 6, 6, 36, 'open', 'support', 'biweekly', now() + interval '25 days'),
  ('b0000000-0000-0000-0000-000000000033', 'd0000000-0000-0000-0000-000000000099', '고양 아기 수영 모임', '매주 새로운 그림책과 놀이 활동! 📚', '고양 공원', NULL, 37.6593, 126.8414, now() - interval '134 days', 8, 6, 18, 'open', 'playgroup', 'once', now() - interval '148 days'),
  ('b0000000-0000-0000-0000-000000000034', 'd0000000-0000-0000-0000-000000000010', '대전 베이비 마사지', '매주 새로운 그림책과 놀이 활동! 📚', '대전 도서관', NULL, 36.3546, 127.3837, now() - interval '59 days', 8, 6, 24, 'open', 'support', 'monthly', now() - interval '74 days'),
  ('b0000000-0000-0000-0000-000000000035', 'd0000000-0000-0000-0000-000000000080', '광주 엄마 요가', '아기들과 함께하는 모임! 전문 강사님 계셔요.', '광주 도서관', NULL, 35.1583, 126.8528, now() + interval '179 days', 12, 8, 24, 'open', 'outdoor', 'monthly', now() + interval '175 days'),
  ('b0000000-0000-0000-0000-000000000036', 'd0000000-0000-0000-0000-000000000083', '부산 이유식 스터디', '아기들과 함께하는 모임! 전문 강사님 계셔요.', '부산 공원', NULL, 35.1844, 129.0705, now() + interval '73 days', 12, 3, 36, 'closed', 'outdoor', 'weekly', now() + interval '58 days'),
  ('b0000000-0000-0000-0000-000000000037', 'd0000000-0000-0000-0000-000000000086', '대구 아기 수영 모임', '아기들과 함께하는 모임! 전문 강사님 계셔요.', '대구 문화센터', NULL, 35.8684, 128.6008, now() - interval '80 days', 6, 8, 36, 'open', 'outdoor', 'once', now() - interval '85 days'),
  ('b0000000-0000-0000-0000-000000000038', 'd0000000-0000-0000-0000-000000000078', '청주 그림책 모임', '육아 수다 떨어요! 아기 데리고 와도 되는 곳에서 만나요~', '청주 요가센터', NULL, 36.6367, 127.4938, now() + interval '103 days', 8, 8, 18, 'open', 'playgroup', 'monthly', now() + interval '82 days'),
  ('b0000000-0000-0000-0000-000000000039', 'd0000000-0000-0000-0000-000000000077', '제주 맘 산책 모임', '육아 수다 떨어요! 아기 데리고 와도 되는 곳에서 만나요~', '제주 문화센터', NULL, 33.4908, 126.5374, now() - interval '155 days', 6, 6, 24, 'open', 'support', 'once', now() - interval '163 days'),
  ('b0000000-0000-0000-0000-000000000040', 'd0000000-0000-0000-0000-000000000009', '성남 맘 독서 모임', '유모차 가능한 코스만 갈 거예요! 🌿', '성남 도서관', NULL, 37.4181, 127.1227, now() - interval '97 days', 10, NULL, NULL, 'closed', 'support', 'once', now() - interval '110 days'),
  ('b0000000-0000-0000-0000-000000000041', 'd0000000-0000-0000-0000-000000000039', '대전 맘 독서 모임', '레시피 공유하고 같이 만들어봐요! 초보 맘 환영!', '대전 도서관', NULL, 36.3444, 127.3933, now() + interval '17 days', 12, 6, 36, 'open', 'support', 'once', now() - interval '3 days'),
  ('b0000000-0000-0000-0000-000000000042', 'd0000000-0000-0000-0000-000000000077', '울산 엄마 요가', '아기와 함께하는 운동! 초보도 OK!', '울산 카페', NULL, 35.5300, 129.3148, now() + interval '88 days', 8, 8, 18, 'open', 'outdoor', 'biweekly', now() + interval '82 days'),
  ('b0000000-0000-0000-0000-000000000043', 'd0000000-0000-0000-0000-000000000087', '천안 맘 네트워크', '매주 새로운 그림책과 놀이 활동! 📚', '천안 도서관', NULL, 36.8104, 127.1183, now() - interval '33 days', 15, NULL, NULL, 'open', 'support', 'biweekly', now() - interval '49 days'),
  ('b0000000-0000-0000-0000-000000000044', 'd0000000-0000-0000-0000-000000000100', '대전 맘 네트워크', '매주 같이 운동하면서 건강도 챙기고 친구도 만들어요!', '대전 카페', NULL, 36.3524, 127.3788, now() + interval '158 days', 10, 0, 24, 'closed', 'study', 'biweekly', now() + interval '129 days'),
  ('b0000000-0000-0000-0000-000000000045', 'd0000000-0000-0000-0000-000000000090', '청주 엄마 요가', '아기 재우고 엄마들끼리 책 읽는 모임이에요!', '청주 육아센터', NULL, 36.6454, 127.4881, now() + interval '134 days', 15, 3, 12, 'open', 'support', 'monthly', now() + interval '118 days'),
  ('b0000000-0000-0000-0000-000000000046', 'd0000000-0000-0000-0000-000000000071', '대전 아기 미술 놀이', '매주 같이 운동하면서 건강도 챙기고 친구도 만들어요!', '대전 카페', NULL, 36.3513, 127.3821, now() + interval '174 days', 6, 0, 12, 'open', 'support', 'monthly', now() + interval '158 days'),
  ('b0000000-0000-0000-0000-000000000047', 'd0000000-0000-0000-0000-000000000096', '포항 맘 네트워크', '또래 아기들 모여서 놀아요! 감각 놀이, 그림책 읽기 등', '포항 육아센터', NULL, 36.0110, 129.3424, now() + interval '39 days', 8, 3, 36, 'closed', 'outdoor', 'weekly', now() + interval '30 days'),
  ('b0000000-0000-0000-0000-000000000048', 'd0000000-0000-0000-0000-000000000016', '창원 맘모임 ☕', '아기와 함께하는 운동! 초보도 OK!', '창원 문화센터', NULL, 35.2364, 128.6894, now() + interval '80 days', 15, NULL, NULL, 'open', 'support', 'once', now() + interval '68 days'),
  ('b0000000-0000-0000-0000-000000000049', 'd0000000-0000-0000-0000-000000000054', '수원 맘모임 ☕', '레시피 공유하고 같이 만들어봐요! 초보 맘 환영!', '수원 공원', NULL, 37.2537, 127.0368, now() - interval '131 days', 15, 6, 24, 'open', 'playgroup', 'weekly', now() - interval '147 days'),
  ('b0000000-0000-0000-0000-000000000050', 'd0000000-0000-0000-0000-000000000051', '울산 이유식 스터디', '정보 공유하고 서로 응원해요! 💪', '울산 도서관', NULL, 35.5407, 129.3093, now() + interval '122 days', 8, 8, 24, 'open', 'playgroup', 'once', now() + interval '112 days')
ON CONFLICT (id) DO NOTHING;

INSERT INTO town_gatherings (id, creator_id, title, description, place_name, place_id, lat, lng, scheduled_at, max_participants, min_child_age_months, max_child_age_months, status, category, meeting_frequency, created_at) VALUES
  ('b0000000-0000-0000-0000-000000000051', 'd0000000-0000-0000-0000-000000000017', '김해 맘카페 모임', '아기 재우고 엄마들끼리 책 읽는 모임이에요!', '김해 문화센터', NULL, 35.2209, 128.8907, now() - interval '109 days', 10, NULL, NULL, 'open', 'support', 'monthly', now() - interval '112 days'),
  ('b0000000-0000-0000-0000-000000000052', 'd0000000-0000-0000-0000-000000000076', '광주 맘모임 ☕', '레시피 공유하고 같이 만들어봐요! 초보 맘 환영!', '광주 육아센터', NULL, 35.1501, 126.8568, now() + interval '69 days', 10, 3, 18, 'open', 'playgroup', 'once', now() + interval '57 days'),
  ('b0000000-0000-0000-0000-000000000053', 'd0000000-0000-0000-0000-000000000032', '제주 아기 음악교실', '레시피 공유하고 같이 만들어봐요! 초보 맘 환영!', '제주 도서관', NULL, 33.5050, 126.5344, now() - interval '147 days', 6, 6, 12, 'open', 'hobby', 'weekly', now() - interval '153 days'),
  ('b0000000-0000-0000-0000-000000000054', 'd0000000-0000-0000-0000-000000000037', '성남 아기 음악교실', '유모차 가능한 코스만 갈 거예요! 🌿', '성남 육아센터', NULL, 37.4279, 127.1186, now() - interval '156 days', 6, 0, 24, 'open', 'support', 'monthly', now() - interval '161 days'),
  ('b0000000-0000-0000-0000-000000000055', 'd0000000-0000-0000-0000-000000000054', '제주 이유식 스터디', '또래 아기들 모여서 놀아요! 감각 놀이, 그림책 읽기 등', '제주 카페', NULL, 33.5074, 126.5339, now() + interval '44 days', 8, 6, 36, 'closed', 'support', 'biweekly', now() + interval '31 days'),
  ('b0000000-0000-0000-0000-000000000056', 'd0000000-0000-0000-0000-000000000062', '포항 맘 산책 모임', '매주 같이 운동하면서 건강도 챙기고 친구도 만들어요!', '포항 카페', NULL, 36.0091, 129.3439, now() + interval '49 days', 15, NULL, NULL, 'closed', 'hobby', 'weekly', now() + interval '40 days'),
  ('b0000000-0000-0000-0000-000000000057', 'd0000000-0000-0000-0000-000000000015', '울산 놀이 모임', '또래 아기들 모여서 놀아요! 감각 놀이, 그림책 읽기 등', '울산 육아센터', NULL, 35.5290, 129.3042, now() + interval '179 days', 8, 0, 24, 'open', 'playgroup', 'biweekly', now() + interval '167 days'),
  ('b0000000-0000-0000-0000-000000000058', 'd0000000-0000-0000-0000-000000000064', '천안 이유식 스터디', '유모차 가능한 코스만 갈 거예요! 🌿', '천안 도서관', NULL, 36.8154, 127.1119, now() + interval '163 days', 10, 0, 36, 'open', 'study', 'monthly', now() + interval '151 days'),
  ('b0000000-0000-0000-0000-000000000059', 'd0000000-0000-0000-0000-000000000027', '청주 맘카페 모임', '아기와 함께하는 운동! 초보도 OK!', '청주 요가센터', NULL, 36.6411, 127.4879, now() - interval '77 days', 6, 8, 36, 'closed', 'outdoor', 'monthly', now() - interval '91 days'),
  ('b0000000-0000-0000-0000-000000000060', 'd0000000-0000-0000-0000-000000000009', '전주 운동 모임', '정보 공유하고 서로 응원해요! 💪', '전주 공원', NULL, 35.8175, 127.1387, now() - interval '19 days', 15, 6, 36, 'open', 'outdoor', 'monthly', now() - interval '47 days')
ON CONFLICT (id) DO NOTHING;


-- ────────────────────────────────────────────────
-- 8. 모임 참여자 (gathering_participants) — 200개
-- ────────────────────────────────────────────────
INSERT INTO gathering_participants (id, gathering_id, user_id, child_age_months, joined_at) VALUES
  ('ad000000-0000-0000-0000-000000000001', 'b0000000-0000-0000-0000-000000000051', 'd0000000-0000-0000-0000-000000000024', 4, now() - interval '108 days'),
  ('ad000000-0000-0000-0000-000000000002', 'b0000000-0000-0000-0000-000000000043', 'd0000000-0000-0000-0000-000000000048', 20, now() - interval '47 days'),
  ('ad000000-0000-0000-0000-000000000003', 'b0000000-0000-0000-0000-000000000001', 'd0000000-0000-0000-0000-000000000041', 21, now() + interval '30 days'),
  ('ad000000-0000-0000-0000-000000000004', 'b0000000-0000-0000-0000-000000000030', 'd0000000-0000-0000-0000-000000000073', 14, now() + interval '107 days'),
  ('ad000000-0000-0000-0000-000000000005', 'b0000000-0000-0000-0000-000000000005', 'd0000000-0000-0000-0000-000000000050', 13, now() - interval '122 days'),
  ('ad000000-0000-0000-0000-000000000006', 'b0000000-0000-0000-0000-000000000014', 'd0000000-0000-0000-0000-000000000014', 4, now() - interval '130 days'),
  ('ad000000-0000-0000-0000-000000000007', 'b0000000-0000-0000-0000-000000000058', 'd0000000-0000-0000-0000-000000000083', 27, now() + interval '157 days'),
  ('ad000000-0000-0000-0000-000000000008', 'b0000000-0000-0000-0000-000000000053', 'd0000000-0000-0000-0000-000000000041', NULL, now() - interval '152 days'),
  ('ad000000-0000-0000-0000-000000000009', 'b0000000-0000-0000-0000-000000000052', 'd0000000-0000-0000-0000-000000000064', 17, now() + interval '64 days'),
  ('ad000000-0000-0000-0000-000000000010', 'b0000000-0000-0000-0000-000000000008', 'd0000000-0000-0000-0000-000000000016', 20, now() + interval '167 days'),
  ('ad000000-0000-0000-0000-000000000011', 'b0000000-0000-0000-0000-000000000025', 'd0000000-0000-0000-0000-000000000031', 18, now() + interval '68 days'),
  ('ad000000-0000-0000-0000-000000000012', 'b0000000-0000-0000-0000-000000000042', 'd0000000-0000-0000-0000-000000000074', 29, now() + interval '87 days'),
  ('ad000000-0000-0000-0000-000000000013', 'b0000000-0000-0000-0000-000000000009', 'd0000000-0000-0000-0000-000000000052', NULL, now() + interval '107 days'),
  ('ad000000-0000-0000-0000-000000000014', 'b0000000-0000-0000-0000-000000000059', 'd0000000-0000-0000-0000-000000000068', NULL, now() - interval '80 days'),
  ('ad000000-0000-0000-0000-000000000015', 'b0000000-0000-0000-0000-000000000002', 'd0000000-0000-0000-0000-000000000009', 26, now() + interval '66 days'),
  ('ad000000-0000-0000-0000-000000000016', 'b0000000-0000-0000-0000-000000000020', 'd0000000-0000-0000-0000-000000000036', 22, now() + interval '106 days'),
  ('ad000000-0000-0000-0000-000000000017', 'b0000000-0000-0000-0000-000000000006', 'd0000000-0000-0000-0000-000000000072', 31, now() - interval '47 days'),
  ('ad000000-0000-0000-0000-000000000018', 'b0000000-0000-0000-0000-000000000004', 'd0000000-0000-0000-0000-000000000051', 29, now() + interval '137 days'),
  ('ad000000-0000-0000-0000-000000000019', 'b0000000-0000-0000-0000-000000000055', 'd0000000-0000-0000-0000-000000000083', 7, now() + interval '45 days'),
  ('ad000000-0000-0000-0000-000000000020', 'b0000000-0000-0000-0000-000000000024', 'd0000000-0000-0000-0000-000000000080', NULL, now() + interval '91 days'),
  ('ad000000-0000-0000-0000-000000000021', 'b0000000-0000-0000-0000-000000000004', 'd0000000-0000-0000-0000-000000000002', NULL, now() + interval '135 days'),
  ('ad000000-0000-0000-0000-000000000022', 'b0000000-0000-0000-0000-000000000056', 'd0000000-0000-0000-0000-000000000089', 14, now() + interval '43 days'),
  ('ad000000-0000-0000-0000-000000000023', 'b0000000-0000-0000-0000-000000000006', 'd0000000-0000-0000-0000-000000000025', 23, now() - interval '43 days'),
  ('ad000000-0000-0000-0000-000000000024', 'b0000000-0000-0000-0000-000000000058', 'd0000000-0000-0000-0000-000000000069', 3, now() + interval '156 days'),
  ('ad000000-0000-0000-0000-000000000025', 'b0000000-0000-0000-0000-000000000057', 'd0000000-0000-0000-0000-000000000006', NULL, now() + interval '172 days'),
  ('ad000000-0000-0000-0000-000000000026', 'b0000000-0000-0000-0000-000000000005', 'd0000000-0000-0000-0000-000000000034', 24, now() - interval '126 days'),
  ('ad000000-0000-0000-0000-000000000027', 'b0000000-0000-0000-0000-000000000045', 'd0000000-0000-0000-0000-000000000022', 29, now() + interval '120 days'),
  ('ad000000-0000-0000-0000-000000000028', 'b0000000-0000-0000-0000-000000000009', 'd0000000-0000-0000-0000-000000000041', 26, now() + interval '109 days'),
  ('ad000000-0000-0000-0000-000000000029', 'b0000000-0000-0000-0000-000000000029', 'd0000000-0000-0000-0000-000000000086', NULL, now() - interval '64 days'),
  ('ad000000-0000-0000-0000-000000000030', 'b0000000-0000-0000-0000-000000000016', 'd0000000-0000-0000-0000-000000000074', 31, now() + interval '97 days'),
  ('ad000000-0000-0000-0000-000000000031', 'b0000000-0000-0000-0000-000000000021', 'd0000000-0000-0000-0000-000000000099', 14, now() + interval '37 days'),
  ('ad000000-0000-0000-0000-000000000032', 'b0000000-0000-0000-0000-000000000017', 'd0000000-0000-0000-0000-000000000099', 5, now() - interval '165 days'),
  ('ad000000-0000-0000-0000-000000000033', 'b0000000-0000-0000-0000-000000000036', 'd0000000-0000-0000-0000-000000000032', 13, now() + interval '70 days'),
  ('ad000000-0000-0000-0000-000000000034', 'b0000000-0000-0000-0000-000000000005', 'd0000000-0000-0000-0000-000000000010', 3, now() - interval '127 days'),
  ('ad000000-0000-0000-0000-000000000035', 'b0000000-0000-0000-0000-000000000001', 'd0000000-0000-0000-0000-000000000086', 24, now() + interval '30 days'),
  ('ad000000-0000-0000-0000-000000000036', 'b0000000-0000-0000-0000-000000000032', 'd0000000-0000-0000-0000-000000000014', 33, now() + interval '34 days'),
  ('ad000000-0000-0000-0000-000000000037', 'b0000000-0000-0000-0000-000000000055', 'd0000000-0000-0000-0000-000000000041', 19, now() + interval '43 days'),
  ('ad000000-0000-0000-0000-000000000038', 'b0000000-0000-0000-0000-000000000030', 'd0000000-0000-0000-0000-000000000084', NULL, now() + interval '107 days'),
  ('ad000000-0000-0000-0000-000000000039', 'b0000000-0000-0000-0000-000000000007', 'd0000000-0000-0000-0000-000000000017', 23, now() + interval '172 days'),
  ('ad000000-0000-0000-0000-000000000040', 'b0000000-0000-0000-0000-000000000029', 'd0000000-0000-0000-0000-000000000080', 25, now() - interval '69 days'),
  ('ad000000-0000-0000-0000-000000000041', 'b0000000-0000-0000-0000-000000000005', 'd0000000-0000-0000-0000-000000000036', 19, now() - interval '117 days'),
  ('ad000000-0000-0000-0000-000000000042', 'b0000000-0000-0000-0000-000000000037', 'd0000000-0000-0000-0000-000000000083', NULL, now() - interval '77 days'),
  ('ad000000-0000-0000-0000-000000000043', 'b0000000-0000-0000-0000-000000000057', 'd0000000-0000-0000-0000-000000000014', 15, now() + interval '168 days'),
  ('ad000000-0000-0000-0000-000000000044', 'b0000000-0000-0000-0000-000000000058', 'd0000000-0000-0000-0000-000000000059', NULL, now() + interval '152 days'),
  ('ad000000-0000-0000-0000-000000000045', 'b0000000-0000-0000-0000-000000000031', 'd0000000-0000-0000-0000-000000000085', 22, now() + interval '39 days'),
  ('ad000000-0000-0000-0000-000000000046', 'b0000000-0000-0000-0000-000000000008', 'd0000000-0000-0000-0000-000000000071', NULL, now() + interval '164 days'),
  ('ad000000-0000-0000-0000-000000000047', 'b0000000-0000-0000-0000-000000000014', 'd0000000-0000-0000-0000-000000000020', 27, now() - interval '131 days'),
  ('ad000000-0000-0000-0000-000000000048', 'b0000000-0000-0000-0000-000000000022', 'd0000000-0000-0000-0000-000000000007', 23, now() + interval '17 days'),
  ('ad000000-0000-0000-0000-000000000049', 'b0000000-0000-0000-0000-000000000004', 'd0000000-0000-0000-0000-000000000084', 27, now() + interval '133 days'),
  ('ad000000-0000-0000-0000-000000000050', 'b0000000-0000-0000-0000-000000000019', 'd0000000-0000-0000-0000-000000000025', 17, now() + interval '133 days')
ON CONFLICT (id) DO NOTHING;

INSERT INTO gathering_participants (id, gathering_id, user_id, child_age_months, joined_at) VALUES
  ('ad000000-0000-0000-0000-000000000051', 'b0000000-0000-0000-0000-000000000039', 'd0000000-0000-0000-0000-000000000064', 6, now() - interval '152 days'),
  ('ad000000-0000-0000-0000-000000000052', 'b0000000-0000-0000-0000-000000000004', 'd0000000-0000-0000-0000-000000000083', 7, now() + interval '133 days'),
  ('ad000000-0000-0000-0000-000000000053', 'b0000000-0000-0000-0000-000000000008', 'd0000000-0000-0000-0000-000000000007', 36, now() + interval '162 days'),
  ('ad000000-0000-0000-0000-000000000054', 'b0000000-0000-0000-0000-000000000016', 'd0000000-0000-0000-0000-000000000009', 17, now() + interval '96 days'),
  ('ad000000-0000-0000-0000-000000000055', 'b0000000-0000-0000-0000-000000000057', 'd0000000-0000-0000-0000-000000000080', 25, now() + interval '174 days'),
  ('ad000000-0000-0000-0000-000000000056', 'b0000000-0000-0000-0000-000000000026', 'd0000000-0000-0000-0000-000000000013', 17, now() - interval '136 days'),
  ('ad000000-0000-0000-0000-000000000057', 'b0000000-0000-0000-0000-000000000014', 'd0000000-0000-0000-0000-000000000022', 22, now() - interval '129 days'),
  ('ad000000-0000-0000-0000-000000000058', 'b0000000-0000-0000-0000-000000000019', 'd0000000-0000-0000-0000-000000000091', 0, now() + interval '126 days'),
  ('ad000000-0000-0000-0000-000000000059', 'b0000000-0000-0000-0000-000000000012', 'd0000000-0000-0000-0000-000000000065', 30, now() + interval '16 days'),
  ('ad000000-0000-0000-0000-000000000060', 'b0000000-0000-0000-0000-000000000020', 'd0000000-0000-0000-0000-000000000089', 20, now() + interval '110 days'),
  ('ad000000-0000-0000-0000-000000000061', 'b0000000-0000-0000-0000-000000000005', 'd0000000-0000-0000-0000-000000000022', NULL, now() - interval '123 days'),
  ('ad000000-0000-0000-0000-000000000062', 'b0000000-0000-0000-0000-000000000010', 'd0000000-0000-0000-0000-000000000002', 27, now() - interval '106 days'),
  ('ad000000-0000-0000-0000-000000000063', 'b0000000-0000-0000-0000-000000000002', 'd0000000-0000-0000-0000-000000000023', 4, now() + interval '57 days'),
  ('ad000000-0000-0000-0000-000000000064', 'b0000000-0000-0000-0000-000000000044', 'd0000000-0000-0000-0000-000000000098', 22, now() + interval '137 days'),
  ('ad000000-0000-0000-0000-000000000065', 'b0000000-0000-0000-0000-000000000038', 'd0000000-0000-0000-0000-000000000001', 15, now() + interval '90 days'),
  ('ad000000-0000-0000-0000-000000000066', 'b0000000-0000-0000-0000-000000000008', 'd0000000-0000-0000-0000-000000000006', 36, now() + interval '168 days'),
  ('ad000000-0000-0000-0000-000000000067', 'b0000000-0000-0000-0000-000000000019', 'd0000000-0000-0000-0000-000000000030', 10, now() + interval '137 days'),
  ('ad000000-0000-0000-0000-000000000068', 'b0000000-0000-0000-0000-000000000010', 'd0000000-0000-0000-0000-000000000100', NULL, now() - interval '107 days'),
  ('ad000000-0000-0000-0000-000000000069', 'b0000000-0000-0000-0000-000000000052', 'd0000000-0000-0000-0000-000000000095', 31, now() + interval '69 days'),
  ('ad000000-0000-0000-0000-000000000070', 'b0000000-0000-0000-0000-000000000023', 'd0000000-0000-0000-0000-000000000070', 31, now() + interval '46 days'),
  ('ad000000-0000-0000-0000-000000000071', 'b0000000-0000-0000-0000-000000000024', 'd0000000-0000-0000-0000-000000000059', NULL, now() + interval '93 days'),
  ('ad000000-0000-0000-0000-000000000072', 'b0000000-0000-0000-0000-000000000020', 'd0000000-0000-0000-0000-000000000091', 33, now() + interval '112 days'),
  ('ad000000-0000-0000-0000-000000000073', 'b0000000-0000-0000-0000-000000000043', 'd0000000-0000-0000-0000-000000000077', 17, now() - interval '38 days'),
  ('ad000000-0000-0000-0000-000000000074', 'b0000000-0000-0000-0000-000000000034', 'd0000000-0000-0000-0000-000000000094', 9, now() - interval '67 days'),
  ('ad000000-0000-0000-0000-000000000075', 'b0000000-0000-0000-0000-000000000055', 'd0000000-0000-0000-0000-000000000029', 9, now() + interval '37 days'),
  ('ad000000-0000-0000-0000-000000000076', 'b0000000-0000-0000-0000-000000000032', 'd0000000-0000-0000-0000-000000000004', 27, now() + interval '31 days'),
  ('ad000000-0000-0000-0000-000000000077', 'b0000000-0000-0000-0000-000000000014', 'd0000000-0000-0000-0000-000000000096', NULL, now() - interval '133 days'),
  ('ad000000-0000-0000-0000-000000000078', 'b0000000-0000-0000-0000-000000000041', 'd0000000-0000-0000-0000-000000000014', 34, now() + interval '5 days'),
  ('ad000000-0000-0000-0000-000000000079', 'b0000000-0000-0000-0000-000000000057', 'd0000000-0000-0000-0000-000000000068', NULL, now() + interval '178 days'),
  ('ad000000-0000-0000-0000-000000000080', 'b0000000-0000-0000-0000-000000000023', 'd0000000-0000-0000-0000-000000000043', 26, now() + interval '46 days'),
  ('ad000000-0000-0000-0000-000000000081', 'b0000000-0000-0000-0000-000000000020', 'd0000000-0000-0000-0000-000000000025', NULL, now() + interval '108 days'),
  ('ad000000-0000-0000-0000-000000000082', 'b0000000-0000-0000-0000-000000000045', 'd0000000-0000-0000-0000-000000000044', 7, now() + interval '125 days'),
  ('ad000000-0000-0000-0000-000000000083', 'b0000000-0000-0000-0000-000000000051', 'd0000000-0000-0000-0000-000000000059', 22, now() - interval '107 days'),
  ('ad000000-0000-0000-0000-000000000084', 'b0000000-0000-0000-0000-000000000008', 'd0000000-0000-0000-0000-000000000002', 9, now() + interval '165 days'),
  ('ad000000-0000-0000-0000-000000000085', 'b0000000-0000-0000-0000-000000000044', 'd0000000-0000-0000-0000-000000000020', 18, now() + interval '139 days'),
  ('ad000000-0000-0000-0000-000000000086', 'b0000000-0000-0000-0000-000000000036', 'd0000000-0000-0000-0000-000000000086', NULL, now() + interval '66 days'),
  ('ad000000-0000-0000-0000-000000000087', 'b0000000-0000-0000-0000-000000000019', 'd0000000-0000-0000-0000-000000000009', 0, now() + interval '132 days'),
  ('ad000000-0000-0000-0000-000000000088', 'b0000000-0000-0000-0000-000000000003', 'd0000000-0000-0000-0000-000000000028', 7, now() + interval '53 days'),
  ('ad000000-0000-0000-0000-000000000089', 'b0000000-0000-0000-0000-000000000032', 'd0000000-0000-0000-0000-000000000040', NULL, now() + interval '31 days'),
  ('ad000000-0000-0000-0000-000000000090', 'b0000000-0000-0000-0000-000000000043', 'd0000000-0000-0000-0000-000000000001', NULL, now() - interval '46 days'),
  ('ad000000-0000-0000-0000-000000000091', 'b0000000-0000-0000-0000-000000000023', 'd0000000-0000-0000-0000-000000000037', 32, now() + interval '52 days'),
  ('ad000000-0000-0000-0000-000000000092', 'b0000000-0000-0000-0000-000000000050', 'd0000000-0000-0000-0000-000000000072', NULL, now() + interval '114 days'),
  ('ad000000-0000-0000-0000-000000000093', 'b0000000-0000-0000-0000-000000000046', 'd0000000-0000-0000-0000-000000000035', NULL, now() + interval '170 days'),
  ('ad000000-0000-0000-0000-000000000094', 'b0000000-0000-0000-0000-000000000013', 'd0000000-0000-0000-0000-000000000056', 5, now() + interval '33 days'),
  ('ad000000-0000-0000-0000-000000000095', 'b0000000-0000-0000-0000-000000000015', 'd0000000-0000-0000-0000-000000000005', 22, now() - interval '106 days'),
  ('ad000000-0000-0000-0000-000000000096', 'b0000000-0000-0000-0000-000000000052', 'd0000000-0000-0000-0000-000000000087', 27, now() + interval '64 days'),
  ('ad000000-0000-0000-0000-000000000097', 'b0000000-0000-0000-0000-000000000058', 'd0000000-0000-0000-0000-000000000013', 19, now() + interval '161 days'),
  ('ad000000-0000-0000-0000-000000000098', 'b0000000-0000-0000-0000-000000000020', 'd0000000-0000-0000-0000-000000000023', 20, now() + interval '112 days'),
  ('ad000000-0000-0000-0000-000000000099', 'b0000000-0000-0000-0000-000000000038', 'd0000000-0000-0000-0000-000000000018', 12, now() + interval '87 days'),
  ('ad000000-0000-0000-0000-000000000100', 'b0000000-0000-0000-0000-000000000009', 'd0000000-0000-0000-0000-000000000054', 19, now() + interval '103 days')
ON CONFLICT (id) DO NOTHING;

INSERT INTO gathering_participants (id, gathering_id, user_id, child_age_months, joined_at) VALUES
  ('ad000000-0000-0000-0000-000000000101', 'b0000000-0000-0000-0000-000000000006', 'd0000000-0000-0000-0000-000000000039', 29, now() - interval '48 days'),
  ('ad000000-0000-0000-0000-000000000102', 'b0000000-0000-0000-0000-000000000012', 'd0000000-0000-0000-0000-000000000049', 27, now() + interval '6 days'),
  ('ad000000-0000-0000-0000-000000000103', 'b0000000-0000-0000-0000-000000000009', 'd0000000-0000-0000-0000-000000000068', 20, now() + interval '107 days'),
  ('ad000000-0000-0000-0000-000000000104', 'b0000000-0000-0000-0000-000000000060', 'd0000000-0000-0000-0000-000000000088', 29, now() - interval '41 days'),
  ('ad000000-0000-0000-0000-000000000105', 'b0000000-0000-0000-0000-000000000028', 'd0000000-0000-0000-0000-000000000060', 26, now() + interval '17 days'),
  ('ad000000-0000-0000-0000-000000000106', 'b0000000-0000-0000-0000-000000000002', 'd0000000-0000-0000-0000-000000000072', NULL, now() + interval '67 days'),
  ('ad000000-0000-0000-0000-000000000107', 'b0000000-0000-0000-0000-000000000027', 'd0000000-0000-0000-0000-000000000012', 19, now() - interval '7 days'),
  ('ad000000-0000-0000-0000-000000000108', 'b0000000-0000-0000-0000-000000000016', 'd0000000-0000-0000-0000-000000000075', 8, now() + interval '102 days'),
  ('ad000000-0000-0000-0000-000000000109', 'b0000000-0000-0000-0000-000000000035', 'd0000000-0000-0000-0000-000000000073', 3, now() + interval '188 days'),
  ('ad000000-0000-0000-0000-000000000110', 'b0000000-0000-0000-0000-000000000055', 'd0000000-0000-0000-0000-000000000051', NULL, now() + interval '42 days'),
  ('ad000000-0000-0000-0000-000000000111', 'b0000000-0000-0000-0000-000000000001', 'd0000000-0000-0000-0000-000000000060', 33, now() + interval '34 days'),
  ('ad000000-0000-0000-0000-000000000112', 'b0000000-0000-0000-0000-000000000054', 'd0000000-0000-0000-0000-000000000007', NULL, now() - interval '156 days'),
  ('ad000000-0000-0000-0000-000000000113', 'b0000000-0000-0000-0000-000000000054', 'd0000000-0000-0000-0000-000000000084', NULL, now() - interval '151 days'),
  ('ad000000-0000-0000-0000-000000000114', 'b0000000-0000-0000-0000-000000000007', 'd0000000-0000-0000-0000-000000000038', 21, now() + interval '179 days'),
  ('ad000000-0000-0000-0000-000000000115', 'b0000000-0000-0000-0000-000000000004', 'd0000000-0000-0000-0000-000000000016', 32, now() + interval '141 days'),
  ('ad000000-0000-0000-0000-000000000116', 'b0000000-0000-0000-0000-000000000046', 'd0000000-0000-0000-0000-000000000007', 33, now() + interval '161 days'),
  ('ad000000-0000-0000-0000-000000000117', 'b0000000-0000-0000-0000-000000000036', 'd0000000-0000-0000-0000-000000000095', 8, now() + interval '62 days'),
  ('ad000000-0000-0000-0000-000000000118', 'b0000000-0000-0000-0000-000000000058', 'd0000000-0000-0000-0000-000000000087', 9, now() + interval '156 days'),
  ('ad000000-0000-0000-0000-000000000119', 'b0000000-0000-0000-0000-000000000041', 'd0000000-0000-0000-0000-000000000040', 0, now() + interval '10 days'),
  ('ad000000-0000-0000-0000-000000000120', 'b0000000-0000-0000-0000-000000000032', 'd0000000-0000-0000-0000-000000000080', 7, now() + interval '27 days'),
  ('ad000000-0000-0000-0000-000000000121', 'b0000000-0000-0000-0000-000000000001', 'd0000000-0000-0000-0000-000000000020', 7, now() + interval '35 days'),
  ('ad000000-0000-0000-0000-000000000122', 'b0000000-0000-0000-0000-000000000007', 'd0000000-0000-0000-0000-000000000032', 30, now() + interval '166 days'),
  ('ad000000-0000-0000-0000-000000000123', 'b0000000-0000-0000-0000-000000000054', 'd0000000-0000-0000-0000-000000000065', 3, now() - interval '159 days'),
  ('ad000000-0000-0000-0000-000000000124', 'b0000000-0000-0000-0000-000000000020', 'd0000000-0000-0000-0000-000000000052', 11, now() + interval '113 days'),
  ('ad000000-0000-0000-0000-000000000125', 'b0000000-0000-0000-0000-000000000016', 'd0000000-0000-0000-0000-000000000070', 28, now() + interval '106 days'),
  ('ad000000-0000-0000-0000-000000000126', 'b0000000-0000-0000-0000-000000000043', 'd0000000-0000-0000-0000-000000000079', NULL, now() - interval '46 days'),
  ('ad000000-0000-0000-0000-000000000127', 'b0000000-0000-0000-0000-000000000041', 'd0000000-0000-0000-0000-000000000003', NULL, now() + interval '11 days'),
  ('ad000000-0000-0000-0000-000000000128', 'b0000000-0000-0000-0000-000000000048', 'd0000000-0000-0000-0000-000000000085', 32, now() + interval '80 days'),
  ('ad000000-0000-0000-0000-000000000129', 'b0000000-0000-0000-0000-000000000045', 'd0000000-0000-0000-0000-000000000070', 30, now() + interval '123 days'),
  ('ad000000-0000-0000-0000-000000000130', 'b0000000-0000-0000-0000-000000000019', 'd0000000-0000-0000-0000-000000000086', NULL, now() + interval '134 days'),
  ('ad000000-0000-0000-0000-000000000131', 'b0000000-0000-0000-0000-000000000032', 'd0000000-0000-0000-0000-000000000048', 25, now() + interval '32 days'),
  ('ad000000-0000-0000-0000-000000000132', 'b0000000-0000-0000-0000-000000000045', 'd0000000-0000-0000-0000-000000000014', 27, now() + interval '121 days'),
  ('ad000000-0000-0000-0000-000000000133', 'b0000000-0000-0000-0000-000000000002', 'd0000000-0000-0000-0000-000000000037', 36, now() + interval '61 days'),
  ('ad000000-0000-0000-0000-000000000134', 'b0000000-0000-0000-0000-000000000001', 'd0000000-0000-0000-0000-000000000075', 28, now() + interval '27 days'),
  ('ad000000-0000-0000-0000-000000000135', 'b0000000-0000-0000-0000-000000000059', 'd0000000-0000-0000-0000-000000000046', 29, now() - interval '79 days'),
  ('ad000000-0000-0000-0000-000000000136', 'b0000000-0000-0000-0000-000000000030', 'd0000000-0000-0000-0000-000000000036', NULL, now() + interval '101 days'),
  ('ad000000-0000-0000-0000-000000000137', 'b0000000-0000-0000-0000-000000000023', 'd0000000-0000-0000-0000-000000000065', 32, now() + interval '45 days'),
  ('ad000000-0000-0000-0000-000000000138', 'b0000000-0000-0000-0000-000000000023', 'd0000000-0000-0000-0000-000000000091', 32, now() + interval '43 days'),
  ('ad000000-0000-0000-0000-000000000139', 'b0000000-0000-0000-0000-000000000012', 'd0000000-0000-0000-0000-000000000084', NULL, now() + interval '15 days'),
  ('ad000000-0000-0000-0000-000000000140', 'b0000000-0000-0000-0000-000000000047', 'd0000000-0000-0000-0000-000000000073', 8, now() + interval '35 days'),
  ('ad000000-0000-0000-0000-000000000141', 'b0000000-0000-0000-0000-000000000051', 'd0000000-0000-0000-0000-000000000098', 25, now() - interval '110 days'),
  ('ad000000-0000-0000-0000-000000000142', 'b0000000-0000-0000-0000-000000000059', 'd0000000-0000-0000-0000-000000000083', 30, now() - interval '81 days'),
  ('ad000000-0000-0000-0000-000000000143', 'b0000000-0000-0000-0000-000000000043', 'd0000000-0000-0000-0000-000000000024', 32, now() - interval '36 days'),
  ('ad000000-0000-0000-0000-000000000144', 'b0000000-0000-0000-0000-000000000043', 'd0000000-0000-0000-0000-000000000068', 20, now() - interval '39 days'),
  ('ad000000-0000-0000-0000-000000000145', 'b0000000-0000-0000-0000-000000000038', 'd0000000-0000-0000-0000-000000000045', 25, now() + interval '84 days'),
  ('ad000000-0000-0000-0000-000000000146', 'b0000000-0000-0000-0000-000000000003', 'd0000000-0000-0000-0000-000000000004', 10, now() + interval '56 days'),
  ('ad000000-0000-0000-0000-000000000147', 'b0000000-0000-0000-0000-000000000007', 'd0000000-0000-0000-0000-000000000086', NULL, now() + interval '176 days'),
  ('ad000000-0000-0000-0000-000000000148', 'b0000000-0000-0000-0000-000000000031', 'd0000000-0000-0000-0000-000000000042', 15, now() + interval '36 days'),
  ('ad000000-0000-0000-0000-000000000149', 'b0000000-0000-0000-0000-000000000058', 'd0000000-0000-0000-0000-000000000023', 24, now() + interval '164 days'),
  ('ad000000-0000-0000-0000-000000000150', 'b0000000-0000-0000-0000-000000000027', 'd0000000-0000-0000-0000-000000000009', NULL, now() - interval '15 days')
ON CONFLICT (id) DO NOTHING;

INSERT INTO gathering_participants (id, gathering_id, user_id, child_age_months, joined_at) VALUES
  ('ad000000-0000-0000-0000-000000000151', 'b0000000-0000-0000-0000-000000000008', 'd0000000-0000-0000-0000-000000000005', 4, now() + interval '165 days'),
  ('ad000000-0000-0000-0000-000000000152', 'b0000000-0000-0000-0000-000000000049', 'd0000000-0000-0000-0000-000000000048', 1, now() - interval '144 days'),
  ('ad000000-0000-0000-0000-000000000153', 'b0000000-0000-0000-0000-000000000021', 'd0000000-0000-0000-0000-000000000014', 24, now() + interval '38 days'),
  ('ad000000-0000-0000-0000-000000000154', 'b0000000-0000-0000-0000-000000000041', 'd0000000-0000-0000-0000-000000000074', 12, now() + interval '2 days'),
  ('ad000000-0000-0000-0000-000000000155', 'b0000000-0000-0000-0000-000000000032', 'd0000000-0000-0000-0000-000000000057', 14, now() + interval '29 days'),
  ('ad000000-0000-0000-0000-000000000156', 'b0000000-0000-0000-0000-000000000048', 'd0000000-0000-0000-0000-000000000021', 33, now() + interval '81 days'),
  ('ad000000-0000-0000-0000-000000000157', 'b0000000-0000-0000-0000-000000000051', 'd0000000-0000-0000-0000-000000000025', NULL, now() - interval '111 days'),
  ('ad000000-0000-0000-0000-000000000158', 'b0000000-0000-0000-0000-000000000041', 'd0000000-0000-0000-0000-000000000086', NULL, now() - interval '2 days'),
  ('ad000000-0000-0000-0000-000000000159', 'b0000000-0000-0000-0000-000000000052', 'd0000000-0000-0000-0000-000000000018', 23, now() + interval '70 days'),
  ('ad000000-0000-0000-0000-000000000160', 'b0000000-0000-0000-0000-000000000027', 'd0000000-0000-0000-0000-000000000073', 4, now() - interval '14 days'),
  ('ad000000-0000-0000-0000-000000000161', 'b0000000-0000-0000-0000-000000000012', 'd0000000-0000-0000-0000-000000000088', 33, now() + interval '12 days'),
  ('ad000000-0000-0000-0000-000000000162', 'b0000000-0000-0000-0000-000000000013', 'd0000000-0000-0000-0000-000000000027', 30, now() + interval '37 days'),
  ('ad000000-0000-0000-0000-000000000163', 'b0000000-0000-0000-0000-000000000023', 'd0000000-0000-0000-0000-000000000046', 35, now() + interval '55 days'),
  ('ad000000-0000-0000-0000-000000000164', 'b0000000-0000-0000-0000-000000000009', 'd0000000-0000-0000-0000-000000000009', 24, now() + interval '112 days'),
  ('ad000000-0000-0000-0000-000000000165', 'b0000000-0000-0000-0000-000000000005', 'd0000000-0000-0000-0000-000000000073', NULL, now() - interval '118 days'),
  ('ad000000-0000-0000-0000-000000000166', 'b0000000-0000-0000-0000-000000000034', 'd0000000-0000-0000-0000-000000000039', NULL, now() - interval '66 days'),
  ('ad000000-0000-0000-0000-000000000167', 'b0000000-0000-0000-0000-000000000015', 'd0000000-0000-0000-0000-000000000007', 21, now() - interval '109 days'),
  ('ad000000-0000-0000-0000-000000000168', 'b0000000-0000-0000-0000-000000000015', 'd0000000-0000-0000-0000-000000000038', 16, now() - interval '103 days'),
  ('ad000000-0000-0000-0000-000000000169', 'b0000000-0000-0000-0000-000000000046', 'd0000000-0000-0000-0000-000000000046', NULL, now() + interval '172 days'),
  ('ad000000-0000-0000-0000-000000000170', 'b0000000-0000-0000-0000-000000000011', 'd0000000-0000-0000-0000-000000000037', NULL, now() - interval '36 days'),
  ('ad000000-0000-0000-0000-000000000171', 'b0000000-0000-0000-0000-000000000016', 'd0000000-0000-0000-0000-000000000067', 32, now() + interval '97 days'),
  ('ad000000-0000-0000-0000-000000000172', 'b0000000-0000-0000-0000-000000000026', 'd0000000-0000-0000-0000-000000000080', NULL, now() - interval '132 days'),
  ('ad000000-0000-0000-0000-000000000173', 'b0000000-0000-0000-0000-000000000058', 'd0000000-0000-0000-0000-000000000015', 16, now() + interval '162 days'),
  ('ad000000-0000-0000-0000-000000000174', 'b0000000-0000-0000-0000-000000000002', 'd0000000-0000-0000-0000-000000000005', 16, now() + interval '58 days'),
  ('ad000000-0000-0000-0000-000000000175', 'b0000000-0000-0000-0000-000000000022', 'd0000000-0000-0000-0000-000000000098', NULL, now() + interval '19 days'),
  ('ad000000-0000-0000-0000-000000000176', 'b0000000-0000-0000-0000-000000000036', 'd0000000-0000-0000-0000-000000000094', 3, now() + interval '62 days'),
  ('ad000000-0000-0000-0000-000000000177', 'b0000000-0000-0000-0000-000000000032', 'd0000000-0000-0000-0000-000000000010', 36, now() + interval '35 days'),
  ('ad000000-0000-0000-0000-000000000178', 'b0000000-0000-0000-0000-000000000045', 'd0000000-0000-0000-0000-000000000098', 22, now() + interval '120 days'),
  ('ad000000-0000-0000-0000-000000000179', 'b0000000-0000-0000-0000-000000000027', 'd0000000-0000-0000-0000-000000000077', 5, now() - interval '11 days'),
  ('ad000000-0000-0000-0000-000000000180', 'b0000000-0000-0000-0000-000000000031', 'd0000000-0000-0000-0000-000000000017', 2, now() + interval '36 days'),
  ('ad000000-0000-0000-0000-000000000181', 'b0000000-0000-0000-0000-000000000003', 'd0000000-0000-0000-0000-000000000064', 22, now() + interval '59 days'),
  ('ad000000-0000-0000-0000-000000000182', 'b0000000-0000-0000-0000-000000000031', 'd0000000-0000-0000-0000-000000000039', 14, now() + interval '35 days'),
  ('ad000000-0000-0000-0000-000000000183', 'b0000000-0000-0000-0000-000000000060', 'd0000000-0000-0000-0000-000000000008', NULL, now() - interval '34 days'),
  ('ad000000-0000-0000-0000-000000000184', 'b0000000-0000-0000-0000-000000000052', 'd0000000-0000-0000-0000-000000000026', 24, now() + interval '68 days'),
  ('ad000000-0000-0000-0000-000000000185', 'b0000000-0000-0000-0000-000000000044', 'd0000000-0000-0000-0000-000000000095', NULL, now() + interval '137 days'),
  ('ad000000-0000-0000-0000-000000000186', 'b0000000-0000-0000-0000-000000000004', 'd0000000-0000-0000-0000-000000000050', 8, now() + interval '136 days'),
  ('ad000000-0000-0000-0000-000000000187', 'b0000000-0000-0000-0000-000000000045', 'd0000000-0000-0000-0000-000000000055', 7, now() + interval '126 days'),
  ('ad000000-0000-0000-0000-000000000188', 'b0000000-0000-0000-0000-000000000008', 'd0000000-0000-0000-0000-000000000079', 23, now() + interval '163 days'),
  ('ad000000-0000-0000-0000-000000000189', 'b0000000-0000-0000-0000-000000000013', 'd0000000-0000-0000-0000-000000000044', 3, now() + interval '32 days'),
  ('ad000000-0000-0000-0000-000000000190', 'b0000000-0000-0000-0000-000000000015', 'd0000000-0000-0000-0000-000000000012', 14, now() - interval '103 days'),
  ('ad000000-0000-0000-0000-000000000191', 'b0000000-0000-0000-0000-000000000048', 'd0000000-0000-0000-0000-000000000097', 34, now() + interval '78 days'),
  ('ad000000-0000-0000-0000-000000000192', 'b0000000-0000-0000-0000-000000000003', 'd0000000-0000-0000-0000-000000000002', 15, now() + interval '66 days'),
  ('ad000000-0000-0000-0000-000000000193', 'b0000000-0000-0000-0000-000000000004', 'd0000000-0000-0000-0000-000000000010', NULL, now() + interval '137 days'),
  ('ad000000-0000-0000-0000-000000000194', 'b0000000-0000-0000-0000-000000000012', 'd0000000-0000-0000-0000-000000000037', NULL, now() + interval '10 days'),
  ('ad000000-0000-0000-0000-000000000195', 'b0000000-0000-0000-0000-000000000039', 'd0000000-0000-0000-0000-000000000084', 18, now() - interval '160 days'),
  ('ad000000-0000-0000-0000-000000000196', 'b0000000-0000-0000-0000-000000000039', 'd0000000-0000-0000-0000-000000000051', 7, now() - interval '152 days'),
  ('ad000000-0000-0000-0000-000000000197', 'b0000000-0000-0000-0000-000000000017', 'd0000000-0000-0000-0000-000000000070', 22, now() - interval '157 days'),
  ('ad000000-0000-0000-0000-000000000198', 'b0000000-0000-0000-0000-000000000015', 'd0000000-0000-0000-0000-000000000057', 23, now() - interval '97 days'),
  ('ad000000-0000-0000-0000-000000000199', 'b0000000-0000-0000-0000-000000000036', 'd0000000-0000-0000-0000-000000000038', 15, now() + interval '67 days'),
  ('ad000000-0000-0000-0000-000000000200', 'b0000000-0000-0000-0000-000000000058', 'd0000000-0000-0000-0000-000000000035', 34, now() + interval '160 days')
ON CONFLICT (id) DO NOTHING;


-- ────────────────────────────────────────────────
-- 9. 모임 게시글 (gathering_posts) — 120개
-- ────────────────────────────────────────────────
INSERT INTO gathering_posts (id, gathering_id, user_id, content, created_at) VALUES
  ('ae000000-0000-0000-0000-000000000001', 'b0000000-0000-0000-0000-000000000007', 'd0000000-0000-0000-0000-000000000007', '새로 합류하신 분 환영해요! 🎉', now() + interval '173 days'),
  ('ae000000-0000-0000-0000-000000000002', 'b0000000-0000-0000-0000-000000000006', 'd0000000-0000-0000-0000-000000000027', '이번 주 준비물: 돗자리', now() - interval '48 days'),
  ('ae000000-0000-0000-0000-000000000003', 'b0000000-0000-0000-0000-000000000048', 'd0000000-0000-0000-0000-000000000071', '모임 사진 올려요! 아기들이 너무 귀여웠어요 📸', now() + interval '69 days'),
  ('ae000000-0000-0000-0000-000000000004', 'b0000000-0000-0000-0000-000000000016', 'd0000000-0000-0000-0000-000000000090', '참석 확인 부탁드려요! 현재 10명 참석 예정이에요.', now() + interval '95 days'),
  ('ae000000-0000-0000-0000-000000000005', 'b0000000-0000-0000-0000-000000000002', 'd0000000-0000-0000-0000-000000000064', '이번 주 모임 장소가 변경됐어요! 새 장소에서 만나요~', now() + interval '63 days'),
  ('ae000000-0000-0000-0000-000000000006', 'b0000000-0000-0000-0000-000000000053', 'd0000000-0000-0000-0000-000000000011', '이번 주 모임 장소가 변경됐어요! 새 장소에서 만나요~', now() - interval '138 days'),
  ('ae000000-0000-0000-0000-000000000007', 'b0000000-0000-0000-0000-000000000002', 'd0000000-0000-0000-0000-000000000049', '이번 주 주제는 이유식 만들기이에요! 다들 준비해오세요~', now() + interval '60 days'),
  ('ae000000-0000-0000-0000-000000000008', 'b0000000-0000-0000-0000-000000000025', 'd0000000-0000-0000-0000-000000000024', '이번 주 주제는 이유식 만들기이에요! 다들 준비해오세요~', now() + interval '68 days'),
  ('ae000000-0000-0000-0000-000000000009', 'b0000000-0000-0000-0000-000000000035', 'd0000000-0000-0000-0000-000000000098', '새로 합류하신 분 환영해요! 🎉', now() + interval '183 days'),
  ('ae000000-0000-0000-0000-000000000010', 'b0000000-0000-0000-0000-000000000052', 'd0000000-0000-0000-0000-000000000097', '간식 준비했어요! 다들 빈 손으로 오세요 ㅎㅎ', now() + interval '67 days'),
  ('ae000000-0000-0000-0000-000000000011', 'b0000000-0000-0000-0000-000000000047', 'd0000000-0000-0000-0000-000000000080', '이번 주 주제는 감각놀이이에요! 다들 준비해오세요~', now() + interval '33 days'),
  ('ae000000-0000-0000-0000-000000000012', 'b0000000-0000-0000-0000-000000000036', 'd0000000-0000-0000-0000-000000000050', '다음 모임 일정 투표해주세요! 수요일 vs 목요일', now() + interval '71 days'),
  ('ae000000-0000-0000-0000-000000000013', 'b0000000-0000-0000-0000-000000000037', 'd0000000-0000-0000-0000-000000000093', '간식 준비했어요! 다들 빈 손으로 오세요 ㅎㅎ', now() - interval '80 days'),
  ('ae000000-0000-0000-0000-000000000014', 'b0000000-0000-0000-0000-000000000025', 'd0000000-0000-0000-0000-000000000060', '모임 사진 올려요! 아기들이 너무 귀여웠어요 📸', now() + interval '75 days'),
  ('ae000000-0000-0000-0000-000000000015', 'b0000000-0000-0000-0000-000000000006', 'd0000000-0000-0000-0000-000000000032', '비가 오면 실내로 변경할게요! 날씨 확인해주세요 ☔', now() - interval '56 days'),
  ('ae000000-0000-0000-0000-000000000016', 'b0000000-0000-0000-0000-000000000040', 'd0000000-0000-0000-0000-000000000036', '새로 합류하신 분 환영해요! 🎉', now() - interval '90 days'),
  ('ae000000-0000-0000-0000-000000000017', 'b0000000-0000-0000-0000-000000000052', 'd0000000-0000-0000-0000-000000000099', '간식 준비했어요! 다들 빈 손으로 오세요 ㅎㅎ', now() + interval '75 days'),
  ('ae000000-0000-0000-0000-000000000018', 'b0000000-0000-0000-0000-000000000043', 'd0000000-0000-0000-0000-000000000042', '다음 모임 일정 투표해주세요! 수요일 vs 목요일', now() - interval '35 days'),
  ('ae000000-0000-0000-0000-000000000019', 'b0000000-0000-0000-0000-000000000002', 'd0000000-0000-0000-0000-000000000057', '이번 주 모임 장소가 변경됐어요! 새 장소에서 만나요~', now() + interval '69 days'),
  ('ae000000-0000-0000-0000-000000000020', 'b0000000-0000-0000-0000-000000000041', 'd0000000-0000-0000-0000-000000000072', '모임 사진 올려요! 아기들이 너무 귀여웠어요 📸', now() + interval '5 days'),
  ('ae000000-0000-0000-0000-000000000021', 'b0000000-0000-0000-0000-000000000058', 'd0000000-0000-0000-0000-000000000079', '비가 오면 실내로 변경할게요! 날씨 확인해주세요 ☔', now() + interval '156 days'),
  ('ae000000-0000-0000-0000-000000000022', 'b0000000-0000-0000-0000-000000000017', 'd0000000-0000-0000-0000-000000000099', '다음 모임 일정 투표해주세요! 수요일 vs 목요일', now() - interval '167 days'),
  ('ae000000-0000-0000-0000-000000000023', 'b0000000-0000-0000-0000-000000000015', 'd0000000-0000-0000-0000-000000000081', '이번 주 준비물: 물통', now() - interval '103 days'),
  ('ae000000-0000-0000-0000-000000000024', 'b0000000-0000-0000-0000-000000000008', 'd0000000-0000-0000-0000-000000000084', '이번 주 모임 장소가 변경됐어요! 새 장소에서 만나요~', now() + interval '175 days'),
  ('ae000000-0000-0000-0000-000000000025', 'b0000000-0000-0000-0000-000000000021', 'd0000000-0000-0000-0000-000000000006', '비가 오면 실내로 변경할게요! 날씨 확인해주세요 ☔', now() + interval '43 days'),
  ('ae000000-0000-0000-0000-000000000026', 'b0000000-0000-0000-0000-000000000017', 'd0000000-0000-0000-0000-000000000003', '새로 합류하신 분 환영해요! 🎉', now() - interval '152 days'),
  ('ae000000-0000-0000-0000-000000000027', 'b0000000-0000-0000-0000-000000000016', 'd0000000-0000-0000-0000-000000000045', '지난번 모임 너무 좋았어요! 다음에도 참석할게요~ 😊', now() + interval '95 days'),
  ('ae000000-0000-0000-0000-000000000028', 'b0000000-0000-0000-0000-000000000033', 'd0000000-0000-0000-0000-000000000010', '모임 사진 올려요! 아기들이 너무 귀여웠어요 📸', now() - interval '135 days'),
  ('ae000000-0000-0000-0000-000000000029', 'b0000000-0000-0000-0000-000000000005', 'd0000000-0000-0000-0000-000000000083', '이번 주 주제는 수면교육이에요! 다들 준비해오세요~', now() - interval '121 days'),
  ('ae000000-0000-0000-0000-000000000030', 'b0000000-0000-0000-0000-000000000039', 'd0000000-0000-0000-0000-000000000047', '새로 합류하신 분 환영해요! 🎉', now() - interval '148 days'),
  ('ae000000-0000-0000-0000-000000000031', 'b0000000-0000-0000-0000-000000000019', 'd0000000-0000-0000-0000-000000000080', '이번 주 모임 장소가 변경됐어요! 새 장소에서 만나요~', now() + interval '133 days'),
  ('ae000000-0000-0000-0000-000000000032', 'b0000000-0000-0000-0000-000000000060', 'd0000000-0000-0000-0000-000000000020', '간식 준비했어요! 다들 빈 손으로 오세요 ㅎㅎ', now() - interval '37 days'),
  ('ae000000-0000-0000-0000-000000000033', 'b0000000-0000-0000-0000-000000000033', 'd0000000-0000-0000-0000-000000000092', '비가 오면 실내로 변경할게요! 날씨 확인해주세요 ☔', now() - interval '142 days'),
  ('ae000000-0000-0000-0000-000000000034', 'b0000000-0000-0000-0000-000000000025', 'd0000000-0000-0000-0000-000000000075', '이번 주 모임 장소가 변경됐어요! 새 장소에서 만나요~', now() + interval '79 days'),
  ('ae000000-0000-0000-0000-000000000035', 'b0000000-0000-0000-0000-000000000049', 'd0000000-0000-0000-0000-000000000084', '지난번 모임 너무 좋았어요! 다음에도 참석할게요~ 😊', now() - interval '130 days'),
  ('ae000000-0000-0000-0000-000000000036', 'b0000000-0000-0000-0000-000000000047', 'd0000000-0000-0000-0000-000000000016', '비가 오면 실내로 변경할게요! 날씨 확인해주세요 ☔', now() + interval '46 days'),
  ('ae000000-0000-0000-0000-000000000037', 'b0000000-0000-0000-0000-000000000034', 'd0000000-0000-0000-0000-000000000057', '새로 합류하신 분 환영해요! 🎉', now() - interval '67 days'),
  ('ae000000-0000-0000-0000-000000000038', 'b0000000-0000-0000-0000-000000000022', 'd0000000-0000-0000-0000-000000000032', '새로 합류하신 분 환영해요! 🎉', now() + interval '18 days'),
  ('ae000000-0000-0000-0000-000000000039', 'b0000000-0000-0000-0000-000000000045', 'd0000000-0000-0000-0000-000000000031', '참석 확인 부탁드려요! 현재 8명 참석 예정이에요.', now() + interval '120 days'),
  ('ae000000-0000-0000-0000-000000000040', 'b0000000-0000-0000-0000-000000000023', 'd0000000-0000-0000-0000-000000000072', '비가 오면 실내로 변경할게요! 날씨 확인해주세요 ☔', now() + interval '60 days'),
  ('ae000000-0000-0000-0000-000000000041', 'b0000000-0000-0000-0000-000000000015', 'd0000000-0000-0000-0000-000000000058', '이번 주 주제는 그림책 읽기이에요! 다들 준비해오세요~', now() - interval '93 days'),
  ('ae000000-0000-0000-0000-000000000042', 'b0000000-0000-0000-0000-000000000016', 'd0000000-0000-0000-0000-000000000100', '이번 주 주제는 그림책 읽기이에요! 다들 준비해오세요~', now() + interval '111 days'),
  ('ae000000-0000-0000-0000-000000000043', 'b0000000-0000-0000-0000-000000000017', 'd0000000-0000-0000-0000-000000000037', '새로 합류하신 분 환영해요! 🎉', now() - interval '158 days'),
  ('ae000000-0000-0000-0000-000000000044', 'b0000000-0000-0000-0000-000000000027', 'd0000000-0000-0000-0000-000000000065', '이번 주 준비물: 그림책', now() - interval '15 days'),
  ('ae000000-0000-0000-0000-000000000045', 'b0000000-0000-0000-0000-000000000057', 'd0000000-0000-0000-0000-000000000059', '이번 주 모임 장소가 변경됐어요! 새 장소에서 만나요~', now() + interval '175 days'),
  ('ae000000-0000-0000-0000-000000000046', 'b0000000-0000-0000-0000-000000000049', 'd0000000-0000-0000-0000-000000000071', '참석 확인 부탁드려요! 현재 5명 참석 예정이에요.', now() - interval '146 days'),
  ('ae000000-0000-0000-0000-000000000047', 'b0000000-0000-0000-0000-000000000054', 'd0000000-0000-0000-0000-000000000056', '이번 주 모임 장소가 변경됐어요! 새 장소에서 만나요~', now() - interval '157 days'),
  ('ae000000-0000-0000-0000-000000000048', 'b0000000-0000-0000-0000-000000000033', 'd0000000-0000-0000-0000-000000000068', '이번 주 주제는 아기 발달이에요! 다들 준비해오세요~', now() - interval '136 days'),
  ('ae000000-0000-0000-0000-000000000049', 'b0000000-0000-0000-0000-000000000045', 'd0000000-0000-0000-0000-000000000072', '모임 사진 올려요! 아기들이 너무 귀여웠어요 📸', now() + interval '128 days'),
  ('ae000000-0000-0000-0000-000000000050', 'b0000000-0000-0000-0000-000000000058', 'd0000000-0000-0000-0000-000000000044', '간식 준비했어요! 다들 빈 손으로 오세요 ㅎㅎ', now() + interval '152 days')
ON CONFLICT (id) DO NOTHING;

INSERT INTO gathering_posts (id, gathering_id, user_id, content, created_at) VALUES
  ('ae000000-0000-0000-0000-000000000051', 'b0000000-0000-0000-0000-000000000005', 'd0000000-0000-0000-0000-000000000095', '새로 합류하신 분 환영해요! 🎉', now() - interval '118 days'),
  ('ae000000-0000-0000-0000-000000000052', 'b0000000-0000-0000-0000-000000000019', 'd0000000-0000-0000-0000-000000000097', '참석 확인 부탁드려요! 현재 5명 참석 예정이에요.', now() + interval '142 days'),
  ('ae000000-0000-0000-0000-000000000053', 'b0000000-0000-0000-0000-000000000059', 'd0000000-0000-0000-0000-000000000066', '지난번 모임 너무 좋았어요! 다음에도 참석할게요~ 😊', now() - interval '71 days'),
  ('ae000000-0000-0000-0000-000000000054', 'b0000000-0000-0000-0000-000000000030', 'd0000000-0000-0000-0000-000000000049', '새로 합류하신 분 환영해요! 🎉', now() + interval '101 days'),
  ('ae000000-0000-0000-0000-000000000055', 'b0000000-0000-0000-0000-000000000015', 'd0000000-0000-0000-0000-000000000039', '참석 확인 부탁드려요! 현재 9명 참석 예정이에요.', now() - interval '101 days'),
  ('ae000000-0000-0000-0000-000000000056', 'b0000000-0000-0000-0000-000000000021', 'd0000000-0000-0000-0000-000000000050', '새로 합류하신 분 환영해요! 🎉', now() + interval '36 days'),
  ('ae000000-0000-0000-0000-000000000057', 'b0000000-0000-0000-0000-000000000053', 'd0000000-0000-0000-0000-000000000095', '모임 사진 올려요! 아기들이 너무 귀여웠어요 📸', now() - interval '135 days'),
  ('ae000000-0000-0000-0000-000000000058', 'b0000000-0000-0000-0000-000000000057', 'd0000000-0000-0000-0000-000000000079', '새로 합류하신 분 환영해요! 🎉', now() + interval '172 days'),
  ('ae000000-0000-0000-0000-000000000059', 'b0000000-0000-0000-0000-000000000008', 'd0000000-0000-0000-0000-000000000037', '다음 모임 일정 투표해주세요! 수요일 vs 목요일', now() + interval '162 days'),
  ('ae000000-0000-0000-0000-000000000060', 'b0000000-0000-0000-0000-000000000019', 'd0000000-0000-0000-0000-000000000034', '간식 준비했어요! 다들 빈 손으로 오세요 ㅎㅎ', now() + interval '132 days'),
  ('ae000000-0000-0000-0000-000000000061', 'b0000000-0000-0000-0000-000000000010', 'd0000000-0000-0000-0000-000000000013', '모임 사진 올려요! 아기들이 너무 귀여웠어요 📸', now() - interval '112 days'),
  ('ae000000-0000-0000-0000-000000000062', 'b0000000-0000-0000-0000-000000000039', 'd0000000-0000-0000-0000-000000000006', '비가 오면 실내로 변경할게요! 날씨 확인해주세요 ☔', now() - interval '163 days'),
  ('ae000000-0000-0000-0000-000000000063', 'b0000000-0000-0000-0000-000000000032', 'd0000000-0000-0000-0000-000000000004', '새로 합류하신 분 환영해요! 🎉', now() + interval '39 days'),
  ('ae000000-0000-0000-0000-000000000064', 'b0000000-0000-0000-0000-000000000034', 'd0000000-0000-0000-0000-000000000017', '참석 확인 부탁드려요! 현재 4명 참석 예정이에요.', now() - interval '60 days'),
  ('ae000000-0000-0000-0000-000000000065', 'b0000000-0000-0000-0000-000000000057', 'd0000000-0000-0000-0000-000000000056', '참석 확인 부탁드려요! 현재 5명 참석 예정이에요.', now() + interval '175 days'),
  ('ae000000-0000-0000-0000-000000000066', 'b0000000-0000-0000-0000-000000000047', 'd0000000-0000-0000-0000-000000000086', '지난번 모임 너무 좋았어요! 다음에도 참석할게요~ 😊', now() + interval '37 days'),
  ('ae000000-0000-0000-0000-000000000067', 'b0000000-0000-0000-0000-000000000047', 'd0000000-0000-0000-0000-000000000010', '새로 합류하신 분 환영해요! 🎉', now() + interval '38 days'),
  ('ae000000-0000-0000-0000-000000000068', 'b0000000-0000-0000-0000-000000000030', 'd0000000-0000-0000-0000-000000000081', '비가 오면 실내로 변경할게요! 날씨 확인해주세요 ☔', now() + interval '108 days'),
  ('ae000000-0000-0000-0000-000000000069', 'b0000000-0000-0000-0000-000000000058', 'd0000000-0000-0000-0000-000000000005', '이번 주 주제는 아기 수영이에요! 다들 준비해오세요~', now() + interval '157 days'),
  ('ae000000-0000-0000-0000-000000000070', 'b0000000-0000-0000-0000-000000000054', 'd0000000-0000-0000-0000-000000000072', '이번 주 모임 장소가 변경됐어요! 새 장소에서 만나요~', now() - interval '154 days'),
  ('ae000000-0000-0000-0000-000000000071', 'b0000000-0000-0000-0000-000000000009', 'd0000000-0000-0000-0000-000000000076', '이번 주 주제는 수면교육이에요! 다들 준비해오세요~', now() + interval '106 days'),
  ('ae000000-0000-0000-0000-000000000072', 'b0000000-0000-0000-0000-000000000031', 'd0000000-0000-0000-0000-000000000020', '참석 확인 부탁드려요! 현재 10명 참석 예정이에요.', now() + interval '43 days'),
  ('ae000000-0000-0000-0000-000000000073', 'b0000000-0000-0000-0000-000000000009', 'd0000000-0000-0000-0000-000000000026', '지난번 모임 너무 좋았어요! 다음에도 참석할게요~ 😊', now() + interval '98 days'),
  ('ae000000-0000-0000-0000-000000000074', 'b0000000-0000-0000-0000-000000000028', 'd0000000-0000-0000-0000-000000000009', '참석 확인 부탁드려요! 현재 6명 참석 예정이에요.', now() + interval '14 days'),
  ('ae000000-0000-0000-0000-000000000075', 'b0000000-0000-0000-0000-000000000003', 'd0000000-0000-0000-0000-000000000054', '다음 모임 일정 투표해주세요! 수요일 vs 목요일', now() + interval '72 days'),
  ('ae000000-0000-0000-0000-000000000076', 'b0000000-0000-0000-0000-000000000023', 'd0000000-0000-0000-0000-000000000062', '비가 오면 실내로 변경할게요! 날씨 확인해주세요 ☔', now() + interval '48 days'),
  ('ae000000-0000-0000-0000-000000000077', 'b0000000-0000-0000-0000-000000000057', 'd0000000-0000-0000-0000-000000000038', '참석 확인 부탁드려요! 현재 9명 참석 예정이에요.', now() + interval '186 days'),
  ('ae000000-0000-0000-0000-000000000078', 'b0000000-0000-0000-0000-000000000023', 'd0000000-0000-0000-0000-000000000070', '참석 확인 부탁드려요! 현재 6명 참석 예정이에요.', now() + interval '44 days'),
  ('ae000000-0000-0000-0000-000000000079', 'b0000000-0000-0000-0000-000000000057', 'd0000000-0000-0000-0000-000000000097', '다음 모임 일정 투표해주세요! 수요일 vs 목요일', now() + interval '174 days'),
  ('ae000000-0000-0000-0000-000000000080', 'b0000000-0000-0000-0000-000000000043', 'd0000000-0000-0000-0000-000000000055', '지난번 모임 너무 좋았어요! 다음에도 참석할게요~ 😊', now() - interval '46 days'),
  ('ae000000-0000-0000-0000-000000000081', 'b0000000-0000-0000-0000-000000000023', 'd0000000-0000-0000-0000-000000000090', '이번 주 주제는 수면교육이에요! 다들 준비해오세요~', now() + interval '56 days'),
  ('ae000000-0000-0000-0000-000000000082', 'b0000000-0000-0000-0000-000000000039', 'd0000000-0000-0000-0000-000000000053', '모임 사진 올려요! 아기들이 너무 귀여웠어요 📸', now() - interval '147 days'),
  ('ae000000-0000-0000-0000-000000000083', 'b0000000-0000-0000-0000-000000000014', 'd0000000-0000-0000-0000-000000000053', '이번 주 모임 장소가 변경됐어요! 새 장소에서 만나요~', now() - interval '132 days'),
  ('ae000000-0000-0000-0000-000000000084', 'b0000000-0000-0000-0000-000000000044', 'd0000000-0000-0000-0000-000000000041', '이번 주 주제는 산후 운동이에요! 다들 준비해오세요~', now() + interval '142 days'),
  ('ae000000-0000-0000-0000-000000000085', 'b0000000-0000-0000-0000-000000000026', 'd0000000-0000-0000-0000-000000000034', '이번 주 모임 장소가 변경됐어요! 새 장소에서 만나요~', now() - interval '134 days'),
  ('ae000000-0000-0000-0000-000000000086', 'b0000000-0000-0000-0000-000000000041', 'd0000000-0000-0000-0000-000000000006', '다음 모임 일정 투표해주세요! 수요일 vs 목요일', now() + interval '15 days'),
  ('ae000000-0000-0000-0000-000000000087', 'b0000000-0000-0000-0000-000000000057', 'd0000000-0000-0000-0000-000000000022', '비가 오면 실내로 변경할게요! 날씨 확인해주세요 ☔', now() + interval '186 days'),
  ('ae000000-0000-0000-0000-000000000088', 'b0000000-0000-0000-0000-000000000040', 'd0000000-0000-0000-0000-000000000043', '이번 주 준비물: 그림책', now() - interval '110 days'),
  ('ae000000-0000-0000-0000-000000000089', 'b0000000-0000-0000-0000-000000000052', 'd0000000-0000-0000-0000-000000000049', '지난번 모임 너무 좋았어요! 다음에도 참석할게요~ 😊', now() + interval '68 days'),
  ('ae000000-0000-0000-0000-000000000090', 'b0000000-0000-0000-0000-000000000050', 'd0000000-0000-0000-0000-000000000099', '비가 오면 실내로 변경할게요! 날씨 확인해주세요 ☔', now() + interval '128 days'),
  ('ae000000-0000-0000-0000-000000000091', 'b0000000-0000-0000-0000-000000000014', 'd0000000-0000-0000-0000-000000000047', '비가 오면 실내로 변경할게요! 날씨 확인해주세요 ☔', now() - interval '133 days'),
  ('ae000000-0000-0000-0000-000000000092', 'b0000000-0000-0000-0000-000000000019', 'd0000000-0000-0000-0000-000000000021', '새로 합류하신 분 환영해요! 🎉', now() + interval '141 days'),
  ('ae000000-0000-0000-0000-000000000093', 'b0000000-0000-0000-0000-000000000047', 'd0000000-0000-0000-0000-000000000032', '이번 주 모임 장소가 변경됐어요! 새 장소에서 만나요~', now() + interval '46 days'),
  ('ae000000-0000-0000-0000-000000000094', 'b0000000-0000-0000-0000-000000000007', 'd0000000-0000-0000-0000-000000000065', '이번 주 주제는 감각놀이이에요! 다들 준비해오세요~', now() + interval '170 days'),
  ('ae000000-0000-0000-0000-000000000095', 'b0000000-0000-0000-0000-000000000019', 'd0000000-0000-0000-0000-000000000039', '이번 주 모임 장소가 변경됐어요! 새 장소에서 만나요~', now() + interval '125 days'),
  ('ae000000-0000-0000-0000-000000000096', 'b0000000-0000-0000-0000-000000000018', 'd0000000-0000-0000-0000-000000000096', '지난번 모임 너무 좋았어요! 다음에도 참석할게요~ 😊', now() - interval '18 days'),
  ('ae000000-0000-0000-0000-000000000097', 'b0000000-0000-0000-0000-000000000026', 'd0000000-0000-0000-0000-000000000017', '다음 모임 일정 투표해주세요! 수요일 vs 목요일', now() - interval '142 days'),
  ('ae000000-0000-0000-0000-000000000098', 'b0000000-0000-0000-0000-000000000033', 'd0000000-0000-0000-0000-000000000093', '이번 주 주제는 이유식 만들기이에요! 다들 준비해오세요~', now() - interval '145 days'),
  ('ae000000-0000-0000-0000-000000000099', 'b0000000-0000-0000-0000-000000000048', 'd0000000-0000-0000-0000-000000000076', '이번 주 주제는 산후 운동이에요! 다들 준비해오세요~', now() + interval '78 days'),
  ('ae000000-0000-0000-0000-000000000100', 'b0000000-0000-0000-0000-000000000028', 'd0000000-0000-0000-0000-000000000066', '이번 주 모임 장소가 변경됐어요! 새 장소에서 만나요~', now() + interval '15 days')
ON CONFLICT (id) DO NOTHING;

INSERT INTO gathering_posts (id, gathering_id, user_id, content, created_at) VALUES
  ('ae000000-0000-0000-0000-000000000101', 'b0000000-0000-0000-0000-000000000007', 'd0000000-0000-0000-0000-000000000034', '간식 준비했어요! 다들 빈 손으로 오세요 ㅎㅎ', now() + interval '178 days'),
  ('ae000000-0000-0000-0000-000000000102', 'b0000000-0000-0000-0000-000000000006', 'd0000000-0000-0000-0000-000000000029', '이번 주 주제는 아기 발달이에요! 다들 준비해오세요~', now() - interval '48 days'),
  ('ae000000-0000-0000-0000-000000000103', 'b0000000-0000-0000-0000-000000000059', 'd0000000-0000-0000-0000-000000000090', '비가 오면 실내로 변경할게요! 날씨 확인해주세요 ☔', now() - interval '91 days'),
  ('ae000000-0000-0000-0000-000000000104', 'b0000000-0000-0000-0000-000000000032', 'd0000000-0000-0000-0000-000000000094', '이번 주 주제는 산후 운동이에요! 다들 준비해오세요~', now() + interval '39 days'),
  ('ae000000-0000-0000-0000-000000000105', 'b0000000-0000-0000-0000-000000000015', 'd0000000-0000-0000-0000-000000000074', '이번 주 모임 장소가 변경됐어요! 새 장소에서 만나요~', now() - interval '96 days'),
  ('ae000000-0000-0000-0000-000000000106', 'b0000000-0000-0000-0000-000000000024', 'd0000000-0000-0000-0000-000000000062', '간식 준비했어요! 다들 빈 손으로 오세요 ㅎㅎ', now() + interval '97 days'),
  ('ae000000-0000-0000-0000-000000000107', 'b0000000-0000-0000-0000-000000000010', 'd0000000-0000-0000-0000-000000000081', '지난번 모임 너무 좋았어요! 다음에도 참석할게요~ 😊', now() - interval '106 days'),
  ('ae000000-0000-0000-0000-000000000108', 'b0000000-0000-0000-0000-000000000056', 'd0000000-0000-0000-0000-000000000063', '간식 준비했어요! 다들 빈 손으로 오세요 ㅎㅎ', now() + interval '52 days'),
  ('ae000000-0000-0000-0000-000000000109', 'b0000000-0000-0000-0000-000000000040', 'd0000000-0000-0000-0000-000000000061', '비가 오면 실내로 변경할게요! 날씨 확인해주세요 ☔', now() - interval '109 days'),
  ('ae000000-0000-0000-0000-000000000110', 'b0000000-0000-0000-0000-000000000050', 'd0000000-0000-0000-0000-000000000064', '다음 모임 일정 투표해주세요! 수요일 vs 목요일', now() + interval '116 days'),
  ('ae000000-0000-0000-0000-000000000111', 'b0000000-0000-0000-0000-000000000003', 'd0000000-0000-0000-0000-000000000042', '간식 준비했어요! 다들 빈 손으로 오세요 ㅎㅎ', now() + interval '60 days'),
  ('ae000000-0000-0000-0000-000000000112', 'b0000000-0000-0000-0000-000000000045', 'd0000000-0000-0000-0000-000000000027', '비가 오면 실내로 변경할게요! 날씨 확인해주세요 ☔', now() + interval '128 days'),
  ('ae000000-0000-0000-0000-000000000113', 'b0000000-0000-0000-0000-000000000042', 'd0000000-0000-0000-0000-000000000031', '새로 합류하신 분 환영해요! 🎉', now() + interval '98 days'),
  ('ae000000-0000-0000-0000-000000000114', 'b0000000-0000-0000-0000-000000000036', 'd0000000-0000-0000-0000-000000000095', '지난번 모임 너무 좋았어요! 다음에도 참석할게요~ 😊', now() + interval '70 days'),
  ('ae000000-0000-0000-0000-000000000115', 'b0000000-0000-0000-0000-000000000009', 'd0000000-0000-0000-0000-000000000097', '이번 주 모임 장소가 변경됐어요! 새 장소에서 만나요~', now() + interval '103 days'),
  ('ae000000-0000-0000-0000-000000000116', 'b0000000-0000-0000-0000-000000000013', 'd0000000-0000-0000-0000-000000000057', '지난번 모임 너무 좋았어요! 다음에도 참석할게요~ 😊', now() + interval '33 days'),
  ('ae000000-0000-0000-0000-000000000117', 'b0000000-0000-0000-0000-000000000041', 'd0000000-0000-0000-0000-000000000068', '참석 확인 부탁드려요! 현재 9명 참석 예정이에요.', now() + interval '9 days'),
  ('ae000000-0000-0000-0000-000000000118', 'b0000000-0000-0000-0000-000000000001', 'd0000000-0000-0000-0000-000000000038', '지난번 모임 너무 좋았어요! 다음에도 참석할게요~ 😊', now() + interval '42 days'),
  ('ae000000-0000-0000-0000-000000000119', 'b0000000-0000-0000-0000-000000000021', 'd0000000-0000-0000-0000-000000000079', '새로 합류하신 분 환영해요! 🎉', now() + interval '39 days'),
  ('ae000000-0000-0000-0000-000000000120', 'b0000000-0000-0000-0000-000000000019', 'd0000000-0000-0000-0000-000000000067', '모임 사진 올려요! 아기들이 너무 귀여웠어요 📸', now() + interval '140 days')
ON CONFLICT (id) DO NOTHING;


-- ────────────────────────────────────────────────
-- 10. 장소 팁 (place_tips) — 50개
-- ────────────────────────────────────────────────
INSERT INTO place_tips (id, place_id, tip, votes, created_at) VALUES
  ('af000000-0000-0000-0000-000000000001', 'place_성남_academy', '놀이방 있음', 7, now() + interval '35 days'),
  ('af000000-0000-0000-0000-000000000002', 'place_대전_restaurant', '전용 주차 공간 있음', 1, now() - interval '46 days'),
  ('af000000-0000-0000-0000-000000000003', 'place_광주_academy', '기저귀 교환대 있음', 1, now() - interval '49 days'),
  ('af000000-0000-0000-0000-000000000004', 'place_울산_hospital', '카페 근처에 있음', 15, now() - interval '16 days'),
  ('af000000-0000-0000-0000-000000000005', 'place_전주_restaurant', '야간 진료 가능', 3, now() - interval '144 days'),
  ('af000000-0000-0000-0000-000000000006', 'place_수원_playground', '유모차 출입 가능', 7, now() - interval '110 days'),
  ('af000000-0000-0000-0000-000000000007', 'place_세종_playground', '아기 메뉴 있음', 20, now() + interval '66 days'),
  ('af000000-0000-0000-0000-000000000008', 'place_포항_restaurant', '바닥 폭신한 안전 놀이터', 3, now() + interval '27 days'),
  ('af000000-0000-0000-0000-000000000009', 'place_울산_playground', '야간 진료 가능', 9, now() + interval '33 days'),
  ('af000000-0000-0000-0000-000000000010', 'place_김해_restaurant', '에어컨 시원함', 11, now() + interval '152 days'),
  ('af000000-0000-0000-0000-000000000011', 'place_성남_restaurant', '전용 주차 공간 있음', 7, now() - interval '60 days'),
  ('af000000-0000-0000-0000-000000000012', 'place_울산_hospital', '실내 놀이 공간 있음', 5, now() - interval '122 days'),
  ('af000000-0000-0000-0000-000000000013', 'place_서울_playground', '기저귀 교환대 있음', 2, now() - interval '113 days'),
  ('af000000-0000-0000-0000-000000000014', 'place_천안_academy', '이유식 데워주심', 10, now() + interval '31 days'),
  ('af000000-0000-0000-0000-000000000015', 'place_수원_restaurant', '에어컨 시원함', 13, now() + interval '122 days'),
  ('af000000-0000-0000-0000-000000000016', 'place_창원_playground', '엘리베이터 있음', 11, now() + interval '155 days'),
  ('af000000-0000-0000-0000-000000000017', 'place_울산_cafe', '주차 무료', 23, now() - interval '112 days'),
  ('af000000-0000-0000-0000-000000000018', 'place_포항_academy', '전용 주차 공간 있음', 23, now() + interval '176 days'),
  ('af000000-0000-0000-0000-000000000019', 'place_인천_restaurant', '화장실 깨끗함', 21, now() - interval '7 days'),
  ('af000000-0000-0000-0000-000000000020', 'place_창원_academy', '아기 메뉴 있음', 24, now() + interval '158 days'),
  ('af000000-0000-0000-0000-000000000021', 'place_포항_cafe', '에어컨 시원함', 12, now() - interval '3 days'),
  ('af000000-0000-0000-0000-000000000022', 'place_울산_academy', '아기 메뉴 있음', 17, now() - interval '151 days'),
  ('af000000-0000-0000-0000-000000000023', 'place_고양_playground', '아기 의자 제공', 12, now() + interval '129 days'),
  ('af000000-0000-0000-0000-000000000024', 'place_서울_restaurant', '주차 무료', 2, now() + interval '165 days'),
  ('af000000-0000-0000-0000-000000000025', 'place_청주_academy', '수유실 있음', 23, now() + interval '71 days'),
  ('af000000-0000-0000-0000-000000000026', 'place_부산_restaurant', '유모차 출입 가능', 23, now() + interval '156 days'),
  ('af000000-0000-0000-0000-000000000027', 'place_전주_academy', '야간 진료 가능', 16, now() + interval '166 days'),
  ('af000000-0000-0000-0000-000000000028', 'place_포항_hospital', '수유실 있음', 12, now() - interval '40 days'),
  ('af000000-0000-0000-0000-000000000029', 'place_대전_cafe', '기저귀 교환대 있음', 14, now() + interval '31 days'),
  ('af000000-0000-0000-0000-000000000030', 'place_부산_academy', '수유실 있음', 11, now() - interval '140 days'),
  ('af000000-0000-0000-0000-000000000031', 'place_성남_cafe', '실내 놀이 공간 있음', 24, now() - interval '173 days'),
  ('af000000-0000-0000-0000-000000000032', 'place_용인_cafe', '물놀이 가능', 24, now() + interval '133 days'),
  ('af000000-0000-0000-0000-000000000033', 'place_서울_academy', '화장실 깨끗함', 22, now() + interval '17 days'),
  ('af000000-0000-0000-0000-000000000034', 'place_울산_restaurant', '주말 사전 예약 필수', 24, now() - interval '45 days'),
  ('af000000-0000-0000-0000-000000000035', 'place_전주_hospital', '주차 무료', 20, now() - interval '130 days'),
  ('af000000-0000-0000-0000-000000000036', 'place_천안_cafe', '유모차 출입 가능', 10, now() - interval '90 days'),
  ('af000000-0000-0000-0000-000000000037', 'place_인천_playground', '놀이방 있음', 19, now() + interval '23 days'),
  ('af000000-0000-0000-0000-000000000038', 'place_세종_academy', '기저귀 교환대 있음', 4, now() + interval '47 days'),
  ('af000000-0000-0000-0000-000000000039', 'place_대구_cafe', '이유식 데워주심', 19, now() + interval '6 days'),
  ('af000000-0000-0000-0000-000000000040', 'place_대전_hospital', '바닥 폭신한 안전 놀이터', 21, now() - interval '21 days'),
  ('af000000-0000-0000-0000-000000000041', 'place_수원_playground', '바닥 폭신한 안전 놀이터', 24, now() + interval '34 days'),
  ('af000000-0000-0000-0000-000000000042', 'place_고양_hospital', '에어컨 시원함', 23, now() - interval '72 days'),
  ('af000000-0000-0000-0000-000000000043', 'place_광주_restaurant', '이유식 데워주심', 14, now() - interval '49 days'),
  ('af000000-0000-0000-0000-000000000044', 'place_성남_cafe', '야간 진료 가능', 10, now() - interval '113 days'),
  ('af000000-0000-0000-0000-000000000045', 'place_성남_hospital', '전용 주차 공간 있음', 12, now() + interval '90 days'),
  ('af000000-0000-0000-0000-000000000046', 'place_김해_academy', '야간 진료 가능', 2, now() + interval '150 days'),
  ('af000000-0000-0000-0000-000000000047', 'place_제주_cafe', '카페 근처에 있음', 19, now() - interval '180 days'),
  ('af000000-0000-0000-0000-000000000048', 'place_천안_playground', '키즈존 있음', 7, now() - interval '129 days'),
  ('af000000-0000-0000-0000-000000000049', 'place_포항_playground', '기저귀 교환대 있음', 17, now() + interval '67 days'),
  ('af000000-0000-0000-0000-000000000050', 'place_울산_academy', '주차 무료', 2, now() + interval '133 days')
ON CONFLICT (place_id, tip) DO NOTHING;


-- ────────────────────────────────────────────────
-- 11. 동네 마켓 (town_market) — 30개
-- ────────────────────────────────────────────────
INSERT INTO town_market (id, user_id, user_name, title, description, category, price, photo_url, lat, lng, status, created_at) VALUES
  ('ba000000-0000-0000-0000-000000000001', 'd0000000-0000-0000-0000-000000000085', '쿠키맘', '아기 띠 (에르고베이비)', '2년 사용했지만 상태 좋아요. 사진 참고해주세요.', 'baby_gear', 50000, NULL, 36.3499, 127.3838, 'available', now() - interval '145 days'),
  ('ba000000-0000-0000-0000-000000000002', 'd0000000-0000-0000-0000-000000000049', '수박씨맘', '아기 봄 옷 모음 (80)', '2년 사용했지만 상태 좋아요. 사진 참고해주세요.', 'clothing', 0, NULL, 36.4881, 127.2556, 'available', now() - interval '92 days'),
  ('ba000000-0000-0000-0000-000000000003', 'd0000000-0000-0000-0000-000000000002', '별이엄마', '뽀로로 블록 세트', '출산 선물로 받았는데 겹쳐서 내놔요. 미개봉이에요!', 'toys', 15000, NULL, 36.8146, 127.1106, 'available', now() + interval '48 days'),
  ('ba000000-0000-0000-0000-000000000004', 'd0000000-0000-0000-0000-000000000046', '별빛맘', '이유식 보온도시락', '1년 사용, 전체적으로 깨끗해요. 직거래 희망!', 'baby_gear', 12000, NULL, 36.3497, 127.3782, 'available', now() - interval '158 days'),
  ('ba000000-0000-0000-0000-000000000005', 'd0000000-0000-0000-0000-000000000059', '달콤이맘', '아기 그림책 15권 나눔', '박스 포함, 부품 다 있어요. 설명서도 드려요!', 'books', 0, NULL, 36.4840, 127.2638, 'available', now() + interval '63 days'),
  ('ba000000-0000-0000-0000-000000000006', 'd0000000-0000-0000-0000-000000000033', '바다엄마', '범보 의자 + 트레이', '새 상품이에요! 선물 받았는데 이미 있어서요.', 'baby_gear', 30000, NULL, 35.2290, 128.6808, 'available', now() + interval '11 days'),
  ('ba000000-0000-0000-0000-000000000007', 'd0000000-0000-0000-0000-000000000030', '꿈꾸는나무', '아기 겨울 패딩 (80)', '사용감 약간 있지만 기능은 완벽해요!', 'clothing', 20000, NULL, 35.2207, 128.8877, 'available', now() - interval '148 days'),
  ('ba000000-0000-0000-0000-000000000008', 'd0000000-0000-0000-0000-000000000052', '오렌지맘', '레고 듀플로 세트', '박스 포함, 부품 다 있어요. 설명서도 드려요!', 'toys', 25000, NULL, 37.5598, 126.9713, 'available', now() - interval '153 days'),
  ('ba000000-0000-0000-0000-000000000009', 'd0000000-0000-0000-0000-000000000090', '피아노맘', '젖병 소독기', '세탁 완료했어요! 깨끗한 상태예요.', 'feeding', 18000, NULL, 35.5474, 129.3128, 'available', now() - interval '170 days'),
  ('ba000000-0000-0000-0000-000000000010', 'd0000000-0000-0000-0000-000000000043', '은방울맘', '아기 옷장 (2단)', '사용감 약간 있지만 기능은 완벽해요!', 'furniture', 35000, NULL, 35.1890, 129.0718, 'available', now() + interval '89 days'),
  ('ba000000-0000-0000-0000-000000000011', 'd0000000-0000-0000-0000-000000000059', '달콤이맘', '아기 신발 (130)', '잘 소독해서 보내드릴게요 💕 무료 나눔이에요!', 'clothing', 8000, NULL, 36.3496, 127.3877, 'available', now() - interval '45 days'),
  ('ba000000-0000-0000-0000-000000000012', 'd0000000-0000-0000-0000-000000000039', '튤립엄마', '촉감 그림책 세트', '1년 사용, 전체적으로 깨끗해요. 직거래 희망!', 'books', 12000, NULL, 35.8651, 128.6086, 'available', now() + interval '63 days'),
  ('ba000000-0000-0000-0000-000000000013', 'd0000000-0000-0000-0000-000000000020', '라떼맘', '수유쿠션', '2년 사용했지만 상태 좋아요. 사진 참고해주세요.', 'feeding', 15000, NULL, 36.0259, 129.3410, 'available', now() + interval '89 days'),
  ('ba000000-0000-0000-0000-000000000014', 'd0000000-0000-0000-0000-000000000013', '토끼엄마', '아기 싱크대 욕조', '아기가 좋아했던 제품이에요. 다른 분도 잘 쓰시길!', 'baby_gear', 10000, NULL, 36.0227, 129.3475, 'available', now() + interval '172 days'),
  ('ba000000-0000-0000-0000-000000000015', 'd0000000-0000-0000-0000-000000000049', '수박씨맘', '유모차 정리함', '우리 아기가 좋아했어요! 추천합니다 ㅎㅎ', 'baby_gear', 8000, NULL, 35.8283, 127.1533, 'available', now() - interval '33 days'),
  ('ba000000-0000-0000-0000-000000000016', 'd0000000-0000-0000-0000-000000000041', '단풍맘', '아기 모자 3개 세트', '사용감 약간 있지만 기능은 완벽해요!', 'clothing', 5000, NULL, 35.1575, 126.8491, 'available', now() - interval '173 days'),
  ('ba000000-0000-0000-0000-000000000017', 'd0000000-0000-0000-0000-000000000094', '옥수수맘', '동요 사운드북', '우리 아기가 좋아했어요! 추천합니다 ㅎㅎ', 'toys', 10000, NULL, 36.8170, 127.1146, 'available', now() - interval '172 days'),
  ('ba000000-0000-0000-0000-000000000018', 'd0000000-0000-0000-0000-000000000095', '살구맘', '이유식 조리기', '박스 포함, 부품 다 있어요. 설명서도 드려요!', 'feeding', 22000, NULL, 37.5609, 126.9802, 'available', now() + interval '95 days'),
  ('ba000000-0000-0000-0000-000000000019', 'd0000000-0000-0000-0000-000000000047', '나비엄마', '아기 행거', '포장 그대로 있어요. 선물용으로도 좋아요!', 'furniture', 15000, NULL, 35.2350, 128.8914, 'available', now() + interval '20 days'),
  ('ba000000-0000-0000-0000-000000000020', 'd0000000-0000-0000-0000-000000000083', '단호박맘', '아기띠 침받이 세트', '6개월 사용했어요. 사용감 있지만 기능 이상 없어요.', 'baby_gear', 5000, NULL, 35.1595, 126.8435, 'available', now() - interval '24 days'),
  ('ba000000-0000-0000-0000-000000000021', 'd0000000-0000-0000-0000-000000000044', '파랑새맘', '아기 양말 세트 나눔', '잘 소독해서 보내드릴게요 💕 무료 나눔이에요!', 'clothing', 0, NULL, 36.3489, 127.3802, 'available', now() - interval '124 days'),
  ('ba000000-0000-0000-0000-000000000022', 'd0000000-0000-0000-0000-000000000005', '초코파이맘', '촉감 블록 세트', '1년 사용, 전체적으로 깨끗해요. 직거래 희망!', 'toys', 18000, NULL, 36.8087, 127.1119, 'available', now() + interval '28 days'),
  ('ba000000-0000-0000-0000-000000000023', 'd0000000-0000-0000-0000-000000000060', '씩씩이맘', '분유 포트', '사용감 약간 있지만 기능은 완벽해요!', 'feeding', 20000, NULL, 35.8683, 128.6061, 'available', now() + interval '104 days'),
  ('ba000000-0000-0000-0000-000000000024', 'd0000000-0000-0000-0000-000000000002', '별이엄마', '좌식 의자', '출산 선물로 받았는데 겹쳐서 내놔요. 미개봉이에요!', 'furniture', 28000, NULL, 37.2337, 127.1777, 'available', now() + interval '3 days'),
  ('ba000000-0000-0000-0000-000000000025', 'd0000000-0000-0000-0000-000000000063', '아기곰맘', '아기 가방 (외출용)', '2년 사용했지만 상태 좋아요. 사진 참고해주세요.', 'baby_gear', 12000, NULL, 33.4980, 126.5223, 'available', now() + interval '163 days'),
  ('ba000000-0000-0000-0000-000000000026', 'd0000000-0000-0000-0000-000000000015', '사랑이네', '아기 수영복', '박스 포함, 부품 다 있어요. 설명서도 드려요!', 'clothing', 8000, NULL, 35.8242, 127.1536, 'available', now() + interval '137 days'),
  ('ba000000-0000-0000-0000-000000000027', 'd0000000-0000-0000-0000-000000000047', '나비엄마', '자석 낚시 장난감', '아기가 커서 안 쓰게 됐어요 ㅠ 잘 쓰실 분 연락주세요!', 'toys', 7000, NULL, 36.3600, 127.3851, 'available', now() - interval '173 days'),
  ('ba000000-0000-0000-0000-000000000028', 'd0000000-0000-0000-0000-000000000011', '포근한이불', '보틀워머', '출산 선물로 받았는데 겹쳐서 내놔요. 미개봉이에요!', 'feeding', 15000, NULL, 37.5632, 126.9867, 'available', now() + interval '51 days'),
  ('ba000000-0000-0000-0000-000000000029', 'd0000000-0000-0000-0000-000000000066', '진주엄마', '아기 책장', '우리 아기가 좋아했어요! 추천합니다 ㅎㅎ', 'furniture', 40000, NULL, 35.8229, 127.1473, 'available', now() - interval '126 days'),
  ('ba000000-0000-0000-0000-000000000030', 'd0000000-0000-0000-0000-000000000059', '달콤이맘', '유모차 발싸개', '포장 그대로 있어요. 선물용으로도 좋아요!', 'baby_gear', 10000, NULL, 35.1874, 129.0793, 'available', now() - interval '87 days')
ON CONFLICT (id) DO NOTHING;


-- ────────────────────────────────────────────────
-- 완료 메시지
-- ────────────────────────────────────────────────
DO $$
DECLARE
  user_cnt INTEGER;
  post_cnt INTEGER;
  comment_cnt INTEGER;
  review_cnt INTEGER;
  market_cnt INTEGER;
  feed_cnt INTEGER;
  gather_cnt INTEGER;
  like_cnt INTEGER;
  gp_cnt INTEGER;
  gpost_cnt INTEGER;
BEGIN
  SELECT COUNT(*) INTO user_cnt FROM auth.users WHERE email LIKE 'seed%@dodam.app';
  SELECT COUNT(*) INTO post_cnt FROM posts WHERE id::text LIKE 'a0000000%';
  SELECT COUNT(*) INTO comment_cnt FROM comments WHERE id::text LIKE 'c0000000%';
  SELECT COUNT(*) INTO review_cnt FROM reviews WHERE id::text LIKE 'ac000000%';
  SELECT COUNT(*) INTO market_cnt FROM market_items WHERE id::text LIKE 'ab000000%';
  SELECT COUNT(*) INTO feed_cnt FROM town_feed WHERE id::text LIKE 'f0000000%';
  SELECT COUNT(*) INTO gather_cnt FROM town_gatherings WHERE id::text LIKE 'b0000000%';
  SELECT COUNT(*) INTO like_cnt FROM post_likes WHERE id::text LIKE 'e0000000%';
  SELECT COUNT(*) INTO gp_cnt FROM gathering_participants WHERE id::text LIKE 'ad000000%';
  SELECT COUNT(*) INTO gpost_cnt FROM gathering_posts WHERE id::text LIKE 'ae000000%';

  RAISE NOTICE 'Community seed v2 complete!';
  RAISE NOTICE '  Users: %', user_cnt;
  RAISE NOTICE '  Posts: %', post_cnt;
  RAISE NOTICE '  Comments: %', comment_cnt;
  RAISE NOTICE '  Reviews: %', review_cnt;
  RAISE NOTICE '  Market items: %', market_cnt;
  RAISE NOTICE '  Town feed: %', feed_cnt;
  RAISE NOTICE '  Gatherings: %', gather_cnt;
  RAISE NOTICE '  Likes: %', like_cnt;
  RAISE NOTICE '  Gathering participants: %', gp_cnt;
  RAISE NOTICE '  Gathering posts: %', gpost_cnt;
END $$;
