INSERT INTO town_gatherings (id, creator_id, title, description, place_name, place_id, lat, lng, scheduled_at, max_participants, min_child_age_months, max_child_age_months, status, category, meeting_frequency, created_at) VALUES
  ('b0000000-0000-0000-0000-000000000001', 'd0000000-0000-0000-0000-000000000032', '용인 맘 네트워크', '아기와 함께하는 운동! 초보도 OK!', '용인 문화센터', NULL, 37.2490, 127.1712, now() + interval '42 days', 10, 8, 24, 'open', 'playgroup', 'weekly', now() + interval '26 days'),
  ('b0000000-0000-0000-0000-000000000002', 'd0000000-0000-0000-0000-000000000063', '창원 엄마 요가', '아기와 함께하는 운동! 초보도 OK!', '창원 도서관', NULL, 35.2237, 128.6733, now() + interval '75 days', 10, 6, 18, 'open', 'playgroup', 'biweekly', now() + interval '54 days'),
  ('b0000000-0000-0000-0000-000000000003', 'd0000000-0000-0000-0000-000000000014', '광주 맘 산책 모임', '매주 새로운 그림책과 놀이 활동! 📚', '광주 카페', NULL, 35.1621, 126.8546, now() + interval '72 days', 6, 6, 24, 'open', 'playgroup', 'biweekly', now() + interval '52 days'),
  ('b0000000-0000-0000-0000-000000000004', 'd0000000-0000-0000-0000-000000000006', '광주 아기 음악교실', '아기와 함께하는 운동! 초보도 OK!', '광주 육아센터', NULL, 35.1533, 126.8536, now() + interval '157 days', 6, 0, 24, 'open', 'hobby', 'monthly', now() + interval '129 days'),
  ('b0000000-0000-0000-0000-000000000005', 'd0000000-0000-0000-0000-000000000077', '성남 베이비 마사지', '유모차 가능한 코스만 갈 거예요! 🌿', '성남 도서관', NULL, 37.4239, 127.1193, now() - interval '116 days', 12, 8, 12, 'open', 'playgroup', 'weekly', now() - interval '131 days'),
  ('b0000000-0000-0000-0000-000000000006', 'd0000000-0000-0000-0000-000000000050', '제주 운동 모임', '유모차 가능한 코스만 갈 거예요! 🌿', '제주 요가센터', NULL, 33.5017, 126.5253, now() - interval '45 days', 6, 8, 24, 'open', 'playgroup', 'biweekly', now() - interval '57 days'),
  ('b0000000-0000-0000-0000-000000000007', 'd0000000-0000-0000-0000-000000000071', '인천 맘모임 ☕', '레시피 공유하고 같이 만들어봐요! 초보 맘 환영!', '인천 공원', NULL, 37.4497, 126.6961, now() + interval '175 days', 8, NULL, NULL, 'closed', 'study', 'monthly', now() + interval '165 days'),
  ('b0000000-0000-0000-0000-000000000008', 'd0000000-0000-0000-0000-000000000027', '포항 엄마 요가', '아기들과 함께하는 모임! 전문 강사님 계셔요.', '포항 도서관', NULL, 36.0113, 129.3465, now() + interval '169 days', 15, 6, 18, 'open', 'outdoor', 'monthly', now() + interval '157 days'),
  ('b0000000-0000-0000-0000-000000000009', 'd0000000-0000-0000-0000-000000000008', '서울 놀이 모임', '육아 수다 떨어요! 아기 데리고 와도 되는 곳에서 만나요~', '서울 요가센터', NULL, 37.5730, 126.9724, now() + interval '121 days', 15, NULL, NULL, 'open', 'hobby', 'biweekly', now() + interval '98 days'),
  ('b0000000-0000-0000-0000-000000000010', 'd0000000-0000-0000-0000-000000000081', '포항 맘 산책 모임', '매주 같이 운동하면서 건강도 챙기고 친구도 만들어요!', '포항 도서관', NULL, 36.0131, 129.3423, now() - interval '98 days', 12, NULL, NULL, 'open', 'hobby', 'monthly', now() - interval '112 days'),
  ('b0000000-0000-0000-0000-000000000011', 'd0000000-0000-0000-0000-000000000062', '대구 운동 모임', '매주 새로운 그림책과 놀이 활동! 📚', '대구 도서관', NULL, 35.8713, 128.6006, now() - interval '17 days', 8, 0, 24, 'open', 'study', 'biweekly', now() - interval '46 days'),
  ('b0000000-0000-0000-0000-000000000012', 'd0000000-0000-0000-0000-000000000078', '울산 아기 음악교실', '정보 공유하고 서로 응원해요! 💪', '울산 카페', NULL, 35.5298, 129.3028, now() + interval '26 days', 15, NULL, NULL, 'open', 'study', 'once', now() + interval '4 days'),
  ('b0000000-0000-0000-0000-000000000013', 'd0000000-0000-0000-0000-000000000050', '서울 맘 산책 모임', '아기들과 함께하는 모임! 전문 강사님 계셔요.', '서울 공원', NULL, 37.5587, 126.9683, now() + interval '48 days', 8, 0, 12, 'open', 'playgroup', 'biweekly', now() + interval '28 days'),
  ('b0000000-0000-0000-0000-000000000014', 'd0000000-0000-0000-0000-000000000044', '대구 맘카페 모임', '레시피 공유하고 같이 만들어봐요! 초보 맘 환영!', '대구 공원', NULL, 35.8654, 128.6010, now() - interval '115 days', 10, 8, 18, 'open', 'outdoor', 'once', now() - interval '140 days'),
  ('b0000000-0000-0000-0000-000000000015', 'd0000000-0000-0000-0000-000000000070', '인천 아기 수영 모임', '아기 재우고 엄마들끼리 책 읽는 모임이에요!', '인천 육아센터', NULL, 37.4467, 126.6961, now() - interval '95 days', 8, 0, 18, 'open', 'outdoor', 'monthly', now() - interval '110 days'),
  ('b0000000-0000-0000-0000-000000000016', 'd0000000-0000-0000-0000-000000000084', '고양 그림책 모임', '레시피 공유하고 같이 만들어봐요! 초보 맘 환영!', '고양 카페', NULL, 37.6529, 126.8396, now() + interval '97 days', 8, NULL, NULL, 'open', 'support', 'weekly', now() + interval '92 days'),
  ('b0000000-0000-0000-0000-000000000017', 'd0000000-0000-0000-0000-000000000016', '창원 이유식 스터디', '정보 공유하고 서로 응원해요! 💪', '창원 요가센터', NULL, 35.2355, 128.6895, now() - interval '147 days', 10, 3, 36, 'open', 'playgroup', 'biweekly', now() - interval '171 days'),
  ('b0000000-0000-0000-0000-000000000018', 'd0000000-0000-0000-0000-000000000037', '창원 아기 음악교실', '또래 아기들 모여서 놀아요! 감각 놀이, 그림책 읽기 등', '창원 도서관', NULL, 35.2345, 128.6765, now() - interval '23 days', 6, 0, 36, 'open', 'support', 'monthly', now() - interval '38 days'),
  ('b0000000-0000-0000-0000-000000000019', 'd0000000-0000-0000-0000-000000000062', '대구 아기 수영 모임', '아기와 함께하는 운동! 초보도 OK!', '대구 문화센터', NULL, 35.8637, 128.5999, now() + interval '149 days', 8, 3, 24, 'closed', 'hobby', 'biweekly', now() + interval '124 days'),
  ('b0000000-0000-0000-0000-000000000020', 'd0000000-0000-0000-0000-000000000078', '용인 임산부 모임', '아기 재우고 엄마들끼리 책 읽는 모임이에요!', '용인 육아센터', NULL, 37.2339, 127.1865, now() + interval '104 days', 15, 6, 36, 'open', 'study', 'once', now() + interval '99 days'),
  ('b0000000-0000-0000-0000-000000000021', 'd0000000-0000-0000-0000-000000000054', '김해 맘 산책 모임', '아기와 함께하는 운동! 초보도 OK!', '김해 카페', NULL, 35.2301, 128.8931, now() + interval '41 days', 8, 0, 24, 'open', 'study', 'weekly', now() + interval '35 days'),
  ('b0000000-0000-0000-0000-000000000022', 'd0000000-0000-0000-0000-000000000045', '창원 그림책 모임', '레시피 공유하고 같이 만들어봐요! 초보 맘 환영!', '창원 요가센터', NULL, 35.2340, 128.6884, now() + interval '41 days', 12, NULL, NULL, 'open', 'study', 'monthly', now() + interval '15 days'),
  ('b0000000-0000-0000-0000-000000000023', 'd0000000-0000-0000-0000-000000000090', '광주 맘모임 ☕', '아기들과 함께하는 모임! 전문 강사님 계셔요.', '광주 도서관', NULL, 35.1570, 126.8431, now() + interval '44 days', 15, NULL, NULL, 'open', 'support', 'monthly', now() + interval '41 days'),
  ('b0000000-0000-0000-0000-000000000024', 'd0000000-0000-0000-0000-000000000019', '대구 베이비 마사지', '레시피 공유하고 같이 만들어봐요! 초보 맘 환영!', '대구 육아센터', NULL, 35.8663, 128.5916, now() + interval '104 days', 8, 6, 24, 'open', 'support', 'biweekly', now() + interval '87 days'),
  ('b0000000-0000-0000-0000-000000000025', 'd0000000-0000-0000-0000-000000000089', '서울 맘 독서 모임', '레시피 공유하고 같이 만들어봐요! 초보 맘 환영!', '서울 카페', NULL, 37.5622, 126.9711, now() + interval '88 days', 12, 8, 36, 'open', 'playgroup', 'biweekly', now() + interval '67 days'),
  ('b0000000-0000-0000-0000-000000000026', 'd0000000-0000-0000-0000-000000000091', '수원 이유식 스터디', '유모차 가능한 코스만 갈 거예요! 🌿', '수원 육아센터', NULL, 37.2621, 127.0217, now() - interval '122 days', 15, 0, 18, 'open', 'playgroup', 'once', now() - interval '144 days'),
  ('b0000000-0000-0000-0000-000000000027', 'd0000000-0000-0000-0000-000000000089', '전주 이유식 스터디', '육아 수다 떨어요! 아기 데리고 와도 되는 곳에서 만나요~', '전주 공원', NULL, 35.8237, 127.1511, now() - interval '6 days', 12, NULL, NULL, 'open', 'support', 'once', now() - interval '20 days'),
  ('b0000000-0000-0000-0000-000000000028', 'd0000000-0000-0000-0000-000000000043', '서울 맘 산책 모임', '매주 같이 운동하면서 건강도 챙기고 친구도 만들어요!', '서울 카페', NULL, 37.5613, 126.9713, now() + interval '19 days', 10, 3, 18, 'open', 'playgroup', 'weekly', now() + interval '9 days'),
  ('b0000000-0000-0000-0000-000000000029', 'd0000000-0000-0000-0000-000000000073', '세종 맘모임 ☕', '아기와 함께하는 운동! 초보도 OK!', '세종 카페', NULL, 36.4710, 127.2689, now() - interval '58 days', 10, NULL, NULL, 'open', 'support', 'weekly', now() - interval '73 days'),
  ('b0000000-0000-0000-0000-000000000030', 'd0000000-0000-0000-0000-000000000041', '제주 임산부 모임', '아기 재우고 엄마들끼리 책 읽는 모임이에요!', '제주 카페', NULL, 33.5041, 126.5407, now() + interval '116 days', 15, 3, 12, 'open', 'playgroup', 'monthly', now() + interval '98 days'),
  ('b0000000-0000-0000-0000-000000000031', 'd0000000-0000-0000-0000-000000000005', '고양 아기 미술 놀이', '유모차 가능한 코스만 갈 거예요! 🌿', '고양 문화센터', NULL, 37.6516, 126.8356, now() + interval '47 days', 8, 3, 24, 'open', 'playgroup', 'weekly', now() + interval '34 days'),
  ('b0000000-0000-0000-0000-000000000032', 'd0000000-0000-0000-0000-000000000080', '천안 맘 산책 모임', '매주 같이 운동하면서 건강도 챙기고 친구도 만들어요!', '천안 요가센터', NULL, 36.8059, 127.1182, now() + interval '53 days', 6, 6, 36, 'open', 'support', 'biweekly', now() + interval '25 days'),
  ('b0000000-0000-0000-0000-000000000033', 'd0000000-0000-0000-0000-000000000099', '고양 아기 수영 모임', '매주 새로운 그림책과 놀이 활동! 📚', '고양 공원', NULL, 37.6593, 126.8414, now() - interval '134 days', 8, 6, 18, 'open', 'playgroup', 'once', now() - interval '148 days'),
  ('b0000000-0000-0000-0000-000000000034', 'd0000000-0000-0000-0000-000000000010', '대전 베이비 마사지', '매주 새로운 그림책과 놀이 활동! 📚', '대전 도서관', NULL, 36.3546, 127.3837, now() - interval '59 days', 8, 6, 24, 'open', 'support', 'monthly', now() - interval '74 days'),
  ('b0000000-0000-0000-0000-000000000035', 'd0000000-0000-0000-0000-000000000080', '광주 엄마 요가', '아기들과 함께하는 모임! 전문 강사님 계셔요.', '광주 도서관', NULL, 35.1583, 126.8528, now() + interval '179 days', 12, 8, 24, 'open', 'outdoor', 'monthly', now() + interval '175 days'),
  ('b0000000-0000-0000-0000-000000000036', 'd0000000-0000-0000-0000-000000000083', '부산 이유식 스터디', '아기들과 함께하는 모임! 전문 강사님 계셔요.', '부산 공원', NULL, 35.1844, 129.0705, now() + interval '73 days', 12, 3, 36, 'closed', 'outdoor', 'weekly', now() + interval '58 days'),
  ('b0000000-0000-0000-0000-000000000037', 'd0000000-0000-0000-0000-000000000086', '대구 아기 수영 모임', '아기들과 함께하는 모임! 전문 강사님 계셔요.', '대구 문화센터', NULL, 35.8684, 128.6008, now() - interval '80 days', 6, 8, 36, 'open', 'outdoor', 'once', now() - interval '85 days'),
  ('b0000000-0000-0000-0000-000000000038', 'd0000000-0000-0000-0000-000000000078', '청주 그림책 모임', '육아 수다 떨어요! 아기 데리고 와도 되는 곳에서 만나요~', '청주 요가센터', NULL, 36.6367, 127.4938, now() + interval '103 days', 8, 8, 18, 'open', 'playgroup', 'monthly', now() + interval '82 days'),
  ('b0000000-0000-0000-0000-000000000039', 'd0000000-0000-0000-0000-000000000077', '제주 맘 산책 모임', '육아 수다 떨어요! 아기 데리고 와도 되는 곳에서 만나요~', '제주 문화센터', NULL, 33.4908, 126.5374, now() - interval '155 days', 6, 6, 24, 'open', 'support', 'once', now() - interval '163 days'),
  ('b0000000-0000-0000-0000-000000000040', 'd0000000-0000-0000-0000-000000000009', '성남 맘 독서 모임', '유모차 가능한 코스만 갈 거예요! 🌿', '성남 도서관', NULL, 37.4181, 127.1227, now() - interval '97 days', 10, NULL, NULL, 'closed', 'support', 'once', now() - interval '110 days'),
  ('b0000000-0000-0000-0000-000000000041', 'd0000000-0000-0000-0000-000000000039', '대전 맘 독서 모임', '레시피 공유하고 같이 만들어봐요! 초보 맘 환영!', '대전 도서관', NULL, 36.3444, 127.3933, now() + interval '17 days', 12, 6, 36, 'open', 'support', 'once', now() - interval '3 days'),
  ('b0000000-0000-0000-0000-000000000042', 'd0000000-0000-0000-0000-000000000077', '울산 엄마 요가', '아기와 함께하는 운동! 초보도 OK!', '울산 카페', NULL, 35.5300, 129.3148, now() + interval '88 days', 8, 8, 18, 'open', 'outdoor', 'biweekly', now() + interval '82 days'),
  ('b0000000-0000-0000-0000-000000000043', 'd0000000-0000-0000-0000-000000000087', '천안 맘 네트워크', '매주 새로운 그림책과 놀이 활동! 📚', '천안 도서관', NULL, 36.8104, 127.1183, now() - interval '33 days', 15, NULL, NULL, 'open', 'support', 'biweekly', now() - interval '49 days'),
  ('b0000000-0000-0000-0000-000000000044', 'd0000000-0000-0000-0000-000000000100', '대전 맘 네트워크', '매주 같이 운동하면서 건강도 챙기고 친구도 만들어요!', '대전 카페', NULL, 36.3524, 127.3788, now() + interval '158 days', 10, 0, 24, 'closed', 'study', 'biweekly', now() + interval '129 days'),
  ('b0000000-0000-0000-0000-000000000045', 'd0000000-0000-0000-0000-000000000090', '청주 엄마 요가', '아기 재우고 엄마들끼리 책 읽는 모임이에요!', '청주 육아센터', NULL, 36.6454, 127.4881, now() + interval '134 days', 15, 3, 12, 'open', 'support', 'monthly', now() + interval '118 days'),
  ('b0000000-0000-0000-0000-000000000046', 'd0000000-0000-0000-0000-000000000071', '대전 아기 미술 놀이', '매주 같이 운동하면서 건강도 챙기고 친구도 만들어요!', '대전 카페', NULL, 36.3513, 127.3821, now() + interval '174 days', 6, 0, 12, 'open', 'support', 'monthly', now() + interval '158 days'),
  ('b0000000-0000-0000-0000-000000000047', 'd0000000-0000-0000-0000-000000000096', '포항 맘 네트워크', '또래 아기들 모여서 놀아요! 감각 놀이, 그림책 읽기 등', '포항 육아센터', NULL, 36.0110, 129.3424, now() + interval '39 days', 8, 3, 36, 'closed', 'outdoor', 'weekly', now() + interval '30 days'),
  ('b0000000-0000-0000-0000-000000000048', 'd0000000-0000-0000-0000-000000000016', '창원 맘모임 ☕', '아기와 함께하는 운동! 초보도 OK!', '창원 문화센터', NULL, 35.2364, 128.6894, now() + interval '80 days', 15, NULL, NULL, 'open', 'support', 'once', now() + interval '68 days'),
  ('b0000000-0000-0000-0000-000000000049', 'd0000000-0000-0000-0000-000000000054', '수원 맘모임 ☕', '레시피 공유하고 같이 만들어봐요! 초보 맘 환영!', '수원 공원', NULL, 37.2537, 127.0368, now() - interval '131 days', 15, 6, 24, 'open', 'playgroup', 'weekly', now() - interval '147 days'),
  ('b0000000-0000-0000-0000-000000000050', 'd0000000-0000-0000-0000-000000000051', '울산 이유식 스터디', '정보 공유하고 서로 응원해요! 💪', '울산 도서관', NULL, 35.5407, 129.3093, now() + interval '122 days', 8, 8, 24, 'open', 'playgroup', 'once', now() + interval '112 days')
ON CONFLICT (id) DO NOTHING;

INSERT INTO town_gatherings (id, creator_id, title, description, place_name, place_id, lat, lng, scheduled_at, max_participants, min_child_age_months, max_child_age_months, status, category, meeting_frequency, created_at) VALUES
  ('b0000000-0000-0000-0000-000000000051', 'd0000000-0000-0000-0000-000000000017', '김해 맘카페 모임', '아기 재우고 엄마들끼리 책 읽는 모임이에요!', '김해 문화센터', NULL, 35.2209, 128.8907, now() - interval '109 days', 10, NULL, NULL, 'open', 'support', 'monthly', now() - interval '112 days'),
  ('b0000000-0000-0000-0000-000000000052', 'd0000000-0000-0000-0000-000000000076', '광주 맘모임 ☕', '레시피 공유하고 같이 만들어봐요! 초보 맘 환영!', '광주 육아센터', NULL, 35.1501, 126.8568, now() + interval '69 days', 10, 3, 18, 'open', 'playgroup', 'once', now() + interval '57 days'),
  ('b0000000-0000-0000-0000-000000000053', 'd0000000-0000-0000-0000-000000000032', '제주 아기 음악교실', '레시피 공유하고 같이 만들어봐요! 초보 맘 환영!', '제주 도서관', NULL, 33.5050, 126.5344, now() - interval '147 days', 6, 6, 12, 'open', 'hobby', 'weekly', now() - interval '153 days'),
  ('b0000000-0000-0000-0000-000000000054', 'd0000000-0000-0000-0000-000000000037', '성남 아기 음악교실', '유모차 가능한 코스만 갈 거예요! 🌿', '성남 육아센터', NULL, 37.4279, 127.1186, now() - interval '156 days', 6, 0, 24, 'open', 'support', 'monthly', now() - interval '161 days'),
  ('b0000000-0000-0000-0000-000000000055', 'd0000000-0000-0000-0000-000000000054', '제주 이유식 스터디', '또래 아기들 모여서 놀아요! 감각 놀이, 그림책 읽기 등', '제주 카페', NULL, 33.5074, 126.5339, now() + interval '44 days', 8, 6, 36, 'closed', 'support', 'biweekly', now() + interval '31 days'),
  ('b0000000-0000-0000-0000-000000000056', 'd0000000-0000-0000-0000-000000000062', '포항 맘 산책 모임', '매주 같이 운동하면서 건강도 챙기고 친구도 만들어요!', '포항 카페', NULL, 36.0091, 129.3439, now() + interval '49 days', 15, NULL, NULL, 'closed', 'hobby', 'weekly', now() + interval '40 days'),
  ('b0000000-0000-0000-0000-000000000057', 'd0000000-0000-0000-0000-000000000015', '울산 놀이 모임', '또래 아기들 모여서 놀아요! 감각 놀이, 그림책 읽기 등', '울산 육아센터', NULL, 35.5290, 129.3042, now() + interval '179 days', 8, 0, 24, 'open', 'playgroup', 'biweekly', now() + interval '167 days'),
  ('b0000000-0000-0000-0000-000000000058', 'd0000000-0000-0000-0000-000000000064', '천안 이유식 스터디', '유모차 가능한 코스만 갈 거예요! 🌿', '천안 도서관', NULL, 36.8154, 127.1119, now() + interval '163 days', 10, 0, 36, 'open', 'study', 'monthly', now() + interval '151 days'),
  ('b0000000-0000-0000-0000-000000000059', 'd0000000-0000-0000-0000-000000000027', '청주 맘카페 모임', '아기와 함께하는 운동! 초보도 OK!', '청주 요가센터', NULL, 36.6411, 127.4879, now() - interval '77 days', 6, 8, 36, 'closed', 'outdoor', 'monthly', now() - interval '91 days'),
  ('b0000000-0000-0000-0000-000000000060', 'd0000000-0000-0000-0000-000000000009', '전주 운동 모임', '정보 공유하고 서로 응원해요! 💪', '전주 공원', NULL, 35.8175, 127.1387, now() - interval '19 days', 15, 6, 36, 'open', 'outdoor', 'monthly', now() - interval '47 days')
ON CONFLICT (id) DO NOTHING;


-- ────────────────────────────────────────────────
-- 8. 모임 참여자 (gathering_participants) — 200개
-- ────────────────────────────────────────────────
INSERT INTO gathering_participants (id, gathering_id, user_id, child_age_months, joined_at) VALUES
  ('ad000000-0000-0000-0000-000000000001', 'b0000000-0000-0000-0000-000000000051', 'd0000000-0000-0000-0000-000000000024', 4, now() - interval '108 days'),
  ('ad000000-0000-0000-0000-000000000002', 'b0000000-0000-0000-0000-000000000043', 'd0000000-0000-0000-0000-000000000048', 20, now() - interval '47 days'),
  ('ad000000-0000-0000-0000-000000000003', 'b0000000-0000-0000-0000-000000000001', 'd0000000-0000-0000-0000-000000000041', 21, now() + interval '30 days'),
  ('ad000000-0000-0000-0000-000000000004', 'b0000000-0000-0000-0000-000000000030', 'd0000000-0000-0000-0000-000000000073', 14, now() + interval '107 days'),
  ('ad000000-0000-0000-0000-000000000005', 'b0000000-0000-0000-0000-000000000005', 'd0000000-0000-0000-0000-000000000050', 13, now() - interval '122 days'),
  ('ad000000-0000-0000-0000-000000000006', 'b0000000-0000-0000-0000-000000000014', 'd0000000-0000-0000-0000-000000000014', 4, now() - interval '130 days'),
  ('ad000000-0000-0000-0000-000000000007', 'b0000000-0000-0000-0000-000000000058', 'd0000000-0000-0000-0000-000000000083', 27, now() + interval '157 days'),
  ('ad000000-0000-0000-0000-000000000008', 'b0000000-0000-0000-0000-000000000053', 'd0000000-0000-0000-0000-000000000041', NULL, now() - interval '152 days'),
  ('ad000000-0000-0000-0000-000000000009', 'b0000000-0000-0000-0000-000000000052', 'd0000000-0000-0000-0000-000000000064', 17, now() + interval '64 days'),
  ('ad000000-0000-0000-0000-000000000010', 'b0000000-0000-0000-0000-000000000008', 'd0000000-0000-0000-0000-000000000016', 20, now() + interval '167 days'),
  ('ad000000-0000-0000-0000-000000000011', 'b0000000-0000-0000-0000-000000000025', 'd0000000-0000-0000-0000-000000000031', 18, now() + interval '68 days'),
  ('ad000000-0000-0000-0000-000000000012', 'b0000000-0000-0000-0000-000000000042', 'd0000000-0000-0000-0000-000000000074', 29, now() + interval '87 days'),
  ('ad000000-0000-0000-0000-000000000013', 'b0000000-0000-0000-0000-000000000009', 'd0000000-0000-0000-0000-000000000052', NULL, now() + interval '107 days'),
  ('ad000000-0000-0000-0000-000000000014', 'b0000000-0000-0000-0000-000000000059', 'd0000000-0000-0000-0000-000000000068', NULL, now() - interval '80 days'),
  ('ad000000-0000-0000-0000-000000000015', 'b0000000-0000-0000-0000-000000000002', 'd0000000-0000-0000-0000-000000000009', 26, now() + interval '66 days'),
  ('ad000000-0000-0000-0000-000000000016', 'b0000000-0000-0000-0000-000000000020', 'd0000000-0000-0000-0000-000000000036', 22, now() + interval '106 days'),
  ('ad000000-0000-0000-0000-000000000017', 'b0000000-0000-0000-0000-000000000006', 'd0000000-0000-0000-0000-000000000072', 31, now() - interval '47 days'),
  ('ad000000-0000-0000-0000-000000000018', 'b0000000-0000-0000-0000-000000000004', 'd0000000-0000-0000-0000-000000000051', 29, now() + interval '137 days'),
  ('ad000000-0000-0000-0000-000000000019', 'b0000000-0000-0000-0000-000000000055', 'd0000000-0000-0000-0000-000000000083', 7, now() + interval '45 days'),
  ('ad000000-0000-0000-0000-000000000020', 'b0000000-0000-0000-0000-000000000024', 'd0000000-0000-0000-0000-000000000080', NULL, now() + interval '91 days'),
  ('ad000000-0000-0000-0000-000000000021', 'b0000000-0000-0000-0000-000000000004', 'd0000000-0000-0000-0000-000000000002', NULL, now() + interval '135 days'),
  ('ad000000-0000-0000-0000-000000000022', 'b0000000-0000-0000-0000-000000000056', 'd0000000-0000-0000-0000-000000000089', 14, now() + interval '43 days'),
  ('ad000000-0000-0000-0000-000000000023', 'b0000000-0000-0000-0000-000000000006', 'd0000000-0000-0000-0000-000000000025', 23, now() - interval '43 days'),
  ('ad000000-0000-0000-0000-000000000024', 'b0000000-0000-0000-0000-000000000058', 'd0000000-0000-0000-0000-000000000069', 3, now() + interval '156 days'),
  ('ad000000-0000-0000-0000-000000000025', 'b0000000-0000-0000-0000-000000000057', 'd0000000-0000-0000-0000-000000000006', NULL, now() + interval '172 days'),
  ('ad000000-0000-0000-0000-000000000026', 'b0000000-0000-0000-0000-000000000005', 'd0000000-0000-0000-0000-000000000034', 24, now() - interval '126 days'),
  ('ad000000-0000-0000-0000-000000000027', 'b0000000-0000-0000-0000-000000000045', 'd0000000-0000-0000-0000-000000000022', 29, now() + interval '120 days'),
  ('ad000000-0000-0000-0000-000000000028', 'b0000000-0000-0000-0000-000000000009', 'd0000000-0000-0000-0000-000000000041', 26, now() + interval '109 days'),
  ('ad000000-0000-0000-0000-000000000029', 'b0000000-0000-0000-0000-000000000029', 'd0000000-0000-0000-0000-000000000086', NULL, now() - interval '64 days'),
  ('ad000000-0000-0000-0000-000000000030', 'b0000000-0000-0000-0000-000000000016', 'd0000000-0000-0000-0000-000000000074', 31, now() + interval '97 days'),
  ('ad000000-0000-0000-0000-000000000031', 'b0000000-0000-0000-0000-000000000021', 'd0000000-0000-0000-0000-000000000099', 14, now() + interval '37 days'),
  ('ad000000-0000-0000-0000-000000000032', 'b0000000-0000-0000-0000-000000000017', 'd0000000-0000-0000-0000-000000000099', 5, now() - interval '165 days'),
  ('ad000000-0000-0000-0000-000000000033', 'b0000000-0000-0000-0000-000000000036', 'd0000000-0000-0000-0000-000000000032', 13, now() + interval '70 days'),
  ('ad000000-0000-0000-0000-000000000034', 'b0000000-0000-0000-0000-000000000005', 'd0000000-0000-0000-0000-000000000010', 3, now() - interval '127 days'),
  ('ad000000-0000-0000-0000-000000000035', 'b0000000-0000-0000-0000-000000000001', 'd0000000-0000-0000-0000-000000000086', 24, now() + interval '30 days'),
  ('ad000000-0000-0000-0000-000000000036', 'b0000000-0000-0000-0000-000000000032', 'd0000000-0000-0000-0000-000000000014', 33, now() + interval '34 days'),
  ('ad000000-0000-0000-0000-000000000037', 'b0000000-0000-0000-0000-000000000055', 'd0000000-0000-0000-0000-000000000041', 19, now() + interval '43 days'),
  ('ad000000-0000-0000-0000-000000000038', 'b0000000-0000-0000-0000-000000000030', 'd0000000-0000-0000-0000-000000000084', NULL, now() + interval '107 days'),
  ('ad000000-0000-0000-0000-000000000039', 'b0000000-0000-0000-0000-000000000007', 'd0000000-0000-0000-0000-000000000017', 23, now() + interval '172 days'),
  ('ad000000-0000-0000-0000-000000000040', 'b0000000-0000-0000-0000-000000000029', 'd0000000-0000-0000-0000-000000000080', 25, now() - interval '69 days'),
  ('ad000000-0000-0000-0000-000000000041', 'b0000000-0000-0000-0000-000000000005', 'd0000000-0000-0000-0000-000000000036', 19, now() - interval '117 days'),
  ('ad000000-0000-0000-0000-000000000042', 'b0000000-0000-0000-0000-000000000037', 'd0000000-0000-0000-0000-000000000083', NULL, now() - interval '77 days'),
  ('ad000000-0000-0000-0000-000000000043', 'b0000000-0000-0000-0000-000000000057', 'd0000000-0000-0000-0000-000000000014', 15, now() + interval '168 days'),
  ('ad000000-0000-0000-0000-000000000044', 'b0000000-0000-0000-0000-000000000058', 'd0000000-0000-0000-0000-000000000059', NULL, now() + interval '152 days'),
  ('ad000000-0000-0000-0000-000000000045', 'b0000000-0000-0000-0000-000000000031', 'd0000000-0000-0000-0000-000000000085', 22, now() + interval '39 days'),
  ('ad000000-0000-0000-0000-000000000046', 'b0000000-0000-0000-0000-000000000008', 'd0000000-0000-0000-0000-000000000071', NULL, now() + interval '164 days'),
  ('ad000000-0000-0000-0000-000000000047', 'b0000000-0000-0000-0000-000000000014', 'd0000000-0000-0000-0000-000000000020', 27, now() - interval '131 days'),
  ('ad000000-0000-0000-0000-000000000048', 'b0000000-0000-0000-0000-000000000022', 'd0000000-0000-0000-0000-000000000007', 23, now() + interval '17 days'),
  ('ad000000-0000-0000-0000-000000000049', 'b0000000-0000-0000-0000-000000000004', 'd0000000-0000-0000-0000-000000000084', 27, now() + interval '133 days'),
  ('ad000000-0000-0000-0000-000000000050', 'b0000000-0000-0000-0000-000000000019', 'd0000000-0000-0000-0000-000000000025', 17, now() + interval '133 days')
ON CONFLICT (id) DO NOTHING;

INSERT INTO gathering_participants (id, gathering_id, user_id, child_age_months, joined_at) VALUES
  ('ad000000-0000-0000-0000-000000000051', 'b0000000-0000-0000-0000-000000000039', 'd0000000-0000-0000-0000-000000000064', 6, now() - interval '152 days'),
  ('ad000000-0000-0000-0000-000000000052', 'b0000000-0000-0000-0000-000000000004', 'd0000000-0000-0000-0000-000000000083', 7, now() + interval '133 days'),
  ('ad000000-0000-0000-0000-000000000053', 'b0000000-0000-0000-0000-000000000008', 'd0000000-0000-0000-0000-000000000007', 36, now() + interval '162 days'),
  ('ad000000-0000-0000-0000-000000000054', 'b0000000-0000-0000-0000-000000000016', 'd0000000-0000-0000-0000-000000000009', 17, now() + interval '96 days'),
  ('ad000000-0000-0000-0000-000000000055', 'b0000000-0000-0000-0000-000000000057', 'd0000000-0000-0000-0000-000000000080', 25, now() + interval '174 days'),
  ('ad000000-0000-0000-0000-000000000056', 'b0000000-0000-0000-0000-000000000026', 'd0000000-0000-0000-0000-000000000013', 17, now() - interval '136 days'),
  ('ad000000-0000-0000-0000-000000000057', 'b0000000-0000-0000-0000-000000000014', 'd0000000-0000-0000-0000-000000000022', 22, now() - interval '129 days'),
  ('ad000000-0000-0000-0000-000000000058', 'b0000000-0000-0000-0000-000000000019', 'd0000000-0000-0000-0000-000000000091', 0, now() + interval '126 days'),
  ('ad000000-0000-0000-0000-000000000059', 'b0000000-0000-0000-0000-000000000012', 'd0000000-0000-0000-0000-000000000065', 30, now() + interval '16 days'),
  ('ad000000-0000-0000-0000-000000000060', 'b0000000-0000-0000-0000-000000000020', 'd0000000-0000-0000-0000-000000000089', 20, now() + interval '110 days'),
  ('ad000000-0000-0000-0000-000000000061', 'b0000000-0000-0000-0000-000000000005', 'd0000000-0000-0000-0000-000000000022', NULL, now() - interval '123 days'),
  ('ad000000-0000-0000-0000-000000000062', 'b0000000-0000-0000-0000-000000000010', 'd0000000-0000-0000-0000-000000000002', 27, now() - interval '106 days'),
  ('ad000000-0000-0000-0000-000000000063', 'b0000000-0000-0000-0000-000000000002', 'd0000000-0000-0000-0000-000000000023', 4, now() + interval '57 days'),
  ('ad000000-0000-0000-0000-000000000064', 'b0000000-0000-0000-0000-000000000044', 'd0000000-0000-0000-0000-000000000098', 22, now() + interval '137 days'),
  ('ad000000-0000-0000-0000-000000000065', 'b0000000-0000-0000-0000-000000000038', 'd0000000-0000-0000-0000-000000000001', 15, now() + interval '90 days'),
  ('ad000000-0000-0000-0000-000000000066', 'b0000000-0000-0000-0000-000000000008', 'd0000000-0000-0000-0000-000000000006', 36, now() + interval '168 days'),
  ('ad000000-0000-0000-0000-000000000067', 'b0000000-0000-0000-0000-000000000019', 'd0000000-0000-0000-0000-000000000030', 10, now() + interval '137 days'),
  ('ad000000-0000-0000-0000-000000000068', 'b0000000-0000-0000-0000-000000000010', 'd0000000-0000-0000-0000-000000000100', NULL, now() - interval '107 days'),
  ('ad000000-0000-0000-0000-000000000069', 'b0000000-0000-0000-0000-000000000052', 'd0000000-0000-0000-0000-000000000095', 31, now() + interval '69 days'),
  ('ad000000-0000-0000-0000-000000000070', 'b0000000-0000-0000-0000-000000000023', 'd0000000-0000-0000-0000-000000000070', 31, now() + interval '46 days'),
  ('ad000000-0000-0000-0000-000000000071', 'b0000000-0000-0000-0000-000000000024', 'd0000000-0000-0000-0000-000000000059', NULL, now() + interval '93 days'),
  ('ad000000-0000-0000-0000-000000000072', 'b0000000-0000-0000-0000-000000000020', 'd0000000-0000-0000-0000-000000000091', 33, now() + interval '112 days'),
  ('ad000000-0000-0000-0000-000000000073', 'b0000000-0000-0000-0000-000000000043', 'd0000000-0000-0000-0000-000000000077', 17, now() - interval '38 days'),
  ('ad000000-0000-0000-0000-000000000074', 'b0000000-0000-0000-0000-000000000034', 'd0000000-0000-0000-0000-000000000094', 9, now() - interval '67 days'),
  ('ad000000-0000-0000-0000-000000000075', 'b0000000-0000-0000-0000-000000000055', 'd0000000-0000-0000-0000-000000000029', 9, now() + interval '37 days'),
  ('ad000000-0000-0000-0000-000000000076', 'b0000000-0000-0000-0000-000000000032', 'd0000000-0000-0000-0000-000000000004', 27, now() + interval '31 days'),
  ('ad000000-0000-0000-0000-000000000077', 'b0000000-0000-0000-0000-000000000014', 'd0000000-0000-0000-0000-000000000096', NULL, now() - interval '133 days'),
  ('ad000000-0000-0000-0000-000000000078', 'b0000000-0000-0000-0000-000000000041', 'd0000000-0000-0000-0000-000000000014', 34, now() + interval '5 days'),
  ('ad000000-0000-0000-0000-000000000079', 'b0000000-0000-0000-0000-000000000057', 'd0000000-0000-0000-0000-000000000068', NULL, now() + interval '178 days'),
  ('ad000000-0000-0000-0000-000000000080', 'b0000000-0000-0000-0000-000000000023', 'd0000000-0000-0000-0000-000000000043', 26, now() + interval '46 days'),
  ('ad000000-0000-0000-0000-000000000081', 'b0000000-0000-0000-0000-000000000020', 'd0000000-0000-0000-0000-000000000025', NULL, now() + interval '108 days'),
  ('ad000000-0000-0000-0000-000000000082', 'b0000000-0000-0000-0000-000000000045', 'd0000000-0000-0000-0000-000000000044', 7, now() + interval '125 days'),
  ('ad000000-0000-0000-0000-000000000083', 'b0000000-0000-0000-0000-000000000051', 'd0000000-0000-0000-0000-000000000059', 22, now() - interval '107 days'),
  ('ad000000-0000-0000-0000-000000000084', 'b0000000-0000-0000-0000-000000000008', 'd0000000-0000-0000-0000-000000000002', 9, now() + interval '165 days'),
  ('ad000000-0000-0000-0000-000000000085', 'b0000000-0000-0000-0000-000000000044', 'd0000000-0000-0000-0000-000000000020', 18, now() + interval '139 days'),
  ('ad000000-0000-0000-0000-000000000086', 'b0000000-0000-0000-0000-000000000036', 'd0000000-0000-0000-0000-000000000086', NULL, now() + interval '66 days'),
  ('ad000000-0000-0000-0000-000000000087', 'b0000000-0000-0000-0000-000000000019', 'd0000000-0000-0000-0000-000000000009', 0, now() + interval '132 days'),
  ('ad000000-0000-0000-0000-000000000088', 'b0000000-0000-0000-0000-000000000003', 'd0000000-0000-0000-0000-000000000028', 7, now() + interval '53 days'),
  ('ad000000-0000-0000-0000-000000000089', 'b0000000-0000-0000-0000-000000000032', 'd0000000-0000-0000-0000-000000000040', NULL, now() + interval '31 days'),
  ('ad000000-0000-0000-0000-000000000090', 'b0000000-0000-0000-0000-000000000043', 'd0000000-0000-0000-0000-000000000001', NULL, now() - interval '46 days'),
  ('ad000000-0000-0000-0000-000000000091', 'b0000000-0000-0000-0000-000000000023', 'd0000000-0000-0000-0000-000000000037', 32, now() + interval '52 days'),
  ('ad000000-0000-0000-0000-000000000092', 'b0000000-0000-0000-0000-000000000050', 'd0000000-0000-0000-0000-000000000072', NULL, now() + interval '114 days'),
  ('ad000000-0000-0000-0000-000000000093', 'b0000000-0000-0000-0000-000000000046', 'd0000000-0000-0000-0000-000000000035', NULL, now() + interval '170 days'),
  ('ad000000-0000-0000-0000-000000000094', 'b0000000-0000-0000-0000-000000000013', 'd0000000-0000-0000-0000-000000000056', 5, now() + interval '33 days'),
  ('ad000000-0000-0000-0000-000000000095', 'b0000000-0000-0000-0000-000000000015', 'd0000000-0000-0000-0000-000000000005', 22, now() - interval '106 days'),
  ('ad000000-0000-0000-0000-000000000096', 'b0000000-0000-0000-0000-000000000052', 'd0000000-0000-0000-0000-000000000087', 27, now() + interval '64 days'),
  ('ad000000-0000-0000-0000-000000000097', 'b0000000-0000-0000-0000-000000000058', 'd0000000-0000-0000-0000-000000000013', 19, now() + interval '161 days'),
  ('ad000000-0000-0000-0000-000000000098', 'b0000000-0000-0000-0000-000000000020', 'd0000000-0000-0000-0000-000000000023', 20, now() + interval '112 days'),
  ('ad000000-0000-0000-0000-000000000099', 'b0000000-0000-0000-0000-000000000038', 'd0000000-0000-0000-0000-000000000018', 12, now() + interval '87 days'),
  ('ad000000-0000-0000-0000-000000000100', 'b0000000-0000-0000-0000-000000000009', 'd0000000-0000-0000-0000-000000000054', 19, now() + interval '103 days')
ON CONFLICT (id) DO NOTHING;

INSERT INTO gathering_participants (id, gathering_id, user_id, child_age_months, joined_at) VALUES
  ('ad000000-0000-0000-0000-000000000101', 'b0000000-0000-0000-0000-000000000006', 'd0000000-0000-0000-0000-000000000039', 29, now() - interval '48 days'),
  ('ad000000-0000-0000-0000-000000000102', 'b0000000-0000-0000-0000-000000000012', 'd0000000-0000-0000-0000-000000000049', 27, now() + interval '6 days'),
  ('ad000000-0000-0000-0000-000000000103', 'b0000000-0000-0000-0000-000000000009', 'd0000000-0000-0000-0000-000000000068', 20, now() + interval '107 days'),
  ('ad000000-0000-0000-0000-000000000104', 'b0000000-0000-0000-0000-000000000060', 'd0000000-0000-0000-0000-000000000088', 29, now() - interval '41 days'),
  ('ad000000-0000-0000-0000-000000000105', 'b0000000-0000-0000-0000-000000000028', 'd0000000-0000-0000-0000-000000000060', 26, now() + interval '17 days'),
  ('ad000000-0000-0000-0000-000000000106', 'b0000000-0000-0000-0000-000000000002', 'd0000000-0000-0000-0000-000000000072', NULL, now() + interval '67 days'),
  ('ad000000-0000-0000-0000-000000000107', 'b0000000-0000-0000-0000-000000000027', 'd0000000-0000-0000-0000-000000000012', 19, now() - interval '7 days'),
  ('ad000000-0000-0000-0000-000000000108', 'b0000000-0000-0000-0000-000000000016', 'd0000000-0000-0000-0000-000000000075', 8, now() + interval '102 days'),
  ('ad000000-0000-0000-0000-000000000109', 'b0000000-0000-0000-0000-000000000035', 'd0000000-0000-0000-0000-000000000073', 3, now() + interval '188 days'),
  ('ad000000-0000-0000-0000-000000000110', 'b0000000-0000-0000-0000-000000000055', 'd0000000-0000-0000-0000-000000000051', NULL, now() + interval '42 days'),
  ('ad000000-0000-0000-0000-000000000111', 'b0000000-0000-0000-0000-000000000001', 'd0000000-0000-0000-0000-000000000060', 33, now() + interval '34 days'),
  ('ad000000-0000-0000-0000-000000000112', 'b0000000-0000-0000-0000-000000000054', 'd0000000-0000-0000-0000-000000000007', NULL, now() - interval '156 days'),
  ('ad000000-0000-0000-0000-000000000113', 'b0000000-0000-0000-0000-000000000054', 'd0000000-0000-0000-0000-000000000084', NULL, now() - interval '151 days'),
  ('ad000000-0000-0000-0000-000000000114', 'b0000000-0000-0000-0000-000000000007', 'd0000000-0000-0000-0000-000000000038', 21, now() + interval '179 days'),
  ('ad000000-0000-0000-0000-000000000115', 'b0000000-0000-0000-0000-000000000004', 'd0000000-0000-0000-0000-000000000016', 32, now() + interval '141 days'),
  ('ad000000-0000-0000-0000-000000000116', 'b0000000-0000-0000-0000-000000000046', 'd0000000-0000-0000-0000-000000000007', 33, now() + interval '161 days'),
  ('ad000000-0000-0000-0000-000000000117', 'b0000000-0000-0000-0000-000000000036', 'd0000000-0000-0000-0000-000000000095', 8, now() + interval '62 days'),
  ('ad000000-0000-0000-0000-000000000118', 'b0000000-0000-0000-0000-000000000058', 'd0000000-0000-0000-0000-000000000087', 9, now() + interval '156 days'),
  ('ad000000-0000-0000-0000-000000000119', 'b0000000-0000-0000-0000-000000000041', 'd0000000-0000-0000-0000-000000000040', 0, now() + interval '10 days'),
  ('ad000000-0000-0000-0000-000000000120', 'b0000000-0000-0000-0000-000000000032', 'd0000000-0000-0000-0000-000000000080', 7, now() + interval '27 days'),
  ('ad000000-0000-0000-0000-000000000121', 'b0000000-0000-0000-0000-000000000001', 'd0000000-0000-0000-0000-000000000020', 7, now() + interval '35 days'),
  ('ad000000-0000-0000-0000-000000000122', 'b0000000-0000-0000-0000-000000000007', 'd0000000-0000-0000-0000-000000000032', 30, now() + interval '166 days'),
  ('ad000000-0000-0000-0000-000000000123', 'b0000000-0000-0000-0000-000000000054', 'd0000000-0000-0000-0000-000000000065', 3, now() - interval '159 days'),
  ('ad000000-0000-0000-0000-000000000124', 'b0000000-0000-0000-0000-000000000020', 'd0000000-0000-0000-0000-000000000052', 11, now() + interval '113 days'),
  ('ad000000-0000-0000-0000-000000000125', 'b0000000-0000-0000-0000-000000000016', 'd0000000-0000-0000-0000-000000000070', 28, now() + interval '106 days'),
  ('ad000000-0000-0000-0000-000000000126', 'b0000000-0000-0000-0000-000000000043', 'd0000000-0000-0000-0000-000000000079', NULL, now() - interval '46 days'),
  ('ad000000-0000-0000-0000-000000000127', 'b0000000-0000-0000-0000-000000000041', 'd0000000-0000-0000-0000-000000000003', NULL, now() + interval '11 days'),
  ('ad000000-0000-0000-0000-000000000128', 'b0000000-0000-0000-0000-000000000048', 'd0000000-0000-0000-0000-000000000085', 32, now() + interval '80 days'),
  ('ad000000-0000-0000-0000-000000000129', 'b0000000-0000-0000-0000-000000000045', 'd0000000-0000-0000-0000-000000000070', 30, now() + interval '123 days'),
  ('ad000000-0000-0000-0000-000000000130', 'b0000000-0000-0000-0000-000000000019', 'd0000000-0000-0000-0000-000000000086', NULL, now() + interval '134 days'),
  ('ad000000-0000-0000-0000-000000000131', 'b0000000-0000-0000-0000-000000000032', 'd0000000-0000-0000-0000-000000000048', 25, now() + interval '32 days'),
  ('ad000000-0000-0000-0000-000000000132', 'b0000000-0000-0000-0000-000000000045', 'd0000000-0000-0000-0000-000000000014', 27, now() + interval '121 days'),
  ('ad000000-0000-0000-0000-000000000133', 'b0000000-0000-0000-0000-000000000002', 'd0000000-0000-0000-0000-000000000037', 36, now() + interval '61 days'),
  ('ad000000-0000-0000-0000-000000000134', 'b0000000-0000-0000-0000-000000000001', 'd0000000-0000-0000-0000-000000000075', 28, now() + interval '27 days'),
  ('ad000000-0000-0000-0000-000000000135', 'b0000000-0000-0000-0000-000000000059', 'd0000000-0000-0000-0000-000000000046', 29, now() - interval '79 days'),
  ('ad000000-0000-0000-0000-000000000136', 'b0000000-0000-0000-0000-000000000030', 'd0000000-0000-0000-0000-000000000036', NULL, now() + interval '101 days'),
  ('ad000000-0000-0000-0000-000000000137', 'b0000000-0000-0000-0000-000000000023', 'd0000000-0000-0000-0000-000000000065', 32, now() + interval '45 days'),
  ('ad000000-0000-0000-0000-000000000138', 'b0000000-0000-0000-0000-000000000023', 'd0000000-0000-0000-0000-000000000091', 32, now() + interval '43 days'),
  ('ad000000-0000-0000-0000-000000000139', 'b0000000-0000-0000-0000-000000000012', 'd0000000-0000-0000-0000-000000000084', NULL, now() + interval '15 days'),
  ('ad000000-0000-0000-0000-000000000140', 'b0000000-0000-0000-0000-000000000047', 'd0000000-0000-0000-0000-000000000073', 8, now() + interval '35 days'),
  ('ad000000-0000-0000-0000-000000000141', 'b0000000-0000-0000-0000-000000000051', 'd0000000-0000-0000-0000-000000000098', 25, now() - interval '110 days'),
  ('ad000000-0000-0000-0000-000000000142', 'b0000000-0000-0000-0000-000000000059', 'd0000000-0000-0000-0000-000000000083', 30, now() - interval '81 days'),
  ('ad000000-0000-0000-0000-000000000143', 'b0000000-0000-0000-0000-000000000043', 'd0000000-0000-0000-0000-000000000024', 32, now() - interval '36 days'),
  ('ad000000-0000-0000-0000-000000000144', 'b0000000-0000-0000-0000-000000000043', 'd0000000-0000-0000-0000-000000000068', 20, now() - interval '39 days'),
  ('ad000000-0000-0000-0000-000000000145', 'b0000000-0000-0000-0000-000000000038', 'd0000000-0000-0000-0000-000000000045', 25, now() + interval '84 days'),
  ('ad000000-0000-0000-0000-000000000146', 'b0000000-0000-0000-0000-000000000003', 'd0000000-0000-0000-0000-000000000004', 10, now() + interval '56 days'),
  ('ad000000-0000-0000-0000-000000000147', 'b0000000-0000-0000-0000-000000000007', 'd0000000-0000-0000-0000-000000000086', NULL, now() + interval '176 days'),
  ('ad000000-0000-0000-0000-000000000148', 'b0000000-0000-0000-0000-000000000031', 'd0000000-0000-0000-0000-000000000042', 15, now() + interval '36 days'),
  ('ad000000-0000-0000-0000-000000000149', 'b0000000-0000-0000-0000-000000000058', 'd0000000-0000-0000-0000-000000000023', 24, now() + interval '164 days'),
  ('ad000000-0000-0000-0000-000000000150', 'b0000000-0000-0000-0000-000000000027', 'd0000000-0000-0000-0000-000000000009', NULL, now() - interval '15 days')
ON CONFLICT (id) DO NOTHING;

INSERT INTO gathering_participants (id, gathering_id, user_id, child_age_months, joined_at) VALUES
  ('ad000000-0000-0000-0000-000000000151', 'b0000000-0000-0000-0000-000000000008', 'd0000000-0000-0000-0000-000000000005', 4, now() + interval '165 days'),
  ('ad000000-0000-0000-0000-000000000152', 'b0000000-0000-0000-0000-000000000049', 'd0000000-0000-0000-0000-000000000048', 1, now() - interval '144 days'),
  ('ad000000-0000-0000-0000-000000000153', 'b0000000-0000-0000-0000-000000000021', 'd0000000-0000-0000-0000-000000000014', 24, now() + interval '38 days'),
  ('ad000000-0000-0000-0000-000000000154', 'b0000000-0000-0000-0000-000000000041', 'd0000000-0000-0000-0000-000000000074', 12, now() + interval '2 days'),
  ('ad000000-0000-0000-0000-000000000155', 'b0000000-0000-0000-0000-000000000032', 'd0000000-0000-0000-0000-000000000057', 14, now() + interval '29 days'),
  ('ad000000-0000-0000-0000-000000000156', 'b0000000-0000-0000-0000-000000000048', 'd0000000-0000-0000-0000-000000000021', 33, now() + interval '81 days'),
  ('ad000000-0000-0000-0000-000000000157', 'b0000000-0000-0000-0000-000000000051', 'd0000000-0000-0000-0000-000000000025', NULL, now() - interval '111 days'),
  ('ad000000-0000-0000-0000-000000000158', 'b0000000-0000-0000-0000-000000000041', 'd0000000-0000-0000-0000-000000000086', NULL, now() - interval '2 days'),
  ('ad000000-0000-0000-0000-000000000159', 'b0000000-0000-0000-0000-000000000052', 'd0000000-0000-0000-0000-000000000018', 23, now() + interval '70 days'),
  ('ad000000-0000-0000-0000-000000000160', 'b0000000-0000-0000-0000-000000000027', 'd0000000-0000-0000-0000-000000000073', 4, now() - interval '14 days'),
  ('ad000000-0000-0000-0000-000000000161', 'b0000000-0000-0000-0000-000000000012', 'd0000000-0000-0000-0000-000000000088', 33, now() + interval '12 days'),
  ('ad000000-0000-0000-0000-000000000162', 'b0000000-0000-0000-0000-000000000013', 'd0000000-0000-0000-0000-000000000027', 30, now() + interval '37 days'),
  ('ad000000-0000-0000-0000-000000000163', 'b0000000-0000-0000-0000-000000000023', 'd0000000-0000-0000-0000-000000000046', 35, now() + interval '55 days'),
  ('ad000000-0000-0000-0000-000000000164', 'b0000000-0000-0000-0000-000000000009', 'd0000000-0000-0000-0000-000000000009', 24, now() + interval '112 days'),
  ('ad000000-0000-0000-0000-000000000165', 'b0000000-0000-0000-0000-000000000005', 'd0000000-0000-0000-0000-000000000073', NULL, now() - interval '118 days'),
  ('ad000000-0000-0000-0000-000000000166', 'b0000000-0000-0000-0000-000000000034', 'd0000000-0000-0000-0000-000000000039', NULL, now() - interval '66 days'),
  ('ad000000-0000-0000-0000-000000000167', 'b0000000-0000-0000-0000-000000000015', 'd0000000-0000-0000-0000-000000000007', 21, now() - interval '109 days'),
  ('ad000000-0000-0000-0000-000000000168', 'b0000000-0000-0000-0000-000000000015', 'd0000000-0000-0000-0000-000000000038', 16, now() - interval '103 days'),
  ('ad000000-0000-0000-0000-000000000169', 'b0000000-0000-0000-0000-000000000046', 'd0000000-0000-0000-0000-000000000046', NULL, now() + interval '172 days'),
  ('ad000000-0000-0000-0000-000000000170', 'b0000000-0000-0000-0000-000000000011', 'd0000000-0000-0000-0000-000000000037', NULL, now() - interval '36 days'),
  ('ad000000-0000-0000-0000-000000000171', 'b0000000-0000-0000-0000-000000000016', 'd0000000-0000-0000-0000-000000000067', 32, now() + interval '97 days'),
  ('ad000000-0000-0000-0000-000000000172', 'b0000000-0000-0000-0000-000000000026', 'd0000000-0000-0000-0000-000000000080', NULL, now() - interval '132 days'),
  ('ad000000-0000-0000-0000-000000000173', 'b0000000-0000-0000-0000-000000000058', 'd0000000-0000-0000-0000-000000000015', 16, now() + interval '162 days'),
  ('ad000000-0000-0000-0000-000000000174', 'b0000000-0000-0000-0000-000000000002', 'd0000000-0000-0000-0000-000000000005', 16, now() + interval '58 days'),
  ('ad000000-0000-0000-0000-000000000175', 'b0000000-0000-0000-0000-000000000022', 'd0000000-0000-0000-0000-000000000098', NULL, now() + interval '19 days'),
  ('ad000000-0000-0000-0000-000000000176', 'b0000000-0000-0000-0000-000000000036', 'd0000000-0000-0000-0000-000000000094', 3, now() + interval '62 days'),
  ('ad000000-0000-0000-0000-000000000177', 'b0000000-0000-0000-0000-000000000032', 'd0000000-0000-0000-0000-000000000010', 36, now() + interval '35 days'),
  ('ad000000-0000-0000-0000-000000000178', 'b0000000-0000-0000-0000-000000000045', 'd0000000-0000-0000-0000-000000000098', 22, now() + interval '120 days'),
  ('ad000000-0000-0000-0000-000000000179', 'b0000000-0000-0000-0000-000000000027', 'd0000000-0000-0000-0000-000000000077', 5, now() - interval '11 days'),
  ('ad000000-0000-0000-0000-000000000180', 'b0000000-0000-0000-0000-000000000031', 'd0000000-0000-0000-0000-000000000017', 2, now() + interval '36 days'),
  ('ad000000-0000-0000-0000-000000000181', 'b0000000-0000-0000-0000-000000000003', 'd0000000-0000-0000-0000-000000000064', 22, now() + interval '59 days'),
  ('ad000000-0000-0000-0000-000000000182', 'b0000000-0000-0000-0000-000000000031', 'd0000000-0000-0000-0000-000000000039', 14, now() + interval '35 days'),
  ('ad000000-0000-0000-0000-000000000183', 'b0000000-0000-0000-0000-000000000060', 'd0000000-0000-0000-0000-000000000008', NULL, now() - interval '34 days'),
  ('ad000000-0000-0000-0000-000000000184', 'b0000000-0000-0000-0000-000000000052', 'd0000000-0000-0000-0000-000000000026', 24, now() + interval '68 days'),
  ('ad000000-0000-0000-0000-000000000185', 'b0000000-0000-0000-0000-000000000044', 'd0000000-0000-0000-0000-000000000095', NULL, now() + interval '137 days'),
  ('ad000000-0000-0000-0000-000000000186', 'b0000000-0000-0000-0000-000000000004', 'd0000000-0000-0000-0000-000000000050', 8, now() + interval '136 days'),
  ('ad000000-0000-0000-0000-000000000187', 'b0000000-0000-0000-0000-000000000045', 'd0000000-0000-0000-0000-000000000055', 7, now() + interval '126 days'),
  ('ad000000-0000-0000-0000-000000000188', 'b0000000-0000-0000-0000-000000000008', 'd0000000-0000-0000-0000-000000000079', 23, now() + interval '163 days'),
  ('ad000000-0000-0000-0000-000000000189', 'b0000000-0000-0000-0000-000000000013', 'd0000000-0000-0000-0000-000000000044', 3, now() + interval '32 days'),
  ('ad000000-0000-0000-0000-000000000190', 'b0000000-0000-0000-0000-000000000015', 'd0000000-0000-0000-0000-000000000012', 14, now() - interval '103 days'),
  ('ad000000-0000-0000-0000-000000000191', 'b0000000-0000-0000-0000-000000000048', 'd0000000-0000-0000-0000-000000000097', 34, now() + interval '78 days'),
  ('ad000000-0000-0000-0000-000000000192', 'b0000000-0000-0000-0000-000000000003', 'd0000000-0000-0000-0000-000000000002', 15, now() + interval '66 days'),
  ('ad000000-0000-0000-0000-000000000193', 'b0000000-0000-0000-0000-000000000004', 'd0000000-0000-0000-0000-000000000010', NULL, now() + interval '137 days'),
  ('ad000000-0000-0000-0000-000000000194', 'b0000000-0000-0000-0000-000000000012', 'd0000000-0000-0000-0000-000000000037', NULL, now() + interval '10 days'),
  ('ad000000-0000-0000-0000-000000000195', 'b0000000-0000-0000-0000-000000000039', 'd0000000-0000-0000-0000-000000000084', 18, now() - interval '160 days'),
  ('ad000000-0000-0000-0000-000000000196', 'b0000000-0000-0000-0000-000000000039', 'd0000000-0000-0000-0000-000000000051', 7, now() - interval '152 days'),
  ('ad000000-0000-0000-0000-000000000197', 'b0000000-0000-0000-0000-000000000017', 'd0000000-0000-0000-0000-000000000070', 22, now() - interval '157 days'),
  ('ad000000-0000-0000-0000-000000000198', 'b0000000-0000-0000-0000-000000000015', 'd0000000-0000-0000-0000-000000000057', 23, now() - interval '97 days'),
  ('ad000000-0000-0000-0000-000000000199', 'b0000000-0000-0000-0000-000000000036', 'd0000000-0000-0000-0000-000000000038', 15, now() + interval '67 days'),
  ('ad000000-0000-0000-0000-000000000200', 'b0000000-0000-0000-0000-000000000058', 'd0000000-0000-0000-0000-000000000035', 34, now() + interval '160 days')
ON CONFLICT (id) DO NOTHING;


-- ────────────────────────────────────────────────
-- 9. 모임 게시글 (gathering_posts) — 120개
-- ────────────────────────────────────────────────
INSERT INTO gathering_posts (id, gathering_id, user_id, content, created_at) VALUES
  ('ae000000-0000-0000-0000-000000000001', 'b0000000-0000-0000-0000-000000000007', 'd0000000-0000-0000-0000-000000000007', '새로 합류하신 분 환영해요! 🎉', now() + interval '173 days'),
  ('ae000000-0000-0000-0000-000000000002', 'b0000000-0000-0000-0000-000000000006', 'd0000000-0000-0000-0000-000000000027', '이번 주 준비물: 돗자리', now() - interval '48 days'),
  ('ae000000-0000-0000-0000-000000000003', 'b0000000-0000-0000-0000-000000000048', 'd0000000-0000-0000-0000-000000000071', '모임 사진 올려요! 아기들이 너무 귀여웠어요 📸', now() + interval '69 days'),
  ('ae000000-0000-0000-0000-000000000004', 'b0000000-0000-0000-0000-000000000016', 'd0000000-0000-0000-0000-000000000090', '참석 확인 부탁드려요! 현재 10명 참석 예정이에요.', now() + interval '95 days'),
  ('ae000000-0000-0000-0000-000000000005', 'b0000000-0000-0000-0000-000000000002', 'd0000000-0000-0000-0000-000000000064', '이번 주 모임 장소가 변경됐어요! 새 장소에서 만나요~', now() + interval '63 days'),
  ('ae000000-0000-0000-0000-000000000006', 'b0000000-0000-0000-0000-000000000053', 'd0000000-0000-0000-0000-000000000011', '이번 주 모임 장소가 변경됐어요! 새 장소에서 만나요~', now() - interval '138 days'),
  ('ae000000-0000-0000-0000-000000000007', 'b0000000-0000-0000-0000-000000000002', 'd0000000-0000-0000-0000-000000000049', '이번 주 주제는 이유식 만들기이에요! 다들 준비해오세요~', now() + interval '60 days'),
  ('ae000000-0000-0000-0000-000000000008', 'b0000000-0000-0000-0000-000000000025', 'd0000000-0000-0000-0000-000000000024', '이번 주 주제는 이유식 만들기이에요! 다들 준비해오세요~', now() + interval '68 days'),
  ('ae000000-0000-0000-0000-000000000009', 'b0000000-0000-0000-0000-000000000035', 'd0000000-0000-0000-0000-000000000098', '새로 합류하신 분 환영해요! 🎉', now() + interval '183 days'),
  ('ae000000-0000-0000-0000-000000000010', 'b0000000-0000-0000-0000-000000000052', 'd0000000-0000-0000-0000-000000000097', '간식 준비했어요! 다들 빈 손으로 오세요 ㅎㅎ', now() + interval '67 days'),
  ('ae000000-0000-0000-0000-000000000011', 'b0000000-0000-0000-0000-000000000047', 'd0000000-0000-0000-0000-000000000080', '이번 주 주제는 감각놀이이에요! 다들 준비해오세요~', now() + interval '33 days'),
  ('ae000000-0000-0000-0000-000000000012', 'b0000000-0000-0000-0000-000000000036', 'd0000000-0000-0000-0000-000000000050', '다음 모임 일정 투표해주세요! 수요일 vs 목요일', now() + interval '71 days'),
  ('ae000000-0000-0000-0000-000000000013', 'b0000000-0000-0000-0000-000000000037', 'd0000000-0000-0000-0000-000000000093', '간식 준비했어요! 다들 빈 손으로 오세요 ㅎㅎ', now() - interval '80 days'),
  ('ae000000-0000-0000-0000-000000000014', 'b0000000-0000-0000-0000-000000000025', 'd0000000-0000-0000-0000-000000000060', '모임 사진 올려요! 아기들이 너무 귀여웠어요 📸', now() + interval '75 days'),
  ('ae000000-0000-0000-0000-000000000015', 'b0000000-0000-0000-0000-000000000006', 'd0000000-0000-0000-0000-000000000032', '비가 오면 실내로 변경할게요! 날씨 확인해주세요 ☔', now() - interval '56 days'),
  ('ae000000-0000-0000-0000-000000000016', 'b0000000-0000-0000-0000-000000000040', 'd0000000-0000-0000-0000-000000000036', '새로 합류하신 분 환영해요! 🎉', now() - interval '90 days'),
  ('ae000000-0000-0000-0000-000000000017', 'b0000000-0000-0000-0000-000000000052', 'd0000000-0000-0000-0000-000000000099', '간식 준비했어요! 다들 빈 손으로 오세요 ㅎㅎ', now() + interval '75 days'),
  ('ae000000-0000-0000-0000-000000000018', 'b0000000-0000-0000-0000-000000000043', 'd0000000-0000-0000-0000-000000000042', '다음 모임 일정 투표해주세요! 수요일 vs 목요일', now() - interval '35 days'),
  ('ae000000-0000-0000-0000-000000000019', 'b0000000-0000-0000-0000-000000000002', 'd0000000-0000-0000-0000-000000000057', '이번 주 모임 장소가 변경됐어요! 새 장소에서 만나요~', now() + interval '69 days'),
  ('ae000000-0000-0000-0000-000000000020', 'b0000000-0000-0000-0000-000000000041', 'd0000000-0000-0000-0000-000000000072', '모임 사진 올려요! 아기들이 너무 귀여웠어요 📸', now() + interval '5 days'),
  ('ae000000-0000-0000-0000-000000000021', 'b0000000-0000-0000-0000-000000000058', 'd0000000-0000-0000-0000-000000000079', '비가 오면 실내로 변경할게요! 날씨 확인해주세요 ☔', now() + interval '156 days'),
  ('ae000000-0000-0000-0000-000000000022', 'b0000000-0000-0000-0000-000000000017', 'd0000000-0000-0000-0000-000000000099', '다음 모임 일정 투표해주세요! 수요일 vs 목요일', now() - interval '167 days'),
  ('ae000000-0000-0000-0000-000000000023', 'b0000000-0000-0000-0000-000000000015', 'd0000000-0000-0000-0000-000000000081', '이번 주 준비물: 물통', now() - interval '103 days'),
  ('ae000000-0000-0000-0000-000000000024', 'b0000000-0000-0000-0000-000000000008', 'd0000000-0000-0000-0000-000000000084', '이번 주 모임 장소가 변경됐어요! 새 장소에서 만나요~', now() + interval '175 days'),
  ('ae000000-0000-0000-0000-000000000025', 'b0000000-0000-0000-0000-000000000021', 'd0000000-0000-0000-0000-000000000006', '비가 오면 실내로 변경할게요! 날씨 확인해주세요 ☔', now() + interval '43 days'),
  ('ae000000-0000-0000-0000-000000000026', 'b0000000-0000-0000-0000-000000000017', 'd0000000-0000-0000-0000-000000000003', '새로 합류하신 분 환영해요! 🎉', now() - interval '152 days'),
  ('ae000000-0000-0000-0000-000000000027', 'b0000000-0000-0000-0000-000000000016', 'd0000000-0000-0000-0000-000000000045', '지난번 모임 너무 좋았어요! 다음에도 참석할게요~ 😊', now() + interval '95 days'),
  ('ae000000-0000-0000-0000-000000000028', 'b0000000-0000-0000-0000-000000000033', 'd0000000-0000-0000-0000-000000000010', '모임 사진 올려요! 아기들이 너무 귀여웠어요 📸', now() - interval '135 days'),
  ('ae000000-0000-0000-0000-000000000029', 'b0000000-0000-0000-0000-000000000005', 'd0000000-0000-0000-0000-000000000083', '이번 주 주제는 수면교육이에요! 다들 준비해오세요~', now() - interval '121 days'),
  ('ae000000-0000-0000-0000-000000000030', 'b0000000-0000-0000-0000-000000000039', 'd0000000-0000-0000-0000-000000000047', '새로 합류하신 분 환영해요! 🎉', now() - interval '148 days'),
  ('ae000000-0000-0000-0000-000000000031', 'b0000000-0000-0000-0000-000000000019', 'd0000000-0000-0000-0000-000000000080', '이번 주 모임 장소가 변경됐어요! 새 장소에서 만나요~', now() + interval '133 days'),
  ('ae000000-0000-0000-0000-000000000032', 'b0000000-0000-0000-0000-000000000060', 'd0000000-0000-0000-0000-000000000020', '간식 준비했어요! 다들 빈 손으로 오세요 ㅎㅎ', now() - interval '37 days'),
  ('ae000000-0000-0000-0000-000000000033', 'b0000000-0000-0000-0000-000000000033', 'd0000000-0000-0000-0000-000000000092', '비가 오면 실내로 변경할게요! 날씨 확인해주세요 ☔', now() - interval '142 days'),
  ('ae000000-0000-0000-0000-000000000034', 'b0000000-0000-0000-0000-000000000025', 'd0000000-0000-0000-0000-000000000075', '이번 주 모임 장소가 변경됐어요! 새 장소에서 만나요~', now() + interval '79 days'),
  ('ae000000-0000-0000-0000-000000000035', 'b0000000-0000-0000-0000-000000000049', 'd0000000-0000-0000-0000-000000000084', '지난번 모임 너무 좋았어요! 다음에도 참석할게요~ 😊', now() - interval '130 days'),
  ('ae000000-0000-0000-0000-000000000036', 'b0000000-0000-0000-0000-000000000047', 'd0000000-0000-0000-0000-000000000016', '비가 오면 실내로 변경할게요! 날씨 확인해주세요 ☔', now() + interval '46 days'),
  ('ae000000-0000-0000-0000-000000000037', 'b0000000-0000-0000-0000-000000000034', 'd0000000-0000-0000-0000-000000000057', '새로 합류하신 분 환영해요! 🎉', now() - interval '67 days'),
  ('ae000000-0000-0000-0000-000000000038', 'b0000000-0000-0000-0000-000000000022', 'd0000000-0000-0000-0000-000000000032', '새로 합류하신 분 환영해요! 🎉', now() + interval '18 days'),
  ('ae000000-0000-0000-0000-000000000039', 'b0000000-0000-0000-0000-000000000045', 'd0000000-0000-0000-0000-000000000031', '참석 확인 부탁드려요! 현재 8명 참석 예정이에요.', now() + interval '120 days'),
  ('ae000000-0000-0000-0000-000000000040', 'b0000000-0000-0000-0000-000000000023', 'd0000000-0000-0000-0000-000000000072', '비가 오면 실내로 변경할게요! 날씨 확인해주세요 ☔', now() + interval '60 days'),
  ('ae000000-0000-0000-0000-000000000041', 'b0000000-0000-0000-0000-000000000015', 'd0000000-0000-0000-0000-000000000058', '이번 주 주제는 그림책 읽기이에요! 다들 준비해오세요~', now() - interval '93 days'),
  ('ae000000-0000-0000-0000-000000000042', 'b0000000-0000-0000-0000-000000000016', 'd0000000-0000-0000-0000-000000000100', '이번 주 주제는 그림책 읽기이에요! 다들 준비해오세요~', now() + interval '111 days'),
  ('ae000000-0000-0000-0000-000000000043', 'b0000000-0000-0000-0000-000000000017', 'd0000000-0000-0000-0000-000000000037', '새로 합류하신 분 환영해요! 🎉', now() - interval '158 days'),
  ('ae000000-0000-0000-0000-000000000044', 'b0000000-0000-0000-0000-000000000027', 'd0000000-0000-0000-0000-000000000065', '이번 주 준비물: 그림책', now() - interval '15 days'),
  ('ae000000-0000-0000-0000-000000000045', 'b0000000-0000-0000-0000-000000000057', 'd0000000-0000-0000-0000-000000000059', '이번 주 모임 장소가 변경됐어요! 새 장소에서 만나요~', now() + interval '175 days'),
  ('ae000000-0000-0000-0000-000000000046', 'b0000000-0000-0000-0000-000000000049', 'd0000000-0000-0000-0000-000000000071', '참석 확인 부탁드려요! 현재 5명 참석 예정이에요.', now() - interval '146 days'),
  ('ae000000-0000-0000-0000-000000000047', 'b0000000-0000-0000-0000-000000000054', 'd0000000-0000-0000-0000-000000000056', '이번 주 모임 장소가 변경됐어요! 새 장소에서 만나요~', now() - interval '157 days'),
  ('ae000000-0000-0000-0000-000000000048', 'b0000000-0000-0000-0000-000000000033', 'd0000000-0000-0000-0000-000000000068', '이번 주 주제는 아기 발달이에요! 다들 준비해오세요~', now() - interval '136 days'),
  ('ae000000-0000-0000-0000-000000000049', 'b0000000-0000-0000-0000-000000000045', 'd0000000-0000-0000-0000-000000000072', '모임 사진 올려요! 아기들이 너무 귀여웠어요 📸', now() + interval '128 days'),
  ('ae000000-0000-0000-0000-000000000050', 'b0000000-0000-0000-0000-000000000058', 'd0000000-0000-0000-0000-000000000044', '간식 준비했어요! 다들 빈 손으로 오세요 ㅎㅎ', now() + interval '152 days')
ON CONFLICT (id) DO NOTHING;

INSERT INTO gathering_posts (id, gathering_id, user_id, content, created_at) VALUES
  ('ae000000-0000-0000-0000-000000000051', 'b0000000-0000-0000-0000-000000000005', 'd0000000-0000-0000-0000-000000000095', '새로 합류하신 분 환영해요! 🎉', now() - interval '118 days'),
  ('ae000000-0000-0000-0000-000000000052', 'b0000000-0000-0000-0000-000000000019', 'd0000000-0000-0000-0000-000000000097', '참석 확인 부탁드려요! 현재 5명 참석 예정이에요.', now() + interval '142 days'),
  ('ae000000-0000-0000-0000-000000000053', 'b0000000-0000-0000-0000-000000000059', 'd0000000-0000-0000-0000-000000000066', '지난번 모임 너무 좋았어요! 다음에도 참석할게요~ 😊', now() - interval '71 days'),
  ('ae000000-0000-0000-0000-000000000054', 'b0000000-0000-0000-0000-000000000030', 'd0000000-0000-0000-0000-000000000049', '새로 합류하신 분 환영해요! 🎉', now() + interval '101 days'),
  ('ae000000-0000-0000-0000-000000000055', 'b0000000-0000-0000-0000-000000000015', 'd0000000-0000-0000-0000-000000000039', '참석 확인 부탁드려요! 현재 9명 참석 예정이에요.', now() - interval '101 days'),
  ('ae000000-0000-0000-0000-000000000056', 'b0000000-0000-0000-0000-000000000021', 'd0000000-0000-0000-0000-000000000050', '새로 합류하신 분 환영해요! 🎉', now() + interval '36 days'),
  ('ae000000-0000-0000-0000-000000000057', 'b0000000-0000-0000-0000-000000000053', 'd0000000-0000-0000-0000-000000000095', '모임 사진 올려요! 아기들이 너무 귀여웠어요 📸', now() - interval '135 days'),
  ('ae000000-0000-0000-0000-000000000058', 'b0000000-0000-0000-0000-000000000057', 'd0000000-0000-0000-0000-000000000079', '새로 합류하신 분 환영해요! 🎉', now() + interval '172 days'),
  ('ae000000-0000-0000-0000-000000000059', 'b0000000-0000-0000-0000-000000000008', 'd0000000-0000-0000-0000-000000000037', '다음 모임 일정 투표해주세요! 수요일 vs 목요일', now() + interval '162 days'),
  ('ae000000-0000-0000-0000-000000000060', 'b0000000-0000-0000-0000-000000000019', 'd0000000-0000-0000-0000-000000000034', '간식 준비했어요! 다들 빈 손으로 오세요 ㅎㅎ', now() + interval '132 days'),
  ('ae000000-0000-0000-0000-000000000061', 'b0000000-0000-0000-0000-000000000010', 'd0000000-0000-0000-0000-000000000013', '모임 사진 올려요! 아기들이 너무 귀여웠어요 📸', now() - interval '112 days'),
  ('ae000000-0000-0000-0000-000000000062', 'b0000000-0000-0000-0000-000000000039', 'd0000000-0000-0000-0000-000000000006', '비가 오면 실내로 변경할게요! 날씨 확인해주세요 ☔', now() - interval '163 days'),
  ('ae000000-0000-0000-0000-000000000063', 'b0000000-0000-0000-0000-000000000032', 'd0000000-0000-0000-0000-000000000004', '새로 합류하신 분 환영해요! 🎉', now() + interval '39 days'),
  ('ae000000-0000-0000-0000-000000000064', 'b0000000-0000-0000-0000-000000000034', 'd0000000-0000-0000-0000-000000000017', '참석 확인 부탁드려요! 현재 4명 참석 예정이에요.', now() - interval '60 days'),
  ('ae000000-0000-0000-0000-000000000065', 'b0000000-0000-0000-0000-000000000057', 'd0000000-0000-0000-0000-000000000056', '참석 확인 부탁드려요! 현재 5명 참석 예정이에요.', now() + interval '175 days'),
  ('ae000000-0000-0000-0000-000000000066', 'b0000000-0000-0000-0000-000000000047', 'd0000000-0000-0000-0000-000000000086', '지난번 모임 너무 좋았어요! 다음에도 참석할게요~ 😊', now() + interval '37 days'),
  ('ae000000-0000-0000-0000-000000000067', 'b0000000-0000-0000-0000-000000000047', 'd0000000-0000-0000-0000-000000000010', '새로 합류하신 분 환영해요! 🎉', now() + interval '38 days'),
  ('ae000000-0000-0000-0000-000000000068', 'b0000000-0000-0000-0000-000000000030', 'd0000000-0000-0000-0000-000000000081', '비가 오면 실내로 변경할게요! 날씨 확인해주세요 ☔', now() + interval '108 days'),
  ('ae000000-0000-0000-0000-000000000069', 'b0000000-0000-0000-0000-000000000058', 'd0000000-0000-0000-0000-000000000005', '이번 주 주제는 아기 수영이에요! 다들 준비해오세요~', now() + interval '157 days'),
  ('ae000000-0000-0000-0000-000000000070', 'b0000000-0000-0000-0000-000000000054', 'd0000000-0000-0000-0000-000000000072', '이번 주 모임 장소가 변경됐어요! 새 장소에서 만나요~', now() - interval '154 days'),
  ('ae000000-0000-0000-0000-000000000071', 'b0000000-0000-0000-0000-000000000009', 'd0000000-0000-0000-0000-000000000076', '이번 주 주제는 수면교육이에요! 다들 준비해오세요~', now() + interval '106 days'),
  ('ae000000-0000-0000-0000-000000000072', 'b0000000-0000-0000-0000-000000000031', 'd0000000-0000-0000-0000-000000000020', '참석 확인 부탁드려요! 현재 10명 참석 예정이에요.', now() + interval '43 days'),
  ('ae000000-0000-0000-0000-000000000073', 'b0000000-0000-0000-0000-000000000009', 'd0000000-0000-0000-0000-000000000026', '지난번 모임 너무 좋았어요! 다음에도 참석할게요~ 😊', now() + interval '98 days'),
  ('ae000000-0000-0000-0000-000000000074', 'b0000000-0000-0000-0000-000000000028', 'd0000000-0000-0000-0000-000000000009', '참석 확인 부탁드려요! 현재 6명 참석 예정이에요.', now() + interval '14 days'),
  ('ae000000-0000-0000-0000-000000000075', 'b0000000-0000-0000-0000-000000000003', 'd0000000-0000-0000-0000-000000000054', '다음 모임 일정 투표해주세요! 수요일 vs 목요일', now() + interval '72 days'),
  ('ae000000-0000-0000-0000-000000000076', 'b0000000-0000-0000-0000-000000000023', 'd0000000-0000-0000-0000-000000000062', '비가 오면 실내로 변경할게요! 날씨 확인해주세요 ☔', now() + interval '48 days'),
  ('ae000000-0000-0000-0000-000000000077', 'b0000000-0000-0000-0000-000000000057', 'd0000000-0000-0000-0000-000000000038', '참석 확인 부탁드려요! 현재 9명 참석 예정이에요.', now() + interval '186 days'),
  ('ae000000-0000-0000-0000-000000000078', 'b0000000-0000-0000-0000-000000000023', 'd0000000-0000-0000-0000-000000000070', '참석 확인 부탁드려요! 현재 6명 참석 예정이에요.', now() + interval '44 days'),
  ('ae000000-0000-0000-0000-000000000079', 'b0000000-0000-0000-0000-000000000057', 'd0000000-0000-0000-0000-000000000097', '다음 모임 일정 투표해주세요! 수요일 vs 목요일', now() + interval '174 days'),
  ('ae000000-0000-0000-0000-000000000080', 'b0000000-0000-0000-0000-000000000043', 'd0000000-0000-0000-0000-000000000055', '지난번 모임 너무 좋았어요! 다음에도 참석할게요~ 😊', now() - interval '46 days'),
  ('ae000000-0000-0000-0000-000000000081', 'b0000000-0000-0000-0000-000000000023', 'd0000000-0000-0000-0000-000000000090', '이번 주 주제는 수면교육이에요! 다들 준비해오세요~', now() + interval '56 days'),
  ('ae000000-0000-0000-0000-000000000082', 'b0000000-0000-0000-0000-000000000039', 'd0000000-0000-0000-0000-000000000053', '모임 사진 올려요! 아기들이 너무 귀여웠어요 📸', now() - interval '147 days'),
  ('ae000000-0000-0000-0000-000000000083', 'b0000000-0000-0000-0000-000000000014', 'd0000000-0000-0000-0000-000000000053', '이번 주 모임 장소가 변경됐어요! 새 장소에서 만나요~', now() - interval '132 days'),
  ('ae000000-0000-0000-0000-000000000084', 'b0000000-0000-0000-0000-000000000044', 'd0000000-0000-0000-0000-000000000041', '이번 주 주제는 산후 운동이에요! 다들 준비해오세요~', now() + interval '142 days'),
  ('ae000000-0000-0000-0000-000000000085', 'b0000000-0000-0000-0000-000000000026', 'd0000000-0000-0000-0000-000000000034', '이번 주 모임 장소가 변경됐어요! 새 장소에서 만나요~', now() - interval '134 days'),
  ('ae000000-0000-0000-0000-000000000086', 'b0000000-0000-0000-0000-000000000041', 'd0000000-0000-0000-0000-000000000006', '다음 모임 일정 투표해주세요! 수요일 vs 목요일', now() + interval '15 days'),
  ('ae000000-0000-0000-0000-000000000087', 'b0000000-0000-0000-0000-000000000057', 'd0000000-0000-0000-0000-000000000022', '비가 오면 실내로 변경할게요! 날씨 확인해주세요 ☔', now() + interval '186 days'),
  ('ae000000-0000-0000-0000-000000000088', 'b0000000-0000-0000-0000-000000000040', 'd0000000-0000-0000-0000-000000000043', '이번 주 준비물: 그림책', now() - interval '110 days'),
  ('ae000000-0000-0000-0000-000000000089', 'b0000000-0000-0000-0000-000000000052', 'd0000000-0000-0000-0000-000000000049', '지난번 모임 너무 좋았어요! 다음에도 참석할게요~ 😊', now() + interval '68 days'),
  ('ae000000-0000-0000-0000-000000000090', 'b0000000-0000-0000-0000-000000000050', 'd0000000-0000-0000-0000-000000000099', '비가 오면 실내로 변경할게요! 날씨 확인해주세요 ☔', now() + interval '128 days'),
  ('ae000000-0000-0000-0000-000000000091', 'b0000000-0000-0000-0000-000000000014', 'd0000000-0000-0000-0000-000000000047', '비가 오면 실내로 변경할게요! 날씨 확인해주세요 ☔', now() - interval '133 days'),
  ('ae000000-0000-0000-0000-000000000092', 'b0000000-0000-0000-0000-000000000019', 'd0000000-0000-0000-0000-000000000021', '새로 합류하신 분 환영해요! 🎉', now() + interval '141 days'),
  ('ae000000-0000-0000-0000-000000000093', 'b0000000-0000-0000-0000-000000000047', 'd0000000-0000-0000-0000-000000000032', '이번 주 모임 장소가 변경됐어요! 새 장소에서 만나요~', now() + interval '46 days'),
  ('ae000000-0000-0000-0000-000000000094', 'b0000000-0000-0000-0000-000000000007', 'd0000000-0000-0000-0000-000000000065', '이번 주 주제는 감각놀이이에요! 다들 준비해오세요~', now() + interval '170 days'),
  ('ae000000-0000-0000-0000-000000000095', 'b0000000-0000-0000-0000-000000000019', 'd0000000-0000-0000-0000-000000000039', '이번 주 모임 장소가 변경됐어요! 새 장소에서 만나요~', now() + interval '125 days'),
  ('ae000000-0000-0000-0000-000000000096', 'b0000000-0000-0000-0000-000000000018', 'd0000000-0000-0000-0000-000000000096', '지난번 모임 너무 좋았어요! 다음에도 참석할게요~ 😊', now() - interval '18 days'),
  ('ae000000-0000-0000-0000-000000000097', 'b0000000-0000-0000-0000-000000000026', 'd0000000-0000-0000-0000-000000000017', '다음 모임 일정 투표해주세요! 수요일 vs 목요일', now() - interval '142 days'),
  ('ae000000-0000-0000-0000-000000000098', 'b0000000-0000-0000-0000-000000000033', 'd0000000-0000-0000-0000-000000000093', '이번 주 주제는 이유식 만들기이에요! 다들 준비해오세요~', now() - interval '145 days'),
  ('ae000000-0000-0000-0000-000000000099', 'b0000000-0000-0000-0000-000000000048', 'd0000000-0000-0000-0000-000000000076', '이번 주 주제는 산후 운동이에요! 다들 준비해오세요~', now() + interval '78 days'),
  ('ae000000-0000-0000-0000-000000000100', 'b0000000-0000-0000-0000-000000000028', 'd0000000-0000-0000-0000-000000000066', '이번 주 모임 장소가 변경됐어요! 새 장소에서 만나요~', now() + interval '15 days')
ON CONFLICT (id) DO NOTHING;

INSERT INTO gathering_posts (id, gathering_id, user_id, content, created_at) VALUES
  ('ae000000-0000-0000-0000-000000000101', 'b0000000-0000-0000-0000-000000000007', 'd0000000-0000-0000-0000-000000000034', '간식 준비했어요! 다들 빈 손으로 오세요 ㅎㅎ', now() + interval '178 days'),
  ('ae000000-0000-0000-0000-000000000102', 'b0000000-0000-0000-0000-000000000006', 'd0000000-0000-0000-0000-000000000029', '이번 주 주제는 아기 발달이에요! 다들 준비해오세요~', now() - interval '48 days'),
  ('ae000000-0000-0000-0000-000000000103', 'b0000000-0000-0000-0000-000000000059', 'd0000000-0000-0000-0000-000000000090', '비가 오면 실내로 변경할게요! 날씨 확인해주세요 ☔', now() - interval '91 days'),
  ('ae000000-0000-0000-0000-000000000104', 'b0000000-0000-0000-0000-000000000032', 'd0000000-0000-0000-0000-000000000094', '이번 주 주제는 산후 운동이에요! 다들 준비해오세요~', now() + interval '39 days'),
  ('ae000000-0000-0000-0000-000000000105', 'b0000000-0000-0000-0000-000000000015', 'd0000000-0000-0000-0000-000000000074', '이번 주 모임 장소가 변경됐어요! 새 장소에서 만나요~', now() - interval '96 days'),
  ('ae000000-0000-0000-0000-000000000106', 'b0000000-0000-0000-0000-000000000024', 'd0000000-0000-0000-0000-000000000062', '간식 준비했어요! 다들 빈 손으로 오세요 ㅎㅎ', now() + interval '97 days'),
  ('ae000000-0000-0000-0000-000000000107', 'b0000000-0000-0000-0000-000000000010', 'd0000000-0000-0000-0000-000000000081', '지난번 모임 너무 좋았어요! 다음에도 참석할게요~ 😊', now() - interval '106 days'),
  ('ae000000-0000-0000-0000-000000000108', 'b0000000-0000-0000-0000-000000000056', 'd0000000-0000-0000-0000-000000000063', '간식 준비했어요! 다들 빈 손으로 오세요 ㅎㅎ', now() + interval '52 days'),
  ('ae000000-0000-0000-0000-000000000109', 'b0000000-0000-0000-0000-000000000040', 'd0000000-0000-0000-0000-000000000061', '비가 오면 실내로 변경할게요! 날씨 확인해주세요 ☔', now() - interval '109 days'),
  ('ae000000-0000-0000-0000-000000000110', 'b0000000-0000-0000-0000-000000000050', 'd0000000-0000-0000-0000-000000000064', '다음 모임 일정 투표해주세요! 수요일 vs 목요일', now() + interval '116 days'),
  ('ae000000-0000-0000-0000-000000000111', 'b0000000-0000-0000-0000-000000000003', 'd0000000-0000-0000-0000-000000000042', '간식 준비했어요! 다들 빈 손으로 오세요 ㅎㅎ', now() + interval '60 days'),
  ('ae000000-0000-0000-0000-000000000112', 'b0000000-0000-0000-0000-000000000045', 'd0000000-0000-0000-0000-000000000027', '비가 오면 실내로 변경할게요! 날씨 확인해주세요 ☔', now() + interval '128 days'),
  ('ae000000-0000-0000-0000-000000000113', 'b0000000-0000-0000-0000-000000000042', 'd0000000-0000-0000-0000-000000000031', '새로 합류하신 분 환영해요! 🎉', now() + interval '98 days'),
  ('ae000000-0000-0000-0000-000000000114', 'b0000000-0000-0000-0000-000000000036', 'd0000000-0000-0000-0000-000000000095', '지난번 모임 너무 좋았어요! 다음에도 참석할게요~ 😊', now() + interval '70 days'),
  ('ae000000-0000-0000-0000-000000000115', 'b0000000-0000-0000-0000-000000000009', 'd0000000-0000-0000-0000-000000000097', '이번 주 모임 장소가 변경됐어요! 새 장소에서 만나요~', now() + interval '103 days'),
  ('ae000000-0000-0000-0000-000000000116', 'b0000000-0000-0000-0000-000000000013', 'd0000000-0000-0000-0000-000000000057', '지난번 모임 너무 좋았어요! 다음에도 참석할게요~ 😊', now() + interval '33 days'),
  ('ae000000-0000-0000-0000-000000000117', 'b0000000-0000-0000-0000-000000000041', 'd0000000-0000-0000-0000-000000000068', '참석 확인 부탁드려요! 현재 9명 참석 예정이에요.', now() + interval '9 days'),
  ('ae000000-0000-0000-0000-000000000118', 'b0000000-0000-0000-0000-000000000001', 'd0000000-0000-0000-0000-000000000038', '지난번 모임 너무 좋았어요! 다음에도 참석할게요~ 😊', now() + interval '42 days'),
  ('ae000000-0000-0000-0000-000000000119', 'b0000000-0000-0000-0000-000000000021', 'd0000000-0000-0000-0000-000000000079', '새로 합류하신 분 환영해요! 🎉', now() + interval '39 days'),
  ('ae000000-0000-0000-0000-000000000120', 'b0000000-0000-0000-0000-000000000019', 'd0000000-0000-0000-0000-000000000067', '모임 사진 올려요! 아기들이 너무 귀여웠어요 📸', now() + interval '140 days')
ON CONFLICT (id) DO NOTHING;


-- ────────────────────────────────────────────────
-- 10. 장소 팁 (place_tips) — 50개
-- ────────────────────────────────────────────────
INSERT INTO place_tips (id, place_id, tip, votes, created_at) VALUES
  ('af000000-0000-0000-0000-000000000001', 'place_성남_academy', '놀이방 있음', 7, now() + interval '35 days'),
  ('af000000-0000-0000-0000-000000000002', 'place_대전_restaurant', '전용 주차 공간 있음', 1, now() - interval '46 days'),
  ('af000000-0000-0000-0000-000000000003', 'place_광주_academy', '기저귀 교환대 있음', 1, now() - interval '49 days'),
  ('af000000-0000-0000-0000-000000000004', 'place_울산_hospital', '카페 근처에 있음', 15, now() - interval '16 days'),
  ('af000000-0000-0000-0000-000000000005', 'place_전주_restaurant', '야간 진료 가능', 3, now() - interval '144 days'),
  ('af000000-0000-0000-0000-000000000006', 'place_수원_playground', '유모차 출입 가능', 7, now() - interval '110 days'),
  ('af000000-0000-0000-0000-000000000007', 'place_세종_playground', '아기 메뉴 있음', 20, now() + interval '66 days'),
  ('af000000-0000-0000-0000-000000000008', 'place_포항_restaurant', '바닥 폭신한 안전 놀이터', 3, now() + interval '27 days'),
  ('af000000-0000-0000-0000-000000000009', 'place_울산_playground', '야간 진료 가능', 9, now() + interval '33 days'),
  ('af000000-0000-0000-0000-000000000010', 'place_김해_restaurant', '에어컨 시원함', 11, now() + interval '152 days'),
  ('af000000-0000-0000-0000-000000000011', 'place_성남_restaurant', '전용 주차 공간 있음', 7, now() - interval '60 days'),
  ('af000000-0000-0000-0000-000000000012', 'place_울산_hospital', '실내 놀이 공간 있음', 5, now() - interval '122 days'),
  ('af000000-0000-0000-0000-000000000013', 'place_서울_playground', '기저귀 교환대 있음', 2, now() - interval '113 days'),
  ('af000000-0000-0000-0000-000000000014', 'place_천안_academy', '이유식 데워주심', 10, now() + interval '31 days'),
  ('af000000-0000-0000-0000-000000000015', 'place_수원_restaurant', '에어컨 시원함', 13, now() + interval '122 days'),
  ('af000000-0000-0000-0000-000000000016', 'place_창원_playground', '엘리베이터 있음', 11, now() + interval '155 days'),
  ('af000000-0000-0000-0000-000000000017', 'place_울산_cafe', '주차 무료', 23, now() - interval '112 days'),
  ('af000000-0000-0000-0000-000000000018', 'place_포항_academy', '전용 주차 공간 있음', 23, now() + interval '176 days'),
  ('af000000-0000-0000-0000-000000000019', 'place_인천_restaurant', '화장실 깨끗함', 21, now() - interval '7 days'),
  ('af000000-0000-0000-0000-000000000020', 'place_창원_academy', '아기 메뉴 있음', 24, now() + interval '158 days'),
  ('af000000-0000-0000-0000-000000000021', 'place_포항_cafe', '에어컨 시원함', 12, now() - interval '3 days'),
  ('af000000-0000-0000-0000-000000000022', 'place_울산_academy', '아기 메뉴 있음', 17, now() - interval '151 days'),
  ('af000000-0000-0000-0000-000000000023', 'place_고양_playground', '아기 의자 제공', 12, now() + interval '129 days'),
  ('af000000-0000-0000-0000-000000000024', 'place_서울_restaurant', '주차 무료', 2, now() + interval '165 days'),
  ('af000000-0000-0000-0000-000000000025', 'place_청주_academy', '수유실 있음', 23, now() + interval '71 days'),
  ('af000000-0000-0000-0000-000000000026', 'place_부산_restaurant', '유모차 출입 가능', 23, now() + interval '156 days'),
  ('af000000-0000-0000-0000-000000000027', 'place_전주_academy', '야간 진료 가능', 16, now() + interval '166 days'),
  ('af000000-0000-0000-0000-000000000028', 'place_포항_hospital', '수유실 있음', 12, now() - interval '40 days'),
  ('af000000-0000-0000-0000-000000000029', 'place_대전_cafe', '기저귀 교환대 있음', 14, now() + interval '31 days'),
  ('af000000-0000-0000-0000-000000000030', 'place_부산_academy', '수유실 있음', 11, now() - interval '140 days'),
  ('af000000-0000-0000-0000-000000000031', 'place_성남_cafe', '실내 놀이 공간 있음', 24, now() - interval '173 days'),
  ('af000000-0000-0000-0000-000000000032', 'place_용인_cafe', '물놀이 가능', 24, now() + interval '133 days'),
  ('af000000-0000-0000-0000-000000000033', 'place_서울_academy', '화장실 깨끗함', 22, now() + interval '17 days'),
  ('af000000-0000-0000-0000-000000000034', 'place_울산_restaurant', '주말 사전 예약 필수', 24, now() - interval '45 days'),
  ('af000000-0000-0000-0000-000000000035', 'place_전주_hospital', '주차 무료', 20, now() - interval '130 days'),
  ('af000000-0000-0000-0000-000000000036', 'place_천안_cafe', '유모차 출입 가능', 10, now() - interval '90 days'),
  ('af000000-0000-0000-0000-000000000037', 'place_인천_playground', '놀이방 있음', 19, now() + interval '23 days'),
  ('af000000-0000-0000-0000-000000000038', 'place_세종_academy', '기저귀 교환대 있음', 4, now() + interval '47 days'),
  ('af000000-0000-0000-0000-000000000039', 'place_대구_cafe', '이유식 데워주심', 19, now() + interval '6 days'),
  ('af000000-0000-0000-0000-000000000040', 'place_대전_hospital', '바닥 폭신한 안전 놀이터', 21, now() - interval '21 days'),
  ('af000000-0000-0000-0000-000000000041', 'place_수원_playground', '바닥 폭신한 안전 놀이터', 24, now() + interval '34 days'),
  ('af000000-0000-0000-0000-000000000042', 'place_고양_hospital', '에어컨 시원함', 23, now() - interval '72 days'),
  ('af000000-0000-0000-0000-000000000043', 'place_광주_restaurant', '이유식 데워주심', 14, now() - interval '49 days'),
  ('af000000-0000-0000-0000-000000000044', 'place_성남_cafe', '야간 진료 가능', 10, now() - interval '113 days'),
  ('af000000-0000-0000-0000-000000000045', 'place_성남_hospital', '전용 주차 공간 있음', 12, now() + interval '90 days'),
  ('af000000-0000-0000-0000-000000000046', 'place_김해_academy', '야간 진료 가능', 2, now() + interval '150 days'),
  ('af000000-0000-0000-0000-000000000047', 'place_제주_cafe', '카페 근처에 있음', 19, now() - interval '180 days'),
  ('af000000-0000-0000-0000-000000000048', 'place_천안_playground', '키즈존 있음', 7, now() - interval '129 days'),
  ('af000000-0000-0000-0000-000000000049', 'place_포항_playground', '기저귀 교환대 있음', 17, now() + interval '67 days'),
  ('af000000-0000-0000-0000-000000000050', 'place_울산_academy', '주차 무료', 2, now() + interval '133 days')
ON CONFLICT (place_id, tip) DO NOTHING;


-- ────────────────────────────────────────────────
-- 11. 동네 마켓 (town_market) — 30개
-- ────────────────────────────────────────────────
INSERT INTO town_market (id, user_id, user_name, title, description, category, price, photo_url, lat, lng, status, created_at) VALUES
  ('ba000000-0000-0000-0000-000000000001', 'd0000000-0000-0000-0000-000000000085', '쿠키맘', '아기 띠 (에르고베이비)', '2년 사용했지만 상태 좋아요. 사진 참고해주세요.', 'baby_gear', 50000, NULL, 36.3499, 127.3838, 'available', now() - interval '145 days'),
  ('ba000000-0000-0000-0000-000000000002', 'd0000000-0000-0000-0000-000000000049', '수박씨맘', '아기 봄 옷 모음 (80)', '2년 사용했지만 상태 좋아요. 사진 참고해주세요.', 'clothing', 0, NULL, 36.4881, 127.2556, 'available', now() - interval '92 days'),
  ('ba000000-0000-0000-0000-000000000003', 'd0000000-0000-0000-0000-000000000002', '별이엄마', '뽀로로 블록 세트', '출산 선물로 받았는데 겹쳐서 내놔요. 미개봉이에요!', 'toys', 15000, NULL, 36.8146, 127.1106, 'available', now() + interval '48 days'),
  ('ba000000-0000-0000-0000-000000000004', 'd0000000-0000-0000-0000-000000000046', '별빛맘', '이유식 보온도시락', '1년 사용, 전체적으로 깨끗해요. 직거래 희망!', 'baby_gear', 12000, NULL, 36.3497, 127.3782, 'available', now() - interval '158 days'),
  ('ba000000-0000-0000-0000-000000000005', 'd0000000-0000-0000-0000-000000000059', '달콤이맘', '아기 그림책 15권 나눔', '박스 포함, 부품 다 있어요. 설명서도 드려요!', 'books', 0, NULL, 36.4840, 127.2638, 'available', now() + interval '63 days'),
  ('ba000000-0000-0000-0000-000000000006', 'd0000000-0000-0000-0000-000000000033', '바다엄마', '범보 의자 + 트레이', '새 상품이에요! 선물 받았는데 이미 있어서요.', 'baby_gear', 30000, NULL, 35.2290, 128.6808, 'available', now() + interval '11 days'),
  ('ba000000-0000-0000-0000-000000000007', 'd0000000-0000-0000-0000-000000000030', '꿈꾸는나무', '아기 겨울 패딩 (80)', '사용감 약간 있지만 기능은 완벽해요!', 'clothing', 20000, NULL, 35.2207, 128.8877, 'available', now() - interval '148 days'),
  ('ba000000-0000-0000-0000-000000000008', 'd0000000-0000-0000-0000-000000000052', '오렌지맘', '레고 듀플로 세트', '박스 포함, 부품 다 있어요. 설명서도 드려요!', 'toys', 25000, NULL, 37.5598, 126.9713, 'available', now() - interval '153 days'),
  ('ba000000-0000-0000-0000-000000000009', 'd0000000-0000-0000-0000-000000000090', '피아노맘', '젖병 소독기', '세탁 완료했어요! 깨끗한 상태예요.', 'feeding', 18000, NULL, 35.5474, 129.3128, 'available', now() - interval '170 days'),
  ('ba000000-0000-0000-0000-000000000010', 'd0000000-0000-0000-0000-000000000043', '은방울맘', '아기 옷장 (2단)', '사용감 약간 있지만 기능은 완벽해요!', 'furniture', 35000, NULL, 35.1890, 129.0718, 'available', now() + interval '89 days'),
  ('ba000000-0000-0000-0000-000000000011', 'd0000000-0000-0000-0000-000000000059', '달콤이맘', '아기 신발 (130)', '잘 소독해서 보내드릴게요 💕 무료 나눔이에요!', 'clothing', 8000, NULL, 36.3496, 127.3877, 'available', now() - interval '45 days'),
  ('ba000000-0000-0000-0000-000000000012', 'd0000000-0000-0000-0000-000000000039', '튤립엄마', '촉감 그림책 세트', '1년 사용, 전체적으로 깨끗해요. 직거래 희망!', 'books', 12000, NULL, 35.8651, 128.6086, 'available', now() + interval '63 days'),
  ('ba000000-0000-0000-0000-000000000013', 'd0000000-0000-0000-0000-000000000020', '라떼맘', '수유쿠션', '2년 사용했지만 상태 좋아요. 사진 참고해주세요.', 'feeding', 15000, NULL, 36.0259, 129.3410, 'available', now() + interval '89 days'),
  ('ba000000-0000-0000-0000-000000000014', 'd0000000-0000-0000-0000-000000000013', '토끼엄마', '아기 싱크대 욕조', '아기가 좋아했던 제품이에요. 다른 분도 잘 쓰시길!', 'baby_gear', 10000, NULL, 36.0227, 129.3475, 'available', now() + interval '172 days'),
  ('ba000000-0000-0000-0000-000000000015', 'd0000000-0000-0000-0000-000000000049', '수박씨맘', '유모차 정리함', '우리 아기가 좋아했어요! 추천합니다 ㅎㅎ', 'baby_gear', 8000, NULL, 35.8283, 127.1533, 'available', now() - interval '33 days'),
  ('ba000000-0000-0000-0000-000000000016', 'd0000000-0000-0000-0000-000000000041', '단풍맘', '아기 모자 3개 세트', '사용감 약간 있지만 기능은 완벽해요!', 'clothing', 5000, NULL, 35.1575, 126.8491, 'available', now() - interval '173 days'),
  ('ba000000-0000-0000-0000-000000000017', 'd0000000-0000-0000-0000-000000000094', '옥수수맘', '동요 사운드북', '우리 아기가 좋아했어요! 추천합니다 ㅎㅎ', 'toys', 10000, NULL, 36.8170, 127.1146, 'available', now() - interval '172 days'),
  ('ba000000-0000-0000-0000-000000000018', 'd0000000-0000-0000-0000-000000000095', '살구맘', '이유식 조리기', '박스 포함, 부품 다 있어요. 설명서도 드려요!', 'feeding', 22000, NULL, 37.5609, 126.9802, 'available', now() + interval '95 days'),
  ('ba000000-0000-0000-0000-000000000019', 'd0000000-0000-0000-0000-000000000047', '나비엄마', '아기 행거', '포장 그대로 있어요. 선물용으로도 좋아요!', 'furniture', 15000, NULL, 35.2350, 128.8914, 'available', now() + interval '20 days'),
  ('ba000000-0000-0000-0000-000000000020', 'd0000000-0000-0000-0000-000000000083', '단호박맘', '아기띠 침받이 세트', '6개월 사용했어요. 사용감 있지만 기능 이상 없어요.', 'baby_gear', 5000, NULL, 35.1595, 126.8435, 'available', now() - interval '24 days'),
  ('ba000000-0000-0000-0000-000000000021', 'd0000000-0000-0000-0000-000000000044', '파랑새맘', '아기 양말 세트 나눔', '잘 소독해서 보내드릴게요 💕 무료 나눔이에요!', 'clothing', 0, NULL, 36.3489, 127.3802, 'available', now() - interval '124 days'),
  ('ba000000-0000-0000-0000-000000000022', 'd0000000-0000-0000-0000-000000000005', '초코파이맘', '촉감 블록 세트', '1년 사용, 전체적으로 깨끗해요. 직거래 희망!', 'toys', 18000, NULL, 36.8087, 127.1119, 'available', now() + interval '28 days'),
  ('ba000000-0000-0000-0000-000000000023', 'd0000000-0000-0000-0000-000000000060', '씩씩이맘', '분유 포트', '사용감 약간 있지만 기능은 완벽해요!', 'feeding', 20000, NULL, 35.8683, 128.6061, 'available', now() + interval '104 days'),
  ('ba000000-0000-0000-0000-000000000024', 'd0000000-0000-0000-0000-000000000002', '별이엄마', '좌식 의자', '출산 선물로 받았는데 겹쳐서 내놔요. 미개봉이에요!', 'furniture', 28000, NULL, 37.2337, 127.1777, 'available', now() + interval '3 days'),
  ('ba000000-0000-0000-0000-000000000025', 'd0000000-0000-0000-0000-000000000063', '아기곰맘', '아기 가방 (외출용)', '2년 사용했지만 상태 좋아요. 사진 참고해주세요.', 'baby_gear', 12000, NULL, 33.4980, 126.5223, 'available', now() + interval '163 days'),
  ('ba000000-0000-0000-0000-000000000026', 'd0000000-0000-0000-0000-000000000015', '사랑이네', '아기 수영복', '박스 포함, 부품 다 있어요. 설명서도 드려요!', 'clothing', 8000, NULL, 35.8242, 127.1536, 'available', now() + interval '137 days'),
  ('ba000000-0000-0000-0000-000000000027', 'd0000000-0000-0000-0000-000000000047', '나비엄마', '자석 낚시 장난감', '아기가 커서 안 쓰게 됐어요 ㅠ 잘 쓰실 분 연락주세요!', 'toys', 7000, NULL, 36.3600, 127.3851, 'available', now() - interval '173 days'),
  ('ba000000-0000-0000-0000-000000000028', 'd0000000-0000-0000-0000-000000000011', '포근한이불', '보틀워머', '출산 선물로 받았는데 겹쳐서 내놔요. 미개봉이에요!', 'feeding', 15000, NULL, 37.5632, 126.9867, 'available', now() + interval '51 days'),
  ('ba000000-0000-0000-0000-000000000029', 'd0000000-0000-0000-0000-000000000066', '진주엄마', '아기 책장', '우리 아기가 좋아했어요! 추천합니다 ㅎㅎ', 'furniture', 40000, NULL, 35.8229, 127.1473, 'available', now() - interval '126 days'),
  ('ba000000-0000-0000-0000-000000000030', 'd0000000-0000-0000-0000-000000000059', '달콤이맘', '유모차 발싸개', '포장 그대로 있어요. 선물용으로도 좋아요!', 'baby_gear', 10000, NULL, 35.1874, 129.0793, 'available', now() - interval '87 days')
ON CONFLICT (id) DO NOTHING;


-- ────────────────────────────────────────────────
-- 완료 메시지
-- ────────────────────────────────────────────────
DO $$
DECLARE
  user_cnt INTEGER;
  post_cnt INTEGER;
  comment_cnt INTEGER;
  review_cnt INTEGER;
  market_cnt INTEGER;
  feed_cnt INTEGER;
  gather_cnt INTEGER;
  like_cnt INTEGER;
  gp_cnt INTEGER;
  gpost_cnt INTEGER;
BEGIN
  SELECT COUNT(*) INTO user_cnt FROM auth.users WHERE email LIKE 'seed%@dodam.app';
  SELECT COUNT(*) INTO post_cnt FROM posts WHERE id::text LIKE 'a0000000%';
  SELECT COUNT(*) INTO comment_cnt FROM comments WHERE id::text LIKE 'c0000000%';
  SELECT COUNT(*) INTO review_cnt FROM reviews WHERE id::text LIKE 'ac000000%';
  SELECT COUNT(*) INTO market_cnt FROM market_items WHERE id::text LIKE 'ab000000%';
  SELECT COUNT(*) INTO feed_cnt FROM town_feed WHERE id::text LIKE 'f0000000%';
  SELECT COUNT(*) INTO gather_cnt FROM town_gatherings WHERE id::text LIKE 'b0000000%';
  SELECT COUNT(*) INTO like_cnt FROM post_likes WHERE id::text LIKE 'e0000000%';
  SELECT COUNT(*) INTO gp_cnt FROM gathering_participants WHERE id::text LIKE 'ad000000%';
  SELECT COUNT(*) INTO gpost_cnt FROM gathering_posts WHERE id::text LIKE 'ae000000%';

  RAISE NOTICE 'Community seed v2 complete!';
  RAISE NOTICE '  Users: %', user_cnt;
  RAISE NOTICE '  Posts: %', post_cnt;
  RAISE NOTICE '  Comments: %', comment_cnt;
  RAISE NOTICE '  Reviews: %', review_cnt;
  RAISE NOTICE '  Market items: %', market_cnt;
  RAISE NOTICE '  Town feed: %', feed_cnt;
  RAISE NOTICE '  Gatherings: %', gather_cnt;
  RAISE NOTICE '  Likes: %', like_cnt;
  RAISE NOTICE '  Gathering participants: %', gp_cnt;
  RAISE NOTICE '  Gathering posts: %', gpost_cnt;
END $$;
